-- phpMyAdmin SQL Dump
-- version 4.7.9
-- https://www.phpmyadmin.net/
--
-- Host: 127.0.0.1
-- Generation Time: 21-Ago-2018 às 01:17
-- Versão do servidor: 10.1.31-MariaDB
-- PHP Version: 7.2.3

SET SQL_MODE = "NO_AUTO_VALUE_ON_ZERO";
SET AUTOCOMMIT = 0;
START TRANSACTION;
SET time_zone = "+00:00";


/*!40101 SET @OLD_CHARACTER_SET_CLIENT=@@CHARACTER_SET_CLIENT */;
/*!40101 SET @OLD_CHARACTER_SET_RESULTS=@@CHARACTER_SET_RESULTS */;
/*!40101 SET @OLD_COLLATION_CONNECTION=@@COLLATION_CONNECTION */;
/*!40101 SET NAMES utf8mb4 */;

--
-- Database: `fastsalon_prod`
--

-- --------------------------------------------------------

--
-- Estrutura da tabela `admins`
--

CREATE TABLE `admins` (
  `idAdmin` int(11) NOT NULL,
  `nome` varchar(100) COLLATE utf8_unicode_ci DEFAULT NULL,
  `email` varchar(250) COLLATE utf8_unicode_ci DEFAULT NULL,
  `senha` varchar(20) COLLATE utf8_unicode_ci DEFAULT NULL,
  `ativo` tinyint(1) DEFAULT '0'
) ENGINE=MyISAM DEFAULT CHARSET=utf8 COLLATE=utf8_unicode_ci;

--
-- Extraindo dados da tabela `admins`
--

INSERT INTO `admins` (`idAdmin`, `nome`, `email`, `senha`, `ativo`) VALUES
(7, 'Felipe Moura', 'felipe@fastsalon.com.br', 'lipao21092017', 1);

-- --------------------------------------------------------

--
-- Estrutura da tabela `agendamento`
--

CREATE TABLE `agendamento` (
  `idAgendamento` int(10) UNSIGNED NOT NULL,
  `idServico` int(10) UNSIGNED NOT NULL,
  `idProfissional` int(10) UNSIGNED DEFAULT NULL,
  `idCliente` int(10) UNSIGNED NOT NULL,
  `dataHora` datetime DEFAULT NULL,
  `tempoLimite` datetime DEFAULT NULL,
  `cep` int(8) DEFAULT NULL,
  `logradouro` varchar(200) DEFAULT NULL,
  `numero` int(10) DEFAULT NULL,
  `complemento` varchar(200) DEFAULT NULL,
  `bairro` varchar(100) DEFAULT NULL,
  `cidade` varchar(100) DEFAULT NULL,
  `uf` char(2) DEFAULT NULL,
  `pago` tinyint(3) DEFAULT '1',
  `chave` varchar(100) DEFAULT NULL,
  `latitude` decimal(10,6) DEFAULT NULL,
  `longitude` decimal(10,6) DEFAULT NULL,
  `situacao` int(3) DEFAULT '0',
  `nota` int(1) DEFAULT NULL,
  `confirmCliente` tinyint(1) DEFAULT '0',
  `confirmProfissional` tinyint(1) DEFAULT '0',
  `observacao` text,
  `cupom` varchar(20) CHARACTER SET utf8 COLLATE utf8_unicode_ci DEFAULT NULL,
  `valor` decimal(10,2) DEFAULT NULL,
  `tokenCartao` varchar(500) CHARACTER SET utf8 COLLATE utf8_unicode_ci DEFAULT NULL,
  `cancelamentoProfissional` tinyint(1) DEFAULT '0',
  `desconto` decimal(10,2) DEFAULT '0.00',
  `valorReal` decimal(10,2) DEFAULT NULL,
  `idPagamentoMoip` varchar(16) DEFAULT NULL,
  `motivoCancelamento` text,
  `dataCancelamento` datetime DEFAULT NULL,
  `inicio` datetime DEFAULT NULL,
  `fim` datetime DEFAULT NULL,
  `idPedidoMoip` varchar(16) DEFAULT NULL,
  `nomeCartao` varchar(60) DEFAULT NULL,
  `dataAceito` datetime DEFAULT NULL,
  `ultimosDigitos` varchar(4) DEFAULT NULL,
  `motivoNaoRealizado` text,
  `statusPedido` varchar(45) DEFAULT NULL,
  `statusPagamento` varchar(45) DEFAULT NULL
) ENGINE=InnoDB DEFAULT CHARSET=latin1;

--
-- Extraindo dados da tabela `agendamento`
--

INSERT INTO `agendamento` (`idAgendamento`, `idServico`, `idProfissional`, `idCliente`, `dataHora`, `tempoLimite`, `cep`, `logradouro`, `numero`, `complemento`, `bairro`, `cidade`, `uf`, `pago`, `chave`, `latitude`, `longitude`, `situacao`, `nota`, `confirmCliente`, `confirmProfissional`, `observacao`, `cupom`, `valor`, `tokenCartao`, `cancelamentoProfissional`, `desconto`, `valorReal`, `idPagamentoMoip`, `motivoCancelamento`, `dataCancelamento`, `inicio`, `fim`, `idPedidoMoip`, `nomeCartao`, `dataAceito`, `ultimosDigitos`, `motivoNaoRealizado`, `statusPedido`, `statusPagamento`) VALUES
(393, 36, 158, 8, '2018-03-03 14:00:00', '2018-03-03 15:30:00', 41710790, 'Bombeiro Eliezer Alexandrino', 178, 'apto 103', 'Boca do Rio', 'Salvador', 'BA', 1, 'B4D25', '-12.971426', '-38.426079', 3, 5, 1, 1, '', '', '39.90', '', 0, '0.00', '39.90', 'PAY-RMV1DEV91ZQ9', NULL, NULL, '2018-03-03 14:03:18', '2018-03-03 14:38:23', 'ORD-WULMO8ZPW26X', 'Rafael da Mata Neri', '2018-03-02 20:24:39', '6510', NULL, 'PAID', 'AUTHORIZED'),
(394, 39, 131, 8, '2018-03-07 10:00:00', '2018-03-07 11:30:00', 1153000, 'Vitorino Carmilo', 90, '', 'Barra Funda', 'São Paulo', 'SP', 0, '70F38', '-23.535700', '-46.649287', 6, NULL, 0, 0, '', 'FASTSALON21', '31.92', '', 0, '7.98', '39.90', 'PAY-F7ZF31EUZR0D', 'Erro ao processar pagamento.', NULL, NULL, NULL, 'ORD-EJBR9UAKXT17', 'Rafael da Mata Neri', '2018-03-07 00:15:30', '4580', NULL, 'CREATED', 'CANCELLED'),
(395, 39, 131, 8, '2018-03-07 12:00:00', '2018-03-07 13:30:00', 1153000, 'Vitorino Carmilo', 90, '', 'Barra Funda', 'São Paulo', 'SP', 0, '68E74', '-23.535700', '-46.649287', 6, NULL, 0, 0, '', 'FASTSALON20', '31.92', '', 0, '7.98', '39.90', 'PAY-MMFQZ3RMBV5J', 'O serviço não foi alterado o status nem pelo profissional e nem pelo cliente', '2018-03-07 15:00:01', NULL, NULL, 'ORD-F5M37DRMFTOB', 'Rafael da Mata Neri', '2018-03-07 00:38:32', '6510', NULL, 'CREATED', 'IN_ANALYSIS'),
(396, 37, NULL, 114, '2018-03-23 09:30:00', '2018-03-23 11:30:00', 41650195, 'da Gratidão', 232, '', 'Piatã ', 'Salvador', 'BA', 0, 'B94A6', '-12.937569', '-38.383643', 6, NULL, 0, 0, '\n\n\nfavor chegar no horário, apartamento 803 torre B\n\n', '', '48.90', '', 0, '0.00', '48.90', NULL, 'O serviço não foi aceito por nenhum profissional durante o período', '2018-03-23 10:03:42', NULL, NULL, NULL, 'Maria c s suarez', NULL, '7840', NULL, NULL, NULL),
(397, 36, 62, 8, '2018-05-06 10:30:00', '2018-05-06 12:00:00', 41710790, 'Bombeiro Eliezer Alexandrino', 178, 'Apto 103', 'Boca do Rio', 'Salvador', 'BA', 0, '8079B', '-12.971206', '-38.425400', 5, NULL, 0, 0, '', '', '34.90', '', 0, '0.00', '34.90', 'PAY-WZ28XU0Q4E76', 'Emprevisto com filho ', '2018-05-06 09:45:32', NULL, NULL, 'ORD-UP5LMHRFUQZ0', 'Maria Joana da Mata Neri', '2018-05-04 19:46:21', '8156', NULL, 'NOT_PAID', 'CANCELLED'),
(398, 36, NULL, 9, '2018-05-05 09:30:00', '2018-05-05 11:00:00', 40270210, 'Santa Maria Goretti', 1, '', 'Vila Laura', 'Salvador', 'BA', 0, 'E3AEA', '-12.972211', '-38.487760', 6, NULL, 0, 0, '', 'TESTE20', '27.92', '', 0, '6.98', '34.90', NULL, 'O serviço não foi aceito por nenhum profissional durante o período', '2018-05-05 10:00:02', NULL, NULL, NULL, 'Ana Cristina M Neri ', NULL, '9960', NULL, NULL, NULL),
(399, 37, 62, 96, '2018-05-05 19:30:00', '2018-05-05 21:30:00', 41830260, 'Maranhão', 420, 'Vilas do Mar, 1404', 'Pituba', 'Salvador', 'BA', 1, '0F539', '-13.006663', '-38.465337', 3, 5, 1, 0, '', '', '44.90', '', 0, '0.00', '44.90', 'PAY-XX1YR4UH02ZA', NULL, NULL, '2018-05-05 19:38:42', NULL, 'ORD-XNHTQMKYJMTS', 'Rafaela Lima R Lyra', '2018-05-05 17:22:34', '1913', NULL, 'PAID', 'AUTHORIZED'),
(400, 36, NULL, 8, '2018-05-06 09:00:00', '2018-05-06 10:30:00', 41710790, 'Bombeiro Eliezer Alexandrino', 178, 'Apto 103', 'Boca do Rio', 'Salvador', 'BA', 0, '0E088', '-12.971206', '-38.425400', 6, NULL, 0, 0, '', '', '34.90', '', 0, '0.00', '34.90', NULL, 'O serviço não foi aceito por nenhum profissional durante o período', '2018-05-06 09:30:02', NULL, NULL, NULL, 'Maria J da M Neri', NULL, '8156', NULL, NULL, NULL),
(401, 37, NULL, 156, '2018-05-12 17:00:00', '2018-05-12 19:00:00', 41900390, 'das Ubaranas', 163, 'Casa. Na rua do Centro Espírita Paulo Estevão', 'Amaralina', 'Salvador', 'BA', 0, '225CA', '-13.009976', '-38.468156', 6, NULL, 0, 0, '', 'DIADASMAES', '35.92', '', 0, '8.98', '44.90', NULL, 'O serviço não foi aceito por nenhum profissional durante o período', '2018-05-12 17:30:02', NULL, NULL, NULL, 'DANIEL AMARAL SOUZA', NULL, '3851', NULL, NULL, NULL),
(402, 36, NULL, 8, '2018-05-26 12:30:00', '2018-05-26 14:00:00', 41710790, 'Bombeiro Eliezer Alexandrino', 178, 'Apto 103', 'Boca do Rio', 'Salvador', 'BA', 0, 'F7E5F', '-12.971206', '-38.425400', 6, NULL, 0, 0, '', '', '34.90', '', 0, '0.00', '34.90', NULL, 'O serviço não foi aceito por nenhum profissional durante o período', '2018-05-26 13:00:01', NULL, NULL, NULL, 'Maria J da M Neri', NULL, '8156', NULL, NULL, NULL),
(403, 37, NULL, 155, '2018-05-27 09:30:00', '2018-05-27 11:30:00', 41750166, 'Rodolpho Coelho Cavalcante', 166, 'Ap 2406 Torre A', 'Armação', 'Salvador', 'BA', 0, '7C0E1', '-12.980296', '-38.441083', 6, NULL, 0, 0, '', '', '44.90', '', 0, '0.00', '44.90', NULL, 'O serviço não foi aceito por nenhum profissional durante o período', '2018-05-27 10:00:01', NULL, NULL, NULL, 'CECILIA O SANTOS', NULL, '4150', NULL, NULL, NULL),
(404, 61, 209, 184, '2018-07-11 10:00:00', '2018-07-11 12:00:00', 40231250, 'Cardeal da Silva', 310, 'EDF. MURANTE DA CARDEAL', 'Federação', 'Salvador', 'BA', 0, 'D2AFC', '-12.998687', '-38.504757', 6, NULL, 0, 0, '', '', '45.00', '', 0, '0.00', '45.00', 'PAY-WNF6PZX6X8N1', 'O serviço não foi alterado o status nem pelo profissional e nem pelo cliente', '2018-07-11 10:30:02', NULL, NULL, 'ORD-3HC446K404MT', 'Andrei Lobão de Góes Filho', '2018-07-10 18:38:46', '4846', NULL, 'CREATED', 'IN_ANALYSIS'),
(405, 61, 209, 184, '2018-07-11 13:30:00', '2018-07-11 15:30:00', 40231250, 'Cardeal da Silva', 310, 'EDF. MIRANTE DA CARDEAL', 'Federação', 'Salvador', 'BA', 1, 'CA52C', '-12.998687', '-38.504757', 3, 5, 1, 0, '', '', '45.00', '', 0, '0.00', '45.00', 'PAY-QM91CQB0RLYY', NULL, NULL, '2018-07-11 13:57:14', NULL, 'ORD-UEFTM5KMKA3A', 'Andrei Lobão de Góes Filho', '2018-07-11 10:34:55', '4846', NULL, 'PAID', 'AUTHORIZED'),
(406, 37, NULL, 8, '2018-07-14 15:00:00', '2018-07-14 17:00:00', 40270550, 'Nilson Costa', 367, 'Apto 301 joana', 'Vila Laura', 'Salvador', 'BA', 0, '3F629', '-12.968559', '-38.492091', 4, NULL, 0, 0, 'O Cliente cancelou 14/07/2018 11:12:30\n\n---------Serviço será realizado para Joana. ', '', '44.90', '', 0, '0.00', '44.90', NULL, 'SOLICITAÇÃO CLIENTE', '2018-07-14 11:12:30', NULL, NULL, NULL, 'Maria J da M Neri', NULL, '8156', NULL, NULL, NULL);

-- --------------------------------------------------------

--
-- Estrutura da tabela `auth_token`
--

CREATE TABLE `auth_token` (
  `idauth_token` int(11) NOT NULL,
  `token` varchar(32) DEFAULT NULL,
  `date` datetime DEFAULT NULL
) ENGINE=MyISAM DEFAULT CHARSET=latin1;

--
-- Extraindo dados da tabela `auth_token`
--

INSERT INTO `auth_token` (`idauth_token`, `token`, `date`) VALUES
(402, '9584c690bbe9ecee0ebec1ad9d85aa7a', '2018-01-27 19:08:00'),
(403, 'b49a5db9eccda3401484f838a8199ddc', '2018-01-27 19:23:08'),
(404, 'a8c16f1e7a081529b2a4ddec9daeadab', '2018-01-27 20:51:18'),
(405, 'eb38d3e64db80d595fa86df358b1c5bc', '2018-01-27 21:08:51'),
(406, '88f6457317f63f3ad396659c0c515e72', '2018-01-27 21:23:44'),
(407, '47f5fa5df30ca32eab3d5a164c8138ec', '2018-01-27 21:24:07'),
(408, 'dcd6e64ea953525a6630406b80db03ec', '2018-01-27 22:59:04'),
(409, 'a1c4e6febd26a43ef00799c3372096cc', '2018-01-28 13:09:17'),
(410, '46461328f02a286dc4a4cfe272bd06ee', '2018-01-29 17:12:37'),
(411, '6764e2e8bb115df2ec21ebb7c338aa54', '2018-01-29 18:11:34'),
(412, '764d2cb801e403f432b2a3fc4a87e744', '2018-01-29 19:28:21'),
(413, '69989dc06f00c98e4557a2e6d71dcba4', '2018-01-29 19:46:22'),
(414, 'c8a41a9ba32ee863c0cced1409ecc05a', '2018-01-29 19:50:59'),
(415, 'fe7008b959b80299bb602f47120b9969', '2018-01-29 20:02:51'),
(417, 'a85e304f459b941b8bd7dd5166c0841e', '2018-01-29 22:54:51'),
(418, '31db1a24bf2eb1e3b3e80c5c766db0ef', '2018-01-30 01:26:26'),
(419, 'cdc5bbb3339fd311fe206d98480bc958', '2018-01-30 01:27:00'),
(420, '416c07f966891eba5fd7558050d01821', '2018-01-30 01:27:37'),
(421, 'bfe8178cee31bd5cc2de6d1a5fcac276', '2018-01-30 01:42:12'),
(422, '6b3255c3438b7a44a8c351b336fd091d', '2018-01-30 10:35:43'),
(424, '2b16c5452a161cd429400af16f1845f0', '2018-01-30 16:33:55'),
(426, '3f1a33175b85c7cf8d42038550e6897f', '2018-01-30 21:05:15'),
(431, 'f4f95930850528ad5f34fc58d227d701', '2018-02-02 02:00:58'),
(429, '4d2546746aafdb44e7e9b1ac9f083e63', '2018-01-31 14:34:29'),
(430, '0aad7177604e6a2e683347e5288cc0bd', '2018-02-01 00:41:00'),
(432, 'bd27a9fc308692b38a06456e16a3b0e9', '2018-02-02 02:32:49'),
(433, '5c076a629694f789dcabe2aa5ee2de19', '2018-02-04 11:04:29'),
(434, '5418350266e8054356922946302cfafc', '2018-02-04 11:09:08'),
(437, '4881349901c95301bbdea81b41fb3615', '2018-02-09 14:23:14'),
(436, '3ab9edf53ee4661ebbce0b3edcf74f97', '2018-02-07 16:39:31'),
(438, '7130e364ae8641ef7ea9f27a14700976', '2018-02-09 20:47:01'),
(439, 'e48a78a3561d65fee47cb769c2b2b2b8', '2018-02-09 21:05:37'),
(440, '508d6686fdc2e12d3c92717dd59da5f4', '2018-02-09 23:33:44'),
(441, 'b8dc883ef8d35db06a5f26b1cade4622', '2018-02-10 10:02:55'),
(442, '39602863d4673916307ab5b3e9b5ed32', '2018-02-10 23:18:05'),
(443, 'c121100585b26050f996fc113e6f7afb', '2018-02-11 19:15:29'),
(446, 'b14f995dae957acd4f46c6a992bf2871', '2018-02-12 01:45:37'),
(447, 'f289682c59362cb01904841dade49d9d', '2018-02-12 11:47:56'),
(448, '598657ebe9fb948075d940c205c8963c', '2018-02-12 12:42:03'),
(451, 'a356517c387016fec40e8e599afa96c8', '2018-02-12 17:03:38'),
(452, '03d733d159c182fdfb9a72772d300973', '2018-02-12 17:05:20'),
(453, '00f93cbcff3d40410cb83627550977e8', '2018-02-12 17:07:54'),
(454, 'fee8bc09b5fe2a0b2c52f1afc78eb985', '2018-02-12 17:10:11'),
(456, 'd44c9eba77963176ab293b30bd26ecef', '2018-02-12 17:18:07'),
(465, '76476f31802adc2927076b8da8aa402f', '2018-02-13 11:04:03'),
(464, 'a2419ca539e9240fa1b97e5cd8a528b3', '2018-02-13 11:02:36'),
(467, '428e91d2b2736340ddabef615a81303d', '2018-02-13 15:13:09'),
(468, 'e063ca2c01cd9049fa0d68e647609aef', '2018-02-13 21:20:16'),
(469, '2f55ee909a4ac18b7b100d9186fef089', '2018-02-13 21:30:40'),
(470, 'aab9221ed41d136c6d7838a0e7ef2d44', '2018-02-14 11:27:23'),
(472, '83e523a5166521f56522ba8f4f278b1c', '2018-02-14 12:36:39'),
(473, '6b8500b3017ed85e1b593576ccdc200f', '2018-02-14 12:42:01'),
(484, 'e3e090e08bb0f521e51f24e3143d29be', '2018-02-17 09:59:09'),
(481, 'b28b2b04d8d12a1f9e89fd6ccb581c58', '2018-02-14 20:28:09'),
(483, 'a849a08c8003f6923dfccc05c835d853', '2018-02-15 12:33:03'),
(485, '260b3195ab0ced8112db882c1c4a122d', '2018-02-17 21:34:24'),
(486, '6fcaafe05c73732faddaf827828a95c0', '2018-02-20 01:31:24'),
(487, '5a435106659e0f9c395fd53b79539565', '2018-02-20 09:24:36'),
(488, '74f3f780e267d8bb23085789a3f973ad', '2018-02-20 16:18:17'),
(489, '29c9ef4421922054f8a985085b3c6c87', '2018-02-20 21:44:44'),
(490, 'b04c2422e4882f0601cb7ce290ee4389', '2018-02-21 11:31:00'),
(491, 'f198977f3729d3aab2f14203d086d123', '2018-02-21 11:44:58'),
(492, '92f78afd2661a91b4c9d8a2c45d2e044', '2018-02-22 08:54:43'),
(493, '39564c220b8280b44189717a407a65df', '2018-02-22 10:06:28'),
(494, '5489671535bfb4370bc6b4b3565e21cb', '2018-02-22 13:24:30'),
(495, 'd5e0f63c66b89a6a39e0dee455d46162', '2018-02-22 15:53:10'),
(496, 'b4dda0d53d654483cc6489b0a968adcd', '2018-02-22 17:00:30'),
(497, '70f5b022e27ffc2b3d2448309745197d', '2018-02-22 17:01:32'),
(498, '060e01c92841d0ba37947dcb6eddabe3', '2018-02-22 21:49:47'),
(499, 'a1160115a0c00efb4405b10bdfe2e9bd', '2018-02-23 09:01:44'),
(500, '2aee3651ffe6b49f835742e39ce244cb', '2018-02-23 18:33:08'),
(501, 'f95030c8591e08ff56088386e3b72d29', '2018-02-23 18:58:57'),
(502, 'ea6633af15cf009beeeb6a10a6021d50', '2018-02-23 18:31:26'),
(503, '23b8b8a9101e811700bb8f23c656dfae', '2018-02-23 20:09:15'),
(504, '224617891d2f7ee8981e4666f202bd4a', '2018-02-23 21:27:44'),
(505, 'a008df56b4712e3e0fb655eee095985b', '2018-02-23 20:39:13'),
(506, '5f56335efdb34acd3a0fcc0bf2b76ea8', '2018-02-23 22:13:31'),
(507, '3d47683ce2ded20abff28076140859b4', '2018-02-23 23:20:08'),
(508, '7fdcd2b8e532e9ea70b6b51acbef4a21', '2018-02-24 00:13:24'),
(509, 'fa4036e877f2b24b21d220ce66d64240', '2018-02-24 01:14:26'),
(510, '75384d1335ac7875ffd9d9dd2f5ccb63', '2018-02-24 09:00:19'),
(511, 'c06457720647fc5c08838847d5c39faa', '2018-02-24 09:27:39'),
(512, 'e65d4ba2d474f90db3a4c51fa669470e', '2018-02-24 11:47:52'),
(513, 'c723f70e11dd6a7f97bc1175457081a6', '2018-02-25 08:59:28'),
(514, '7b38f56a0ab54af5bce7eed018e75e7d', '2018-02-25 09:52:18'),
(515, '87184d9e30e71bc11c5371c92cadf182', '2018-02-25 13:21:19'),
(516, 'b027835d6d9f025b07d993d59d145d38', '2018-02-25 17:34:10'),
(517, '9b83d5854e5e4f33fbd4d1d8e94e44d9', '2018-02-26 10:06:45'),
(518, '4c46a1dd54c0dd466aaf26aa87748407', '2018-02-26 10:31:39'),
(519, 'c24e4bc89a386327301b11422ad91ed0', '2018-02-26 12:56:16'),
(520, '84005669aecdbe7a8dfde068111022bf', '2018-02-26 17:32:16'),
(521, '26b6de5bc1540eda6459181554ed1b98', '2018-02-26 21:55:37'),
(522, '46b94b1c4c6333ce047cee39d2ec23b0', '2018-02-27 16:47:04'),
(523, 'b986d88601efa857698d2d046468f813', '2018-02-27 17:08:12'),
(524, 'fa71e8d63243b67306d66c17500bb799', '2018-02-27 17:12:17'),
(525, '4a22f8cb2feb129f7756c785ab33004d', '2018-02-27 17:35:37'),
(526, 'a80506a7b6c08738251832cfa9b0a8c4', '2018-02-27 22:07:56'),
(527, 'b8b8ef127ade00d7eaca0fafeb4fc241', '2018-02-28 08:39:28'),
(528, 'aaee944c3573c03708070879ec92ea5f', '2018-02-28 08:54:22'),
(529, '85c711f48ed1af9efd520cd02581659b', '2018-02-28 10:48:46'),
(530, 'a814837aa1f33027bdbca47b67c67640', '2018-02-28 21:07:23'),
(531, 'f11e8ecd4887bd37c0c836902a658f33', '2018-03-01 07:59:15'),
(532, '3613f045d62c9a5e73c5ecb88a2803b9', '2018-03-01 10:48:31'),
(533, '1f263b6f2ff2016bba0e03e809df61ca', '2018-03-01 11:26:17'),
(534, '10d07bfb2b356855f9b690beec03a5e1', '2018-03-01 11:26:53'),
(535, '38e8a64cffd6f5a2506725acb4afa357', '2018-03-01 12:29:46'),
(536, '92c1bc5b6979ca528c0cb47aee93653f', '2018-03-01 13:04:19'),
(537, 'c8a71393781e71975fe6cdce2c078461', '2018-03-01 12:42:00'),
(538, '07522bf0dc6e2dfb7b49c3601eaa62c4', '2018-03-01 15:18:46'),
(539, '3be5dc1ea2171be0dd3acf1b447675af', '2018-03-01 19:13:22'),
(578, 'abbd4a70e21f7f578ef70f77398bcf60', '2018-03-05 23:34:18'),
(541, '4dc1db8637c56521c0b01cbaadacdb1f', '2018-03-02 17:04:38'),
(542, '46404eebd3ecb1d26233655b4c918ec3', '2018-03-02 17:17:43'),
(543, '2b485d38be49ed434cf3569ef597b213', '2018-03-02 17:44:27'),
(544, '80b0f4e89555167cbc29e4e55a26239c', '2018-03-02 18:13:39'),
(545, 'a00c63482df60f2428ab5ef92630b88a', '2018-03-02 18:39:39'),
(546, 'e9851db063afb51588293957f5490fb9', '2018-03-02 19:49:53'),
(547, '11cbcb757199dbbdbffd34152f780307', '2018-03-02 19:02:54'),
(548, '56008bf5ef8c13e33c41c8ee1bf3ee1e', '2018-03-02 19:23:47'),
(549, '0fbb020d7aa9278cdfe73846ac739745', '2018-03-02 19:41:10'),
(550, '6d144e965863eecf8ac84190d59a2cc0', '2018-03-02 19:42:02'),
(551, '8c52bdfe932f23eb6dcf97a3fdfa1f48', '2018-03-02 19:43:13'),
(552, '6035f8ba4736d2d9fb388f64b749c1a0', '2018-03-02 20:08:16'),
(553, '85514df44d55c2f00271bcf4a0bb96f4', '2018-03-02 21:16:23'),
(554, '11bba7e1223ec7f1354990c932a1a82a', '2018-03-02 21:26:13'),
(555, '87154e7fe5ccdf618b9954a2cbc24d74', '2018-03-02 22:18:09'),
(556, '9f62998f908f36c10b76a1a65fe06d3e', '2018-03-02 22:18:54'),
(557, 'bed7c2c0a9c0d97584864319c2911e9a', '2018-03-02 22:44:18'),
(558, '884989708bcd58dcbe4f9df3f46469c2', '2018-03-03 09:53:54'),
(559, '82a49b1dc7b22ffe1093b4b5ee3f1aba', '2018-03-03 11:43:38'),
(560, '5956d337b20ce54b36c4564e236f0a5b', '2018-03-03 12:25:45'),
(561, 'bcc53cfec789446d3cb301ff694b5ad2', '2018-03-03 17:18:44'),
(562, '1857ba1ce2bad1228d5d34b9e9e92542', '2018-03-03 17:40:49'),
(734, '586982ad7e98ace737bd6491d351253e', '2018-06-24 23:36:17'),
(565, 'eeae23e81eb5fab553bf7a9088ec36a4', '2018-03-03 18:53:37'),
(566, 'b77c8bd2cef48373b833fc19514e9d98', '2018-03-03 21:01:29'),
(567, 'e336ff5c25fba6551b6a3139eaace947', '2018-03-03 22:18:36'),
(568, 'f04dc4b7a56dde1b912943d73df4e4c1', '2018-03-04 16:09:12'),
(569, 'ae905af1d02d233b4d9c2d1cdde6323c', '2018-03-04 21:00:38'),
(570, 'b78735879a78af883512e2c522dd2838', '2018-03-05 11:55:49'),
(571, '32532c38a5bb6ed32e9277c030c2ea2c', '2018-03-05 14:13:51'),
(572, '0d077ea93146d5b1636bbc0803eb712b', '2018-03-05 14:18:55'),
(573, 'de87b8452a4451bf56c2b5828f47a412', '2018-03-05 15:32:33'),
(574, '11f281e8b9edb700bd66ded2b77bb502', '2018-03-05 18:13:41'),
(575, 'ad42488dacc479c5c515eea55ed4bfed', '2018-03-05 18:15:44'),
(576, '5e1bb1f866fb35ab43271a5ea89df0a5', '2018-03-05 18:21:54'),
(577, '50c1f1ab5cc1d76945ece7979b6cb7de', '2018-03-05 20:00:58'),
(579, '7bb686ed740e7725e11bfdaf9f163e36', '2018-03-06 10:52:36'),
(580, '536914bd9d024533b5f919fc162d791b', '2018-03-06 10:56:53'),
(581, 'e3f74da7c2359cbedf67109c1bc71eb0', '2018-03-06 11:39:21'),
(582, 'fc3c2b52c9639756582089de229427c9', '2018-03-06 15:41:36'),
(583, 'd9b24910538c98154a54c9f5985ceaf3', '2018-03-06 23:59:50'),
(584, 'd7c8a30553c6a9be199a6a176473a702', '2018-03-07 00:15:22'),
(585, 'ca926814e3f75c9cc65c94a71891f4d0', '2018-03-07 00:33:01'),
(586, '70ff7d6605de64f8a46adb0df695a861', '2018-03-07 09:23:57'),
(587, '9608ce7c3e9486487951e2f88ea3b564', '2018-03-07 12:34:55'),
(588, 'f55058d3a45092faac3a015e575d6e67', '2018-03-07 17:49:59'),
(589, '4941b609d915d9333b360328f01ce118', '2018-03-07 19:22:23'),
(590, '3094007945fb7c9cb96b21a15b45c079', '2018-03-08 13:19:01'),
(591, 'cc1cff015a04511ea9bb08b04b36e684', '2018-03-08 19:50:52'),
(592, 'bab74a391bed9681223118e4c393a9db', '2018-03-09 02:09:07'),
(593, '65f547bcfa3494ba1a714630cb6b6be9', '2018-03-09 13:51:07'),
(595, 'b797778a028189a07d9abf9298a62147', '2018-03-10 01:43:50'),
(596, '44484c6eeb226fe286f7b0d95c2b0787', '2018-03-10 00:54:33'),
(614, 'f4234c629a2c6dee775da94dc0820817', '2018-03-22 14:18:33'),
(598, '8350be2f4f68513643c52780713265a0', '2018-03-11 22:06:11'),
(599, 'aa9716d7a345292138d58640ffcb5855', '2018-03-12 10:14:42'),
(667, '53308315b66b7832d4bebdcd4f17d6ed', '2018-04-30 18:45:17'),
(601, '41b90c8fbe7533b101e9db8cd95c4c4d', '2018-03-12 14:23:36'),
(602, 'f80f70e34ab10cca5556d703030db0c4', '2018-03-13 16:11:39'),
(603, '1c836766d71a77a2a206234668c50b57', '2018-03-13 22:44:11'),
(604, '03a61c774446bba70d23588d4cbe1731', '2018-03-14 17:07:26'),
(605, '181f87fec34a88415f52b6d553313a78', '2018-03-15 12:20:54'),
(606, '63f48d04771902e9c5aa8d942ae75ea8', '2018-03-16 10:23:48'),
(607, '96c928612e5c03e60c8f48f29e96b264', '2018-03-18 03:37:09'),
(608, 'c4cc568376a869fafeba66b3e5e7a9b3', '2018-03-18 08:06:33'),
(609, '5e355b2e08612648d82d8dd24c58e06c', '2018-03-18 13:04:40'),
(610, 'c8cc99f3231067c47b07bb0d2a0bf24a', '2018-03-18 13:39:14'),
(611, 'fa09120d7c4af433845f119dcbd6783f', '2018-03-22 09:21:43'),
(613, 'bf5c04ff63934b6083ed6de0218c624a', '2018-03-22 09:27:45'),
(615, 'c27c8d83fcff2cafed8d9d5af5a6cbf0', '2018-03-22 18:09:21'),
(655, 'a4c0b9095a268e32b302b11dc67f19c1', '2018-04-19 23:10:51'),
(617, 'fa37121de2aa6f3827f29b37a8a81384', '2018-03-23 11:14:22'),
(618, 'fec1a6735db62647871522f1ba673dee', '2018-03-23 11:14:27'),
(619, '9c99d9f10902224165ba399caa54c487', '2018-03-23 14:13:43'),
(620, '81c14947bca795ed7997e9eedf6fc1d2', '2018-03-23 23:59:11'),
(622, '15e6e6366972d5fc49b2e96c2a072286', '2018-03-26 10:33:19'),
(623, '0beb687d98c4ffab73ccb1859d2b94eb', '2018-03-26 10:51:48'),
(624, '42a58ed7cf66e7b775b173f5712e0339', '2018-03-26 10:52:36'),
(625, '281753650065c104f92430015be431ef', '2018-03-26 10:55:18'),
(626, '23bc0ad318284b05a3ee2201628638f3', '2018-03-26 12:42:13'),
(627, '3e7540c994304d779785f083714ae2ed', '2018-03-26 14:04:24'),
(628, 'c7e8f7d2f28cd4e52a4b7ba9377c4e0c', '2018-03-26 19:48:00'),
(629, '862593b28205c192fc3a05af74b70ef1', '2018-03-26 21:06:55'),
(630, 'c4d3f11160b0b8b0d973e699718840a9', '2018-03-27 10:45:20'),
(631, 'cb0fd06f62442d631e91ddd2c74fb321', '2018-03-27 22:53:08'),
(632, 'a31c755fbf0390f0c4cca9f4cec3ad94', '2018-03-27 22:41:56'),
(633, '7c303b6a506daead03b2d69edc0d9ba0', '2018-03-28 12:31:56'),
(636, '2386065fc1f81eef8fbaad8788aad20c', '2018-03-30 22:47:19'),
(637, '65fe9e69031832b29561fab5180f153c', '2018-03-30 22:47:55'),
(638, 'f04e895a7faf8f53f908916a2d490dda', '2018-04-01 20:53:48'),
(639, '4809007564d9bc6131146c1fe08bdd94', '2018-04-02 09:33:48'),
(640, '37a83b2486cbac3c962a991d134db2a9', '2018-04-02 21:45:27'),
(641, 'fd07a366b62df3db4d92f4d81b44b96f', '2018-04-03 11:49:47'),
(642, '9a7d7f4847e8b7e7b1283cb039f92dcb', '2018-04-04 15:08:50'),
(643, 'ab1cfaed535f4200db069e50b1aa5cf3', '2018-04-04 16:10:50'),
(644, '9ff91c94c24ed39cc396063f9c7f1e75', '2018-04-04 15:21:23'),
(645, '17649b3437fe906796fdd9932089036d', '2018-04-05 14:50:55'),
(646, 'dde2330549d61a534205b31a28088b22', '2018-04-11 05:16:08'),
(647, 'e52c991a9145a643677567a47f7b8626', '2018-04-14 09:00:13'),
(648, '8025a621824b6a602a8c2d702f93d70e', '2018-04-16 00:13:49'),
(650, '0564eb99eb5ac9456d62662ffd49c89a', '2018-04-16 17:34:08'),
(652, '98909dbba853b58a0acc39d7dc500d0e', '2018-04-17 15:21:56'),
(653, '42208eedb4e9d137ddec031f627e735e', '2018-04-17 18:22:44'),
(654, '761bb80253be63b3fd69d5c93d42c70c', '2018-04-18 18:37:52'),
(656, '4b9a9e176edbac919791b889823b8d9d', '2018-04-20 11:21:10'),
(657, '8d51efcb762fb5f02cc21405654ea77e', '2018-04-20 15:31:52'),
(659, '98ca5f8be6f3381279f99f0c150736cf', '2018-04-20 22:26:51'),
(660, '61ceea481ec6c3c9b0d1fee5d9c79265', '2018-04-21 13:44:04'),
(661, '5ddb855443eddc5b61a93ebda1bf8e4e', '2018-04-23 17:26:47'),
(662, 'ecc7ee68395e7782afaf0a9f2b7c025a', '2018-04-24 14:22:35'),
(663, 'fd0481f15615bfea8b10b660fa9ed41a', '2018-04-25 13:25:21'),
(664, '9198702561a04bad72c4ece7b267faeb', '2018-04-25 13:25:33'),
(665, 'dee97efae904b597cc50b33247b032ef', '2018-04-25 13:26:09'),
(666, 'e97cb962bfe99e69f85c46382471787f', '2018-04-25 13:27:49'),
(669, '2d8715761fb1176e405ced4969391fc6', '2018-05-01 21:03:58'),
(670, 'bcd63cc8026b80c1875266001619acb3', '2018-05-01 21:30:30'),
(671, '9512ee7d626925fa8d15f01147965f66', '2018-05-01 22:49:46'),
(672, 'd5019a0b93e03574158f4251e0655c84', '2018-05-03 09:35:43'),
(673, '58212e575ee97acea3ddbb19c533cb78', '2018-05-03 09:40:00'),
(674, '3cc166a61457ca0d8f7eeb82ed5b6767', '2018-05-04 17:12:24'),
(675, '26d2752937154293e737dd775af306be', '2018-05-04 19:40:08'),
(676, 'cd3fe3528f2912b2a0d8e0010fd82b7d', '2018-05-04 19:41:56'),
(677, 'b19da70b2ea1d740de7afebdc082e73f', '2018-05-04 20:15:28'),
(678, '7b087544ec256379a36216257e1e75bb', '2018-05-04 21:27:24'),
(679, '54b803d1cb1b21e714244611ac951045', '2018-05-05 17:22:14'),
(680, 'ffe1983ed6a22f7c861876a846ac75ef', '2018-05-05 21:01:55'),
(681, '95bcac1b10b6e18d00668a2083e1d987', '2018-05-06 01:54:25'),
(682, '9aaab24ceaa54ab1221893800c302ab2', '2018-05-10 13:35:22'),
(683, '4490e5633d44167b9bb0b792b02d8e8b', '2018-05-11 14:51:54'),
(684, '7bfea48243a572f666cef2332bcb52b3', '2018-05-11 16:38:25'),
(685, 'a0c6daf1e336e5891bfdbc473a35df29', '2018-05-11 20:16:32'),
(686, 'bd757795d92f45c68607d367ea53d833', '2018-05-12 03:04:25'),
(687, 'c0a1ff392ed3494f91a20d1f87dd42b2', '2018-05-12 08:06:58'),
(688, '32fde642adfb5a0bc3356813b7ca3572', '2018-05-14 10:06:42'),
(690, '103d94b48727081021cedb794c6cc7e3', '2018-05-16 00:17:30'),
(691, '65af06f28e408ba6d7baf2de3e2c42b8', '2018-05-16 00:17:36'),
(692, 'e52327b63195db4d502c2099bfbb5a46', '2018-05-17 13:14:54'),
(693, 'a6eda87dab8cb3fc821ce08a443df67c', '2018-05-17 13:51:00'),
(694, 'ac57ce26598535bdc2a480a9b319a467', '2018-05-17 14:48:41'),
(695, '1418fd4faa3e50c7e1293871364ba794', '2018-05-18 18:04:56'),
(696, '58403956c1c88901cb0f17802eaab0e4', '2018-05-18 22:33:05'),
(697, 'e1016d1ac578b9502cf65153a862a91c', '2018-05-19 15:05:41'),
(698, '0e6fd4eb85aed83a7d259a780aeef730', '2018-05-22 19:42:57'),
(699, '860b99cb5d6d89d205000c2eb827c9e1', '2018-05-23 10:35:42'),
(700, '27e0cf39262199bab171410a283feb4a', '2018-05-25 18:51:19'),
(701, '38506d17acca871178ab1c82e2b8aa4b', '2018-05-25 23:56:15'),
(702, 'd6559bdeaef028042fc038568f43e1e0', '2018-05-27 11:31:41'),
(703, '6146477088a00f80f2a7eaa24a054e4b', '2018-05-28 19:05:36'),
(704, '62ccda03886def344b0d89d18f8685a1', '2018-05-30 09:46:54'),
(705, '8865e055fbc22f104b2fc8f8c96efda1', '2018-05-30 09:47:01'),
(706, '4d42ed52fe842ec23447b6c0129c9a21', '2018-05-30 09:47:07'),
(707, 'c977a6fbda8838d5814435434b87f17d', '2018-05-30 09:47:44'),
(708, '2ed2bd4d76e7c65dfaed25b0818b199d', '2018-05-30 09:48:40'),
(709, '39b4dbda1eb65afb0810d42690f2859c', '2018-06-02 01:01:39'),
(710, 'b93498668b03bce3e9bab58e1dbc1340', '2018-06-07 16:06:32'),
(713, 'c97048229ac45ad53da0c297a49b12bb', '2018-06-08 16:51:39'),
(715, '751e79a6fbc63a6fbfd5cd6b7d40c545', '2018-06-12 19:17:35'),
(716, 'ae188dfdc64b25043c37c60222ec0a05', '2018-06-12 19:19:22'),
(717, 'de2d26f6100d282a4cabc9bd8f887036', '2018-06-13 20:31:13'),
(718, '6fcb5d89905fc61c9472614e9df39c12', '2018-06-13 21:16:48'),
(719, '72ab5841a0d43f8fdb7b05d754f44dba', '2018-06-13 21:38:34'),
(720, 'e9ae95fefc4316fbad1411e28bb7df36', '2018-06-13 22:22:26'),
(721, '9f72c03b903d9ebbaa4f6a2fd7d5a7ea', '2018-06-13 22:37:20'),
(722, 'b4657f868dc43d4ce0fa5e8e42fb8dde', '2018-06-13 23:01:19'),
(723, '6226ade538c856817c9b127431519d93', '2018-06-14 01:20:37'),
(724, '82636465aa9c731cf787e7c15850a2c5', '2018-06-14 01:21:14'),
(725, '75b5ce8fff23af15ce27863ec35ceefa', '2018-06-14 14:00:31'),
(726, 'ef49c95f4a02026e127fcf455d5e7baf', '2018-06-14 14:31:34'),
(727, 'f6e6dbfc68f45a5d8bbbed796caef794', '2018-06-14 14:42:10'),
(728, 'c0f0f5ede776d3e59d244261a490a1b4', '2018-06-14 15:54:56'),
(729, '3c525e9b8dec3e12b85b2844768ba6f8', '2018-06-14 18:04:43'),
(730, 'd26446b717e5103fd246ba532f2fa81e', '2018-06-15 15:54:13'),
(731, '75f0905ffc58d3b7d8879186c0c2c5f7', '2018-06-19 21:18:12'),
(733, '2e0dcd2481235b2708d87c6e7ebfed20', '2018-06-21 12:07:22'),
(735, '4c56c632dff208d3d2241da37743945e', '2018-06-25 00:52:47'),
(736, 'e7c7e8106ef038cbd6dffab0c291ac02', '2018-06-25 16:12:33'),
(737, '95b064372db63467258dcb37093ed149', '2018-06-25 22:17:18'),
(738, '18288a97c3dab57a10d5e85458f1ec9f', '2018-06-28 21:56:01'),
(739, 'b8b6e3863229c6d69354e0832844823a', '2018-06-29 01:29:01'),
(740, 'cfeed93045bd819672b241e4a47798b2', '2018-07-01 17:10:42'),
(741, '01319833de5c250f25fa135fa73b7cc4', '2018-07-02 00:00:45'),
(742, '0796051b3829309bee83ea90b238fb2f', '2018-07-02 21:53:44'),
(743, '028dcd05483696e0a97e8c0443011525', '2018-07-03 06:42:16'),
(744, '036b26824fc71502492c6b3bfb4bde9e', '2018-07-03 23:11:47'),
(745, '335ae44b026fc13a8f0459b8c7e58d1e', '2018-07-05 11:29:25'),
(746, 'ace12ff45bb21094ca5bfa20e86dee07', '2018-07-06 07:50:53'),
(747, '0cca1d79d062c64ec095b1c5d7d1b036', '2018-07-06 11:07:20'),
(748, '94dc0ecb9e5dbb63f300455caa9d26f0', '2018-07-06 21:18:42'),
(763, '386fc2117479d1af0c9e0a9f0d86fea6', '2018-07-18 18:34:29'),
(752, '3f281ce4e2b3801a623b8633c665a5b0', '2018-07-08 15:20:03'),
(753, 'cd8cd5c384fefc86aee1013acf7d8591', '2018-07-09 14:15:26'),
(754, 'c1431c0b251341686ee85b0765b4f27e', '2018-07-09 17:30:05'),
(755, '2f713f83632e2b5aa0a299cbf7cd11c7', '2018-07-11 18:54:06'),
(756, '92574eb669f86f4d51927018847882ee', '2018-07-13 09:03:31'),
(757, 'fcb1c7732c97584508f5612149d5c762', '2018-07-13 12:54:10'),
(758, '0d6ae3d595b429349ec15dfe4b6b4ca0', '2018-07-14 12:26:08'),
(759, 'c6d4b7a4b152a3f6d51ef967e9dca625', '2018-07-14 19:46:41'),
(760, '0dc2b4a678813e35d68907cee68f19c1', '2018-07-15 04:23:50'),
(761, 'a14f95c77fc34f7540e73ea976e2c594', '2018-07-15 07:53:56'),
(762, '62df367632555add5702fd8d41b2bd56', '2018-07-15 10:33:30'),
(764, '101b6c0a8bc9cef78afb900437f2dcaa', '2018-07-23 17:55:24'),
(765, 'e8a577e4856506845475e9c60d5c4909', '2018-07-23 22:19:07'),
(766, '93af60976a4ad2ce2b860f9eacae7dd4', '2018-07-23 22:42:34'),
(777, '645f7988c80870d1f62d667797b5e84b', '2018-07-31 21:38:47'),
(768, 'fc5431b5a06d7ba7095070a07bfb11de', '2018-07-25 11:43:43'),
(770, '4b6367589bf714f58181da76187f3d41', '2018-07-26 20:59:22'),
(771, '0b52c0c0c4c325f21976802e89af0cf1', '2018-07-27 11:56:34'),
(775, '6b42d25dbda6ea51689438a7135cb3eb', '2018-07-30 00:02:14'),
(778, 'ade4757767202e6ae45b7bffb6626572', '2018-08-01 07:27:35');

-- --------------------------------------------------------

--
-- Estrutura da tabela `bairros`
--

CREATE TABLE `bairros` (
  `idBairro` int(10) UNSIGNED NOT NULL,
  `idProfissional` int(10) UNSIGNED NOT NULL,
  `bairro` varchar(100) DEFAULT NULL
) ENGINE=MyISAM DEFAULT CHARSET=latin1;

-- --------------------------------------------------------

--
-- Estrutura da tabela `bank`
--

CREATE TABLE `bank` (
  `idBank` int(11) NOT NULL,
  `code` varchar(3) CHARACTER SET latin1 DEFAULT NULL,
  `name` varchar(255) CHARACTER SET latin1 DEFAULT NULL
) ENGINE=InnoDB DEFAULT CHARSET=utf8;

--
-- Extraindo dados da tabela `bank`
--

INSERT INTO `bank` (`idBank`, `code`, `name`) VALUES
(1, '001', 'Banco do Brasil S.A.'),
(2, '070', 'Banco de Brasília S.A.'),
(3, '136', 'Confederação Nacional das Cooperativas Centrais Unicred Ltda – Unicred do Brasil'),
(4, '104', 'Caixa Econômica Federal'),
(5, '077', 'Banco Inter S.A.'),
(6, '741', 'Banco Ribeirão Preto S.A.'),
(7, '739', 'Banco Cetelem S.A.'),
(8, '743', 'Banco Semear S.A.'),
(9, '100', 'Planner Corretora de Valores S.A.'),
(10, '096', 'Banco B3 S.A.'),
(11, '747', 'Banco Rabobank International Brasil S.A.'),
(12, '748', 'Banco Cooperativo Sicredi S. A.'),
(13, '752', 'Banco BNP Paribas Brasil S.A.'),
(14, '091', 'Central de Cooperativas de Economia e Crédito Mútuo do Est RS - Unicred'),
(15, '399', 'Kirton Bank S.A. - Banco Múltiplo'),
(16, '108', 'PortoCred S.A. Crédito, Financiamento e Investimento'),
(17, '756', 'Banco Cooperativo do Brasil S/A - Bancoob'),
(18, '757', 'Banco Keb Hana do Brasil S. A.'),
(19, '102', 'XP Investimentos Corretora de Câmbio Títulos e Valores Mobiliários S.A.'),
(20, '084', 'Uniprime Norte do Paraná - Cooperativa de Crédito Ltda.'),
(21, '180', 'CM Capital Markets Corretora de Câmbio, Títulos e Valores Mobiliários Ltda.'),
(22, '066', 'Banco Morgan Stanley S. A.'),
(23, '015', 'UBS Brasil Corretora de Câmbio, Títulos e Valores Mobiliários S.A.'),
(24, '143', 'Treviso Corretora de Câmbio S.A.'),
(25, '062', 'Hipercard Banco Múltiplo S.A.'),
(26, '074', 'Banco J. Safra S.A.'),
(27, '099', 'Uniprime Central – Central Interestadual de Cooperativas de Crédito Ltda.'),
(28, '025', 'Banco Alfa S.A.'),
(29, '075', 'Banco ABN Amro S.A.'),
(30, '040', 'Banco Cargill S.A.'),
(31, '190', 'Cooperativa de Economia e Crédito Mútuo dos Servidores Públicos Estaduais do Rio'),
(32, '063', 'Banco Bradescard S.A.'),
(33, '191', 'Nova Futura Corretora de Títulos e Valores Mobiliários Ltda.'),
(34, '064', 'Goldman Sachs do Brasil Banco Múltiplo S. A.'),
(35, '097', 'Cooperativa Central de Crédito Noroeste Brasileiro Ltda - CentralCredi'),
(36, '016', 'Coop de Créd. Mútuo dos Despachantes de Trânsito de SC e Rio Grande do Sul'),
(37, '012', 'Banco Inbursa S.A.'),
(38, '003', 'Banco da Amazônia S.A.'),
(39, '060', 'Confidence Corretora de Câmbio S.A.'),
(40, '037', 'Banco do Estado do Pará S.A.'),
(41, '159', 'Casa do Crédito S.A. Sociedade de Crédito ao Microempreendedor'),
(42, '172', 'Albatross Corretora de Câmbio e Valores S.A'),
(43, '085', 'Cooperativa Central de Crédito Urbano - Cecred'),
(44, '114', 'Central Cooperativa de Crédito no Estado do Espírito Santo - CECOOP'),
(45, '036', 'Banco Bradesco BBI S.A.'),
(46, '394', 'Banco Bradesco Financiamentos S.A.'),
(47, '004', 'Banco do Nordeste do Brasil S.A.'),
(48, '320', 'China Construction Bank (Brasil) Banco Múltiplo S/A'),
(49, '189', 'HS Financeira S/A Crédito, Financiamento e Investimentos'),
(50, '105', 'Lecca Crédito, Financiamento e Investimento S/A'),
(51, '076', 'Banco KDB do Brasil S.A.'),
(52, '082', 'Banco Topazio S.A.'),
(53, '093', 'Pólocred Sociedade de Crédito ao Microempreendedor e à Empresa de Pequeno Porte'),
(54, '273', 'Cooperativa de Crédito Rural de São Miguel do Oeste - Sulcredi/São Miguel'),
(55, '157', 'ICAP do Brasil Corretora de Títulos e Valores Mobiliários Ltda.'),
(56, '183', 'Socred S.A. - Sociedade de Crédito ao Microempreendedor'),
(57, '014', 'Natixis Brasil S.A. Banco Múltiplo'),
(58, '130', 'Caruana S.A. Sociedade de Crédito, Financiamento e Investimento'),
(59, '127', 'Codepe Corretora de Valores e Câmbio S.A.'),
(60, '079', 'Banco Original do Agronegócio S.A.'),
(61, '081', 'BBN Banco Brasileiro de Negocios S.A.'),
(62, '133', 'Confederação Nacional das Cooperativas Centrais de Crédito e Economia Familiar e'),
(63, '121', 'Banco Agibank S.A.'),
(64, '083', 'Banco da China Brasil S.A.'),
(65, '138', 'Get Money Corretora de Câmbio S.A.'),
(66, '024', 'Banco Bandepe S.A.'),
(67, '095', 'Banco Confidence de Câmbio S.A.'),
(68, '094', 'Banco Finaxis S.A.'),
(69, '118', 'Standard Chartered Bank (Brasil) S.A. Banco de Investimento'),
(70, '137', 'Multimoney Corretora de Câmbio Ltda'),
(71, '092', 'BRK S.A. Crédito, Financiamento e Investimento'),
(72, '047', 'Banco do Estado de Sergipe S.A.'),
(73, '144', 'Bexs Banco de Câmbio S.A.'),
(74, '126', 'BR Partners Banco de Investimento S.A.'),
(75, '173', 'BRL Trust Distribuidora de Títulos e Valores Mobiliários S.A.'),
(76, '119', 'Banco Western Union do Brasil S.A.'),
(77, '254', 'Parana Banco S. A.'),
(78, '268', 'Barigui Companhia Hipotecária'),
(79, '107', 'Banco Bocom BBM S.A.'),
(80, '412', 'Banco Capital S. A.'),
(81, '124', 'Banco Woori Bank do Brasil S.A.'),
(82, '149', 'Facta Financeira S.A. - Crédito Financiamento e Investimento'),
(83, '197', 'Stone Pagamentos S.A.'),
(84, '142', 'Broker Brasil Corretora de Câmbio Ltda.'),
(85, '389', 'Banco Mercantil do Brasil S.A.'),
(86, '184', 'Banco Itaú BBA S.A.'),
(87, '634', 'Banco Triângulo S.A.'),
(88, '545', 'Senso Corretora de Câmbio e Valores Mobiliários S.A.'),
(89, '132', 'ICBC do Brasil Banco Múltiplo S.A.'),
(90, '260', 'Nu Pagamentos S.A.'),
(91, '129', 'UBS Brasil Banco de Investimento S.A.'),
(92, '128', 'MS Bank S.A. Banco de Câmbio'),
(93, '194', 'Parmetal Distribuidora de Títulos e Valores Mobiliários Ltda.'),
(94, '163', 'Commerzbank Brasil S.A. - Banco Múltiplo'),
(95, '280', 'Avista S.A. Crédito, Financiamento e Investimento'),
(96, '146', 'Guitta Corretora de Câmbio Ltda.'),
(97, '182', 'Dacasa Financeira S/A - Sociedade de Crédito, Financiamento e Investimento'),
(98, '278', 'Geração Futuro Corretora de Valores S.A.'),
(99, '271', 'IB Corretora de Câmbio, Títulos e Valores Mobiliários Ltda.'),
(100, '021', 'Banestes S.A. Banco do Estado do Espírito Santo'),
(101, '246', 'Banco ABC Brasil S.A.'),
(102, '751', 'Scotiabank Brasil S.A. Banco Múltiplo'),
(103, '208', 'Banco BTG Pactual S.A.'),
(104, '746', 'Banco Modal S.A.'),
(105, '241', 'Banco Clássico S.A.'),
(106, '612', 'Banco Guanabara S.A.'),
(107, '604', 'Banco Industrial do Brasil S.A.'),
(108, '505', 'Banco Credit Suisse (Brasil) S.A.'),
(109, '196', 'Fair Corretora de Câmbio S.A.'),
(110, '300', 'Banco de la Nacion Argentina'),
(111, '477', 'Citibank N.A.'),
(112, '266', 'Banco Cédula S.A.'),
(113, '122', 'Banco Bradesco BERJ S.A.'),
(114, '376', 'Banco J. P. Morgan S. A.'),
(115, '473', 'Banco Caixa Geral - Brasil S.A.'),
(116, '745', 'Banco Citibank S.A.'),
(117, '120', 'Banco Rodobens SA'),
(118, '265', 'Banco Fator S.A.'),
(119, '007', 'Banco Nacional de Desenvolvimento Econômico e Social BNDES'),
(120, '188', 'Ativa Investimentos S.A. Corretora de Títulos Câmbio e Valores'),
(121, '134', 'BGC Liquidez Distribuidora de Títulos e Valores Mobiliários Ltda.'),
(122, '641', 'Banco Alvorada S.A.'),
(123, '029', 'Banco Itaú Consignado S.A.'),
(124, '135', 'Gradual Corretora de Câmbio, Títulos e Valores Mobiliários S.A.'),
(125, '243', 'Banco Máxima S.A.'),
(126, '078', 'Haitong Banco de Investimento do Brasil S.A.'),
(127, '111', 'Oliveira Trust Distribuidora de Títulos e Valores Mobiliários S.A.'),
(128, '017', 'BNY Mellon Banco S.A.'),
(129, '174', 'Pernambucanas Financiadora S.A. Crédito, Financiamento e Investimento'),
(130, '495', 'Banco de La Provincia de Buenos Aires'),
(131, '125', 'Brasil Plural S.A. Banco Múltiplo'),
(132, '488', 'JPMorgan Chase Bank, National Association'),
(133, '065', 'Banco AndBank (Brasil) S.A.'),
(134, '492', 'ING Bank N.V.'),
(135, '145', 'Levycam - Corretora de Câmbio e Valores Ltda.'),
(136, '250', 'BCV - Banco de Crédito e Varejo S/A'),
(137, '494', 'Banco de La Republica Oriental del Uruguay'),
(138, '253', 'Bexs Corretora de Câmbio S/A'),
(139, '269', 'HSBC Brasil S.A. Banco de Investimento'),
(140, '213', 'Banco Arbi S.A.'),
(141, '139', 'Intesa Sanpaolo Brasil S.A. - Banco Múltiplo'),
(142, '018', 'Banco Tricury S.A.'),
(143, '422', 'Banco Safra S.A.'),
(144, '630', 'Banco Intercap S.A.'),
(145, '224', 'Banco Fibra S.A.'),
(146, '600', 'Banco Luso Brasileiro S.A.'),
(147, '623', 'Banco Pan S.A.'),
(148, '204', 'Banco Bradesco Cartões S.A.'),
(149, '655', 'Banco Votorantim S.A.'),
(150, '479', 'Banco ItauBank S.A.'),
(151, '456', 'Banco MUFG Brasil S.A.'),
(152, '464', 'Banco Sumitomo Mitsui Brasileiro S.A.'),
(153, '341', 'Itaú Unibanco S.A.'),
(154, '237', 'Banco Bradesco S.A.'),
(155, '613', 'Omni Banco S.A.'),
(156, '652', 'Itaú Unibanco Holding S.A.'),
(157, '637', 'Banco Sofisa S. A.'),
(158, '653', 'Banco Indusval S. A.'),
(159, '069', 'Banco Crefisa S.A.'),
(160, '370', 'Banco Mizuho do Brasil S.A.'),
(161, '249', 'Banco Investcred Unibanco S.A.'),
(162, '318', 'Banco BMG S.A.'),
(163, '626', 'Banco Ficsa S. A.'),
(164, '366', 'Banco Société Générale Brasil S.A.'),
(165, '113', 'Magliano S.A. Corretora de Cambio e Valores Mobiliarios'),
(166, '131', 'Tullett Prebon Brasil Corretora de Valores e Câmbio Ltda.'),
(167, '011', 'Credit Suisse Hedging-Griffo Corretora de Valores S.A.'),
(168, '611', 'Banco Paulista S.A.'),
(169, '755', 'Bank of America Merrill Lynch Banco Múltiplo S.A.'),
(170, '089', 'Cooperativa de Crédito Rural da Região da Mogiana'),
(171, '643', 'Banco Pine S.A.'),
(172, '140', 'Easynvest - Título Corretora de Valores SA'),
(173, '707', 'Banco Daycoval S.A.'),
(174, '101', 'Renascença Distribuidora de Títulos e Valores Mobiliários Ltda.'),
(175, '487', 'Deutsche Bank S.A. - Banco Alemão'),
(176, '233', 'Banco Cifra S.A.'),
(177, '177', 'Guide Investimentos S.A. Corretora de Valores'),
(178, '633', 'Banco Rendimento S.A.'),
(179, '218', 'Banco BS2 S.A.'),
(180, '169', 'Banco Olé Bonsucesso Consignado S.A.'),
(181, '080', 'BT Corretora de Câmbio Ltda.'),
(182, '753', 'Novo Banco Continental S.A. - Banco Múltiplo'),
(183, '222', 'Banco Credit Agrícole Brasil S.A.'),
(184, '754', 'Banco Sistema S.A.'),
(185, '098', 'Credialiança Cooperativa de Crédito Rural'),
(186, '610', 'Banco VR S.A.'),
(187, '712', 'Banco Ourinvest S.A.'),
(188, '010', 'Credicoamo Crédito Rural Cooperativa'),
(189, '033', 'Banco Santander (Brasil) S. A.'),
(190, '217', 'Banco John Deere S.A.'),
(191, '041', 'Banco do Estado do Rio Grande do Sul S.A.'),
(192, '117', 'Advanced Corretora de Câmbio Ltda.'),
(193, '654', 'Banco A. J. Renner S.A.'),
(194, '212', 'Banco Original S.A.');

-- --------------------------------------------------------

--
-- Estrutura da tabela `banners`
--

CREATE TABLE `banners` (
  `idBanner` int(10) UNSIGNED NOT NULL,
  `titulo` varchar(100) DEFAULT NULL,
  `url` varchar(250) DEFAULT NULL,
  `target` varchar(20) DEFAULT NULL,
  `ativo` tinyint(1) DEFAULT NULL,
  `imagem` varchar(50) DEFAULT NULL
) ENGINE=MyISAM DEFAULT CHARSET=latin1;

-- --------------------------------------------------------

--
-- Estrutura da tabela `categorias`
--

CREATE TABLE `categorias` (
  `idCategoria` int(10) UNSIGNED NOT NULL,
  `categoria` varchar(50) DEFAULT NULL,
  `ativo` tinyint(1) DEFAULT '1',
  `capa` varchar(250) CHARACTER SET utf8 COLLATE utf8_unicode_ci DEFAULT NULL,
  `icon` varchar(250) DEFAULT NULL
) ENGINE=MyISAM DEFAULT CHARSET=latin1;

--
-- Extraindo dados da tabela `categorias`
--

INSERT INTO `categorias` (`idCategoria`, `categoria`, `ativo`, `capa`, `icon`) VALUES
(1, 'Unhas', 1, 'http://fastsalon.com.br/storage/20180129/29012018_28112017Unhas.jpg', 'finger-with-nail'),
(2, 'Depilação Feminina', 1, 'http://fastsalon.com.br/storage/20180127/27012018_28112017Depilacao.jpg', 'electric-shaver'),
(8, 'Cabelo', 1, 'http://fastsalon.com.br/storage/20180127/27012018_28112017Cabelos.jpg', 'open-hair-scissors'),
(4, 'Maquiagem', 1, 'http://fastsalon.com.br/storage/20180127/27012018_28112017Maquiagem.jpg', 'inclined-makeup-brush'),
(6, 'Corte Masculino & Barba', 1, 'http://fastsalon.com.br/storage/20180127/27012018_28112017CorteMasculino.jpg', 'hair-clipper'),
(16, 'Massagem', 1, 'http://fastsalon.com.br/storage/20180127/27012018_28112017Massagem.jpg', 'folded-towel');

-- --------------------------------------------------------

--
-- Estrutura da tabela `clientes`
--

CREATE TABLE `clientes` (
  `idCliente` int(10) UNSIGNED NOT NULL,
  `nome` varchar(100) DEFAULT NULL,
  `email` varchar(100) DEFAULT NULL,
  `senha` varchar(20) DEFAULT NULL,
  `cpf` char(11) DEFAULT NULL,
  `telefone` char(11) DEFAULT NULL,
  `celular` char(11) DEFAULT NULL,
  `sexo` tinyint(1) DEFAULT '0',
  `dataNascimento` date DEFAULT NULL,
  `cep` int(8) DEFAULT NULL,
  `logradouro` varchar(200) DEFAULT NULL,
  `numero` int(10) DEFAULT NULL,
  `complemento` varchar(200) DEFAULT NULL,
  `bairro` varchar(100) DEFAULT NULL,
  `cidade` varchar(100) DEFAULT NULL,
  `uf` char(2) DEFAULT NULL,
  `ativo` tinyint(1) DEFAULT '1',
  `facebook_id` int(30) DEFAULT NULL,
  `dataCadastro` timestamp NULL DEFAULT CURRENT_TIMESTAMP,
  `idMoip` varchar(16) NOT NULL,
  `rg` varchar(20) DEFAULT NULL,
  `orgaoExpedidor` varchar(10) DEFAULT NULL,
  `dataEmissao` date DEFAULT NULL
) ENGINE=MyISAM DEFAULT CHARSET=latin1;

--
-- Extraindo dados da tabela `clientes`
--

INSERT INTO `clientes` (`idCliente`, `nome`, `email`, `senha`, `cpf`, `telefone`, `celular`, `sexo`, `dataNascimento`, `cep`, `logradouro`, `numero`, `complemento`, `bairro`, `cidade`, `uf`, `ativo`, `facebook_id`, `dataCadastro`, `idMoip`, `rg`, `orgaoExpedidor`, `dataEmissao`) VALUES
(6, 'Camilla Raupp', 'camilla.raupp@hotmail.com', 'no_password', '83981420578', '7130187141', '11999198090', 1, '1987-12-12', 40140130, 'Avenida Oceânica', 1454, 'Apto 510B', 'Barra', 'Salvador', 'BA', 1, 0, '2017-10-21 00:11:31', 'CUS-TI601TE0NI9Y', '', '', '0000-00-00'),
(18, 'Michelle Matos', 'matosmichele@gmail.com', 'no_password', '01769568590', '7133012686', '71996480505', 1, '1985-02-09', 41680050, 'Rua Bicuíba', 1398, 'cond terrazzo salvador, apt 13, patamares', 'Patamares', 'Salvador', 'BA', 1, 0, '2017-12-04 18:29:19', 'CUS-E2EPCNRQZWU7', '', '', '0000-00-00'),
(8, 'Rafael da Mata Neri', 'rafael.neri@fastsalon.com.br', 'no_password', '01597619566', '7133896443', '71992601094', 0, '1983-03-01', 41710790, 'Rua Bombeiro Eliezer Alexandrino', 178, 'ap 103', 'Boca do Rio', 'Salvador', 'BA', 1, 0, '2017-10-22 22:36:03', 'CUS-1G3B577JYGR2', '', '', '0000-00-00'),
(9, 'ANA CRISTINA DA MATA NERI', 'nerianacris70@gmail.com', 'no_password', '50750348534', '7188164342', '71988164342', 1, '1970-01-29', 40270550, 'Rua Nilson Costa', 71, '', 'Vila Laura', 'Salvador', 'BA', 1, 0, '2017-10-31 01:05:54', 'CUS-K3KD8BTPGO0L', '', '', '0000-00-00'),
(11, 'Rafael da Mata', 'rafael@redsoftware.com.br', 'no_password', '15649912106', '7133896443', '71992601094', 0, '1983-03-01', 41710790, 'Rua Bombeiro Eliezer Alexandrino', 178, '', 'Boca do Rio', 'Salvador', 'BA', 1, 0, '2017-10-31 22:35:12', 'CUS-SM4BTJGUZ2YF', '', '', '0000-00-00'),
(17, 'Paula', 'paulabahia28@gmail.com', 'no_password', '05256051504', '7185140018', '', 1, '1989-09-15', 40760780, 'Rua Campos Sales', 13, 'Casa', 'Coutos', 'Salvador', 'BA', 1, 0, '2017-11-04 03:22:36', 'CUS-4IFT70I0HSV3', '', '', '0000-00-00'),
(76, 'Felipe Moura', 'felipeolivermoura@gmail.com', 'no_password', '08348382577', '71987323632', '71993173424', 0, '1997-01-29', 40325660, 'São Salvador', 90, 'CAsa', 'Liberdade', 'Salvador', 'BA', 1, NULL, '2018-01-29 23:33:07', 'CUS-NK2K9IXQPE9X', '72838238383', 'Ssp', NULL),
(75, 'Marcos Marcelo', 'rafael@fastsalon.com.br', 'no_password', '96151116194', '', '71992601094', 0, '1983-03-01', 41710790, 'Bombeiro Eliezer Alexandrino', 178, NULL, 'Boca do Rio', 'Salvador', 'BA', 1, NULL, '2018-01-29 22:50:59', 'CUS-DXOOCSIF8FIW', '07174584-07', 'SSP/BA', NULL),
(82, 'Ricardo  Castelo Branco', 'ricardocastelobranco02@gmail.com', 'no_password', '04741271501', '', '71999714021', 0, '1992-07-02', 41815190, 'Jardim Itaigara', 179, 'Apt 1101', 'Itaigara', 'Salvador', 'BA', 1, NULL, '2018-03-01 15:05:26', 'CUS-QZET42K8Z540', NULL, NULL, NULL),
(83, 'Arthur Grec', 'grec@2pontos.com', 'no_password', '00893984590', '71999149020', '71999149020', 0, '1983-04-07', 41701015, 'Alphaville ', 296, 'Apt 1002t3', 'Alphaville I ', 'Salvador', 'BA', 1, NULL, '2018-03-01 18:18:47', 'CUS-MD4ROIEPWS24', NULL, NULL, NULL),
(84, 'Carine Santos', 'carinesantos2907@gmail.com', 'no_password', '81724950568', '', '71988653263', 1, '1981-03-13', 41500660, 'Aliomar Baleeiro', 12, 'Ap 202 bloco 18', 'São Cristóvão', 'Salvador', 'BA', 1, NULL, '2018-03-03 14:43:38', 'CUS-PZWK49ZMQJ5F', NULL, NULL, NULL),
(85, 'Vanessa Leão Trocoli', 'vanessagleao@hotmail.com', 'no_password', '06489985500', '7130822124', '71999836714', 1, '1994-09-12', 40296200, 'Alameda dos Jasmins', 558, 'Apto 202 A', 'Candeal', 'Salvador', 'BA', 1, NULL, '2018-03-03 18:13:09', '', NULL, NULL, NULL),
(86, 'Milena Navarro', 'mileninhanavarro@hotmail.com', 'no_password', '98786970534', '71987624209', '71991379097', 1, '1979-11-16', 40279080, 'Teixeira Barros', 505, 'Bloco 6 Apto 1902', 'Parque Bela Vista', 'Salvador', 'BA', 1, NULL, '2018-03-03 20:18:44', 'CUS-RSPLNSVFG1O4', NULL, NULL, NULL),
(87, 'Claire', 'claire.araujo@hotmail.com', 'no_password', '00542410575', '7197101213', '71997101213', 1, '1982-04-15', 42700850, 'Rua Silvandir F Chaves', 2, NULL, 'Recreio Ipitanga', 'Lauro de Freitas', 'BA', 1, NULL, '2018-03-03 21:24:41', '', NULL, NULL, NULL),
(88, 'Raquel Napolião', 'raquel.napoliao@hotmail.com', 'no_password', '41944717846', '', '11976770301', 1, '1993-04-06', 2021030, 'Aluísio Azevedo', 279, 'Ap 74', 'Santana', 'São Paulo', 'SP', 1, NULL, '2018-03-03 21:31:12', 'CUS-8HND8DZUCXI5', NULL, NULL, NULL),
(89, 'Fernanda Guedes', 'nanda.sguedes@outlook.com', 'no_password', '01582104506', '', '71999401705', 1, '1984-05-17', 40285600, 'Mário Leal Ferreira', 430, 'Cond. Pedras do Vale, Edf. Rubi, Apto. 1204', 'Brotas', 'Salvador', 'BA', 1, NULL, '2018-03-03 21:46:11', 'CUS-07531T195S3M', NULL, NULL, NULL),
(90, 'Daniela  Lessa', 'danielaslessa@hotmail.com', 'no_password', '82278881515', '7121373830', '71981093117', 1, '1979-09-07', 41194035, 'Péricles Cardoso', 61, 'Torre B', 'Doron', 'Salvador', 'BA', 1, NULL, '2018-03-03 21:53:37', 'CUS-3P3O74S0G394', NULL, NULL, NULL),
(91, 'Ticiana Figueirêdo', 'ticianafig@gmail.com', 'no_password', '02200069545', '7130143608', '71992801222', 1, '1990-02-17', 41810011, 'Professor Magalhães Neto', 273, '503', 'Pituba', 'Salvador', 'BA', 1, NULL, '2018-03-04 00:01:29', 'CUS-BK0WIT26I3F5', NULL, NULL, NULL),
(92, 'Amanda Lucas', 'amanda.lucas15@hotmail.com', 'no_password', '06119576550', '7132339243', '71991152811', 1, '1994-10-06', 40270100, 'Arthur D\'Almeida Couto', 416, 'Apt 203 A', 'Vila Laura', 'Salvador', 'BA', 1, NULL, '2018-03-04 19:09:13', 'CUS-O5MB9BMPPROX', NULL, NULL, NULL),
(93, 'Raimunda Sousa', 'marcisousa@gmail.com', 'no_password', '64420310553', '7132570934', '71987242928', 1, '1961-01-22', 41291165, 'Ana Ariane', 201, 'Bl 87', 'Pirajá ', 'Salvador', 'BA', 1, NULL, '2018-03-05 00:00:38', 'CUS-VJ2I4RZOMUSV', NULL, NULL, NULL),
(94, 'Phablo Raylan', 'phabloraylan@gmail.com', 'no_password', '01608508510', '', '73981751609', 0, '1991-08-25', 41940450, 'Anita Garibaldi', 0, NULL, 'Rio Vermelho ', 'Salvador', 'BA', 1, NULL, '2018-03-05 21:21:54', 'CUS-J3JBDEPT9C9G', NULL, NULL, NULL),
(95, 'Ana  Paula', 'paula-pedro2011@hotmail.com', 'no_password', '81357494572', '71987031193', '71987031193', 1, '1983-05-11', 41200220, 'Santo Agostinho', 0, '60', 'Engomadeira', 'Salvador', 'BA', 1, NULL, '2018-03-06 13:56:53', 'CUS-SKGES8SFM4X6', NULL, NULL, NULL),
(96, 'Rafaela Lyra', 'rafaelalyra1@gmail.com', 'no_password', '06009359570', '', '71999898772', 1, '1993-12-11', 41820500, 'das Algarobas', 0, 'Casa 117', 'Caminho das Árvores', 'Salvador', 'BA', 1, NULL, '2018-03-06 18:41:37', 'CUS-YLQLIEF5KB0E', NULL, NULL, NULL),
(97, 'Sandi Gomes', 'sandygomes96@gmail.com', 'no_password', '03832572554', '', '71986184087', 1, '1998-08-11', 41100200, 'Fernando de Araújo Góes', 0, NULL, 'Pernambués', 'Salvador', 'BA', 1, NULL, '2018-03-07 18:31:21', 'CUS-DGCMYJVRB9R5', NULL, NULL, NULL),
(98, 'Rossano  Paz', 'rossanopaz@gmail.com', 'no_password', '01421252023', '', '71992705657', 0, '1986-03-25', 40140040, 'Barão de Sergy', 148, 'Ap 101', 'Barra', 'Salvador', 'BA', 1, NULL, '2018-03-08 16:19:02', 'CUS-69CU6VIE5G9P', NULL, NULL, NULL),
(99, 'Joceli Pacheco', 'joceli@kiweb.com.br', 'no_password', '83295496072', '', '51992536000', 0, '1988-12-21', 91120620, 'Professor Basil Sefton', 306, NULL, 'Sarandi', 'Porto Alegre', 'RS', 1, NULL, '2018-03-09 04:10:21', 'CUS-YDXI0J00EKUU', NULL, NULL, NULL),
(100, 'Mateus Santos', 'msmassoterapia@hotmail.com', 'no_password', '02116209552', '', '71988692936', 0, '1986-06-03', 40300570, 'da Glória', 10, NULL, 'Macaúbas', 'Salvador', 'BA', 1, NULL, '2018-03-10 03:44:05', 'CUS-7TFIF4RM2BKJ', NULL, NULL, NULL),
(101, 'Danubia Souza', 'danubiacsouza@yahoo.com.br', 'no_password', '21973084830', '11970433032', '11970433032', 1, '1981-04-09', 3738060, 'Domingos Menezes', 94, NULL, 'Vila Libanesa', 'São Paulo', 'SP', 1, NULL, '2018-03-12 01:06:12', 'CUS-PRBL6ZC6P5W0', NULL, NULL, NULL),
(102, 'Darlene Santos', 'darlenyjs@outlook.com', 'no_password', '00952892596', '71985108880', '71987653280', 1, '1984-08-29', 41210110, 'Nossa Senhora da Conceição', 0, 'Casa', 'Tancredo Neves', 'Salvador', 'BA', 1, NULL, '2018-03-12 16:36:54', 'CUS-R28J65A496QZ', NULL, NULL, NULL),
(103, 'victoria aguiar', 'vivi.gatissima@hotmail.com', 'no_password', '00421009179', '', '62981097575', 1, '1997-08-14', 74333215, 'Isa Lostraco', 0, 'qd 26 lt. 06', 'Jardim Planalto', 'Goiânia', 'GO', 1, NULL, '2018-03-12 17:23:36', 'CUS-J791UIKKOO3I', NULL, NULL, NULL),
(104, 'Carla Aguiar', 'carlaguiir_15@hotmail.com', 'no_password', '06520348538', '', '71987703812', 1, '1993-09-15', 41900340, 'Jânio Quadros', 13, NULL, 'Amaralina', 'Salvador', 'BA', 1, NULL, '2018-03-13 19:11:39', 'CUS-LMBOLLTHQ6F2', NULL, NULL, NULL),
(105, 'Alana Samara', 'samara.alana@gmail.com', 'no_password', '07575932917', '', '47999225423', 1, '1990-07-10', 41950495, 'Cardeal da Silva', 2312, NULL, 'Rio Vermelho', 'Salvador', 'BA', 1, NULL, '2018-03-14 01:44:11', 'CUS-1F7T3TWX26HC', NULL, NULL, NULL),
(106, 'Yasmine Peixoto', 'mine-oliveira@hotmail.com', 'no_password', '03189534551', '', '71987907599', 1, '1996-12-03', 41830490, 'Catânia', 306, NULL, 'Pituba', 'Salvador', 'BA', 1, NULL, '2018-03-14 20:07:26', 'CUS-920QFMXMX14K', NULL, NULL, NULL),
(107, 'Camilla Zurira', 'cgnobrega@hotmail.com', 'no_password', '27270079811', '', '11997688651', 1, '1978-08-29', 7111030, 'do Saboo', 306, 'Ap 61', 'Jardim Barbosa', 'Guarulhos', 'SP', 1, NULL, '2018-03-15 15:20:54', 'CUS-ZAJNE7N41TIX', NULL, NULL, NULL),
(108, 'Denise Bêribá', 'deniseberiba@hotmail.com', 'no_password', '29616409549', '7132404657', '71981119668', 1, '1962-06-26', 41830430, 'Santa Helena', 110, 'Edf mansão  D\'Almarvi', 'Pituba', 'Salvador', 'BA', 1, NULL, '2018-03-18 06:36:12', 'CUS-FV922LICAUR0', NULL, NULL, NULL),
(109, 'Karin Kirzner', 'kkirzner@gmail.com', 'no_password', '27527204591', '', '71999386776', 1, '1963-04-23', 40110150, 'Araújo Pinho', 421, 'Apt 703', 'Canela', 'Salvador', 'BA', 1, NULL, '2018-03-18 11:06:33', 'CUS-L0U8QC2CRUKB', NULL, NULL, NULL),
(110, 'Cariza  Cidreira ', 'carizaoliva@gmail.com', 'no_password', '81311664572', '7133794283', '71988117116', 1, '1976-01-20', 42707680, 'Praia de Mar Grande', 17, 'Lote', 'Vilas do Atlântico', 'Lauro de Freitas', 'BA', 1, NULL, '2018-03-18 16:04:40', 'CUS-01U3SHJQB75U', NULL, NULL, NULL),
(111, 'Alfredo Santos', 'alfredo.rosendo@hotmail.com', 'no_password', '29263441553', '', '71992924379', 0, '1964-02-09', 41720160, 'Vivenda do Imbuí', 0, '256A', 'Imbuí', 'Salvador', 'BA', 1, NULL, '2018-03-22 12:21:43', 'CUS-TUJ3MJ8FN0MY', NULL, NULL, NULL),
(112, 'Patricia  Argôlo ', 'psargolo@gmail.com', 'no_password', '76539857500', '', '71997025500', 1, '1974-12-29', 41180710, 'da Coruja', 159, 'Beco da Coruja ', 'Saboeiro', 'Salvador', 'BA', 1, NULL, '2018-03-22 12:24:16', 'CUS-G7QWJH487FI7', NULL, NULL, NULL),
(113, 'Andre Silva', 'abrs@outlook.com', 'no_password', '83443711553', '71982436488', '71982436488', 0, '1986-05-29', 41180710, 'da Coruja', 159, 'Segundo andar', 'Saboeiro', 'Salvador', 'BA', 1, NULL, '2018-03-22 17:18:33', 'CUS-WKUTKCS5WEVK', NULL, NULL, NULL),
(114, 'Maria Del Carmenl Dantas', 'dsscdm@hotmail.com', 'no_password', '30962692549', '7132130003', '7199884526', 1, '1963-06-29', 41650195, 'da Gratidão', 232, 'apto 803 torre B', 'Piatã ', 'Salvador', 'BA', 1, NULL, '2018-03-22 21:09:21', 'CUS-KKR0FL1AO6U7', NULL, NULL, NULL),
(115, 'Carla Reis', 'carlareis.massoterapia@gmail.com', 'no_password', '09590562701', '', '67996252014', 1, '1982-10-30', 40140110, 'Sete de Setembro', 3438, NULL, 'Barra', 'Salvador', 'BA', 1, NULL, '2018-03-23 17:13:43', 'CUS-F6XT4KZ554JV', NULL, NULL, NULL),
(116, 'CIZAINE PONTES DE ALMEIDA', 'cizaine36@gmail.com', 'no_password', '79334555572', '7132117418', '71985294641', 1, '1980-03-12', 41297310, 'Rua Orquídeas de Pirajá', 50, 'Quadra B', 'Pirajá ', 'Salvador', 'BA', 1, NULL, '2018-03-26 10:20:32', '', NULL, NULL, NULL),
(117, 'Monique  Silva', 'muxisilva@gmail.com', 'no_password', '02930956550', '', '71996426207', 1, '1985-08-26', 41680048, 'do Mangalô', 323, 'Ap 1401 edf terrazzi sul mare', 'Patamares ', 'Salvador', 'BA', 1, NULL, '2018-03-26 13:33:19', 'CUS-HT3I2JI71QJH', NULL, NULL, NULL),
(118, 'Patricia Goes', 'goesbp@gmail.com', 'no_password', '01191633578', '', '71988635584', 1, '1982-07-02', 41610670, 'Misael Tavares', 312, NULL, 'Itapuã', 'Salvador', 'BA', 1, NULL, '2018-03-26 13:51:48', 'CUS-SKTB5DSFMJRN', NULL, NULL, NULL),
(119, 'Denise Maria Souza', 'denise.mse@gmail.com', 'no_password', '94225818500', '', '71996433467', 1, '1977-01-23', 40170010, 'Oceânica', 2823, 'Bahia Sol e Mar Hotel', 'Ondina', 'Salvador', 'BA', 1, NULL, '2018-03-26 13:52:36', 'CUS-O99HTUVCDB4I', NULL, NULL, NULL),
(120, 'Claudia Lima', 'chacalzinha@hotmail.com', 'no_password', '67681921591', '71991874038', '71991874038', 1, '1974-02-02', 40296295, 'Monsenhor Antonio Rosa', 409, 'Apt 305', 'Candeal ', 'Salvador', 'BA', 1, NULL, '2018-03-26 13:55:18', 'CUS-T9R96IFOU86W', NULL, NULL, NULL),
(121, 'Barbara Moreira', 'barbarayone@hotmail.com', 'no_password', '07285215554', '', '71997340022', 1, '1998-05-25', 40760760, 'Setúbal', 62, NULL, 'Coutos', 'Salvador', 'BA', 1, NULL, '2018-03-26 15:42:13', 'CUS-1920VDQ8DHJ2', NULL, NULL, NULL),
(122, 'Jaqueline Silva', 'jaquedias27@gmail.com', 'no_password', '01301706582', '', '71991671476', 1, '1985-09-27', 41900020, 'Amaralina', 958, 'Apt 304, Edf.Ilha de Paquetá ', 'Amaralina', 'Salvador', 'BA', 1, NULL, '2018-03-26 17:04:24', 'CUS-YXILKVPA2N3S', NULL, NULL, NULL),
(123, 'Fabiana', 'fabianaalvescarvalho@ymail.com', 'no_password', '94231915504', '7199356274', '71993562743', 1, '1976-10-25', 41770160, 'Primeira Travessa Arnaldo Lopes da Silva', 219, 'Edf. Laguna Ville, ap 804, na rua da Escola Pingo de Gente', 'STIEP', 'Salvador', 'Ba', 1, NULL, '2018-03-26 20:11:13', '', NULL, NULL, NULL),
(124, 'ELIENE BRASIL GONCALVES', 'lnbrasilg@gmail.com', 'no_password', '79285058515', '7198284417', '71982844177', 1, '1981-05-01', 41388065, 'Travessa Santa Mônica', 7, 'Casa', 'Novo Marotinho ', 'Salvador', 'BA', 1, NULL, '2018-03-26 20:38:56', '', NULL, NULL, NULL),
(125, 'Magaly Souza', 'lidersom.magaly@gmail.com', 'no_password', '93904428500', '7133535144', '71985023177', 1, '1978-02-20', 41720100, 'das Patativas', 739, 'Ap 703 ', 'Imbuí', 'Salvador', 'BA', 1, NULL, '2018-03-26 22:48:00', 'CUS-8ZP3FS2FUT2G', NULL, NULL, NULL),
(126, 'Francine Santana', 'francyne.cp@hotmail.com', 'no_password', '06475638510', '7193073930', '71993073930', 1, '1994-12-16', 41950390, 'João Gonçalves Tourinho', 40, NULL, 'Rio Vermelho', 'Salvador', 'BA', 1, NULL, '2018-03-27 00:06:56', 'CUS-2TLFO1OSHV8S', NULL, NULL, NULL),
(127, 'Lázaro Costa', 'marcondes_lbc@hotmail.com.br', 'no_password', '05361568597', '7186050172', '7186050172', 0, '1992-08-10', 41650195, 'da Gratidão', 394, 'Rua pasguale fato ', 'Piatã ', 'Salvador', 'BA', 1, NULL, '2018-03-27 13:45:21', 'CUS-EV0BFEN5BZNL', NULL, NULL, NULL),
(128, 'Rafaella Paolinelli', 'rafinha12@hotmail.com', 'no_password', '96786140653', '', '31988622090', 1, '1990-12-22', 30360190, 'Plêiades', 375, 'Apto 201', 'Santa Lúcia', 'Belo Horizonte', 'MG', 1, NULL, '2018-03-28 02:40:31', 'CUS-YEFA8QLEZJCH', NULL, NULL, NULL),
(129, 'Joyce Moura Oliveira', 'joycemouraoliveira@yahoo.com.br', 'no_password', '79151760568', '', '71999920000', 1, '1980-01-02', 41720000, 'Professor João José Rescala', 198, 'Vila Anaití, Tamari, torre Jaborandi, ap 1005A ', 'Imbuí', 'Salvador', 'BA', 1, NULL, '2018-03-28 15:31:56', 'CUS-6EF7RLHMQEBK', NULL, NULL, NULL),
(130, 'Renata  Cordeiro ', 'renatadantasdabahia@hotmail.com', 'no_password', '81045948500', '72985251434', '71991906975', 1, '1983-05-13', 40100200, 'Prediliano Pitta', 129, 'Casa 2', 'Garcia', 'Salvador', 'BA', 1, NULL, '2018-03-28 15:52:43', 'CUS-0OUHZC2KIKT9', NULL, NULL, NULL),
(131, 'Lais Machado', 'laiswestmachado@gmail.com', 'no_password', '05604615501', '', '71988303491', 1, '1990-03-20', 41740090, 'Professor Pinto de Aguiar', 83, 'Apto 301', 'Pituaçu', 'Salvador', 'BA', 1, NULL, '2018-03-28 16:43:28', 'CUS-MO3LQ3N62KDY', NULL, NULL, NULL),
(132, 'Naila Almeida', 'nailalves@gmail.com', 'no_password', '02534961527', '', '71991826882', 1, '1988-01-10', 40230091, 'Garibaldi', 93, NULL, 'Federação', 'Salvador', 'BA', 1, NULL, '2018-03-31 01:47:19', 'CUS-086GOXZ437TK', NULL, NULL, NULL),
(133, 'André Schmid', 'ximid@hotmail.com', 'no_password', '02152733541', '', '71987841483', 0, '1986-03-01', 40110010, 'Marechal Floriano', 278, 'Apto 303', 'Canela', 'Salvador', 'BA', 1, NULL, '2018-03-31 01:47:55', 'CUS-75SZEA695IJ8', NULL, NULL, NULL),
(134, 'Valdo  Rocha', 'valdopromo@gmail.com', 'no_password', '04144432505', '', '11959668771', 0, '1990-03-10', 1223001, 'Marquês de Itu', 181, 'Apt 109', 'Vila Buarque', 'São Paulo', 'SP', 1, NULL, '2018-04-01 23:53:48', 'CUS-YIPFSDXZ4UY9', NULL, NULL, NULL),
(135, 'Ana verena Aquino', 'verena.producoes@gmail.com', 'no_password', '04588434586', '7132529503', '71986765518', 1, '1991-02-28', 41490350, 'Doutor Arthur Couto', 0, NULL, 'Mussurunga I ', 'Salvador', 'BA', 1, NULL, '2018-04-02 23:45:39', 'CUS-RD68ZBOZ24Q2', NULL, NULL, NULL),
(136, 'Flávia Costa da Silva', 'flavia98costa@hotmail.com', 'no_password', '86180794561', '7184490199', '71985172514', 1, '1998-05-20', 41308064, 'Rua Sandra Passarinho', 7, '', 'Palestina', 'Salvador', 'Ba', 1, 0, '2018-04-04 15:32:31', '', '', '', '0000-00-00'),
(137, 'Ádila Santos', 'adilapintosantos@gmail.com', 'no_password', '05227832528', '', '71992458444', 1, '1990-08-01', 41830380, 'Amazonas', 829, 'Ed. Cedro, Ap. 302 ', 'Pituba', 'Salvador', 'BA', 1, NULL, '2018-04-04 18:08:51', 'CUS-BTHZH9NOBPFR', NULL, NULL, NULL),
(138, 'Gabriela Deiró', 'gabideiro@hotmail.com', 'no_password', '77710576591', '7130114972', '71999216622', 1, '1990-07-05', 41820350, 'das Avencas', 53, '53', 'Caminho das Árvores', 'Salvador', 'BA', 1, NULL, '2018-04-04 18:11:03', 'CUS-OVN8K23YFJTC', NULL, NULL, NULL),
(139, 'JÚLIA TOBIAS', 'juliadesouza01@hotmail.com', 'no_password', '06851999595', '7187114744', '71987114744', 1, '1996-06-12', 42700160, 'Marise Rodrigues dos Santos Bahia', 279, 'Condomínio Ipitanga, Bloco 9, Apto 102', 'Recreio Ipitanga', 'Lauro de Freitas', 'BA', 1, NULL, '2018-04-04 18:21:23', 'CUS-DBSXEKYOC2ZD', NULL, NULL, NULL),
(140, 'Claudiana Flora', 'claudianaflora@gmail.com', 'no_password', '04327557480', '', '71993616040', 1, '1982-06-17', 40260001, 'Bandeirantes', 109, 'Casa 2 fundo', 'Matatu', 'Salvador', 'BA', 1, NULL, '2018-04-05 17:50:55', 'CUS-C7UZM9VSDF4Z', NULL, NULL, NULL),
(141, 'Eduarda  Gontijo ', 'dudaelisa24@gmail.com', 'no_password', '14505439607', '', '34999137034', 1, '2001-07-24', 38700001, 'Major Gote', 944, 'Ap 801', 'Centro', 'Patos de Minas', 'MG', 1, NULL, '2018-04-11 09:15:50', 'CUS-N227K4MNZG5D', NULL, NULL, NULL),
(142, 'Cassia  Neri', 'calzinba@me.com', 'no_password', '56419856515', '7135656009', '7191784243', 1, '1974-04-29', 41701015, 'Alphaville ', 296, 'Ed Carpe Diem ap 1002 Torre 3', 'Alphaville I ', 'Salvador', 'BA', 1, NULL, '2018-04-14 12:00:13', 'CUS-GB9OZCYWU831', NULL, NULL, NULL),
(143, 'william santana', 'will.santana@outlook.com.br', 'no_password', '05087190545', '', '71991420083', 0, '1993-04-29', 41322220, 'Tancredo Neves', 3, 'casa', 'Castelo Branco ', 'Salvador', 'BA', 1, NULL, '2018-04-16 03:13:50', 'CUS-2IA9DHQV18ZU', NULL, NULL, NULL),
(144, 'Rafaella Rodrigues', 'rafasr@hotmail.com', 'no_password', '37061920807', '', '14991043398', 1, '1989-09-23', 5089001, 'Guaipá', 49, '91', 'Vila Leopoldina', 'São Paulo', 'SP', 1, NULL, '2018-04-16 20:34:08', 'CUS-8CFYXZ1HSXLF', NULL, NULL, NULL),
(145, 'Rodrigo Cardoso Santana', 'rodrigocarol01@gmail.com', 'no_password', '05248340594', '7135500753', '71986849211', 0, '1997-03-10', 41120550, 'Jaciara', 44, NULL, 'Pernambués', 'Salvador', 'BA', 1, NULL, '2018-04-17 02:32:08', 'CUS-83MVN75IF8BS', NULL, NULL, NULL),
(146, 'Giullia Bolognese', 'giu.r.b@hotmail.com', 'no_password', '99713578287', '', '11988351146', 1, '1999-07-01', 1303000, 'Caio Prado', 363, 'Ap 513', 'Consolação', 'São Paulo', 'SP', 1, NULL, '2018-04-17 18:21:56', 'CUS-7UQ5LCY8CG8Y', NULL, NULL, NULL),
(147, 'Samiramis Sousa', 'samiramis.sousa@gmail.com', 'no_password', '04850107125', '', '61981818791', 1, '1995-12-31', 71015181, 'QI 18', 0, NULL, 'Guará I', 'Guará', 'DF', 1, NULL, '2018-04-17 20:23:06', 'CUS-FC9UDOEYD94W', NULL, NULL, NULL),
(148, 'Pedro  Goidanich', 'pedro.goida@gmail.com', 'no_password', '01049276078', '', '51991501114', 0, '1985-09-04', 90440190, 'Mariland', 704, '201', 'São João', 'Porto Alegre', 'RS', 1, NULL, '2018-04-20 01:11:15', 'CUS-4RX51BEP8V3Y', NULL, NULL, NULL),
(149, 'Bruno Trinchao', 'brunotrinchao@gmail.com', 'no_password', '01023644517', '', '07198794081', 0, '1983-04-17', 41260205, 'Mata Atlântica I (Cj M Atlântica I)', 0, NULL, 'Canabrava ', 'Salvador', 'BA', 1, NULL, '2018-04-20 18:31:52', 'CUS-T7J4MRFPFWPW', NULL, NULL, NULL),
(150, 'Walsingham Nascimento', 'walsinghamoliveir@gmail.com', 'no_password', '03044859506', '71986340355', '71986340355', 0, '1986-08-05', 41235520, 'São Luís', 4, '3tra são tomas', 'Pau da Lima', 'Salvador', 'BA', 1, NULL, '2018-04-21 03:24:26', 'CUS-E3P98V6SSZ65', NULL, NULL, NULL),
(151, 'Danielle Soares', 'dannizinhasoares@hotmail.com', 'no_password', '66898447300', '', '71982044072', 1, '1983-10-18', 40170180, 'Senta Pua', 303, 'Cond terrazzo ondina apto 305A', 'Ondina', 'Salvador', 'BA', 1, NULL, '2018-04-21 16:44:04', 'CUS-0L91HS943TB8', NULL, NULL, NULL),
(152, 'Julia Vergara', 'juliavergara26@gmail.com', 'no_password', '71054178119', '', '79981588538', 1, '1991-11-08', 40415130, 'Braz do Amaral', 0, NULL, 'Bonfim', 'Salvador', 'BA', 1, NULL, '2018-04-23 20:26:47', 'CUS-1KN6T1Q21DBD', NULL, NULL, NULL),
(153, 'Roberga Araujo', 'meneses.roberta@gmail.com', 'no_password', '07184037383', '', '61983028797', 1, '1999-03-09', 71909720, '13', 13, 'Cond Citta Bl E apto 803', 'Norte (Águas Claras)', 'Taguatinga', 'DF', 1, NULL, '2018-04-24 18:22:08', 'CUS-42XNYXC7ENYW', NULL, NULL, NULL),
(154, 'Anderson Souza', 'andersonsouzammn@gmail.com', 'no_password', '86085118511', '', '71997280412', 0, '1994-12-12', 41205070, 'Sergipe', 64, 'Casa', 'Tancredo Neves', 'Salvador', 'BA', 1, NULL, '2018-05-02 00:03:08', 'CUS-5XDHZYOJMEEN', NULL, NULL, NULL),
(155, 'Cecilia Villas Boas', 'cica.angra@gmail.com', 'no_password', '03196292525', '7130160356', '71991209698', 0, '1987-01-02', 41750166, 'Rodolpho Coelho Cavalcante', 162, 'Ap 2406 Torre A', 'Armação', 'Salvador', 'BA', 1, NULL, '2018-05-11 17:51:54', 'CUS-UO0RQ4R34S06', NULL, NULL, NULL),
(156, 'Maria da Conceição Amaral', 'c.amaral.s@hotmail.com', 'no_password', '12950351549', '7132402065', '71988962282', 1, '1959-10-02', 41900390, 'das Ubaranas', 0, NULL, 'Amaralina', 'Salvador', 'BA', 1, NULL, '2018-05-11 19:38:25', 'CUS-A5GPX4MYNLQ9', NULL, NULL, NULL),
(157, 'Antonio Nivaldo  Figueredo Leite Junior ', 'anjunior@me.com', 'no_password', '01154598551', '', '71999490007', 0, '1983-11-27', 41820320, 'Saturnino Segura', 85, 'Apto 2101', 'Caminho das Árvores ', 'Salvador', 'BA', 1, NULL, '2018-05-11 23:16:32', 'CUS-0MQF3T90CM7D', NULL, NULL, NULL),
(158, 'Maria Alice Lima', 'alice_lima89@hotmail.com', 'no_password', '04521400566', '', '71991396564', 1, '1989-11-08', 41600480, 'de Praia de Tramandaí', 0, NULL, 'Stella Maris', 'Salvador', 'BA', 1, NULL, '2018-05-12 11:06:58', 'CUS-WAWOYZO7CW1K', NULL, NULL, NULL),
(159, 'Juliete Queiroz dos santos', 'julietequeiroz65@gmail.com', 'no_password', '06358505599', '71987478861', '71992062239', 1, '1995-06-26', 41227070, 'da Luz', 16, 'Casa', 'Calabetão', 'Salvador', 'BA', 1, NULL, '2018-05-15 22:54:49', 'CUS-YWCOGL3QSL3L', NULL, NULL, NULL),
(160, 'Carlos Carvalho', 'cj.carvalho@hotmail.com', 'no_password', '81331576504', '', '71981396943', 0, '1981-07-17', 40295010, 'Waldemar Falcão', 0, NULL, 'Horto Florestal ', 'Salvador', 'BA', 1, NULL, '2018-05-17 17:48:41', 'CUS-7FH72CD5HFWX', NULL, NULL, NULL),
(161, 'Ana Berquó', 'analuizapnn@hotmail.com', 'no_password', '03804280161', '6282713168', '6282713168', 1, '2000-01-04', 74810030, 'E', 801, 'Edifício São Carlos Apto 302-B', 'Jardim Goiás', 'Goiânia', 'GO', 1, NULL, '2018-05-18 21:04:56', 'CUS-CNNRXVG5WFCH', NULL, NULL, NULL),
(162, 'Marcella  Urbano', 'marcellaurbano@live.com', 'no_password', '11954992645', '', '34997917336', 1, '1994-10-18', 31250250, 'Henrique Dias', 382, NULL, 'Vila Ermelinda', 'Belo Horizonte', 'MG', 1, NULL, '2018-05-19 01:33:05', 'CUS-MPJU9QF5I9WX', NULL, NULL, NULL),
(163, 'Carolina Smith', 'carolsmith.pc@gmail.com', 'no_password', '02050376588', '71982218415', '71982218415', 1, '1986-01-24', 40295030, 'Conselheiro Corrêa de Menezes', 331, 'Ap 1601', 'Horto Florestal', 'Salvador', 'BA', 1, NULL, '2018-05-19 18:05:41', 'CUS-ACT92LDKXMNI', NULL, NULL, NULL),
(164, 'Josiane Andrade', 'morenaestrela2108@gmail.com', 'no_password', '83379819549', '7181055125', '71988332392', 1, '1982-08-21', 40470000, 'Voluntários da Pátria', 329, NULL, 'Lobato', 'Salvador', 'BA', 1, NULL, '2018-05-22 22:42:57', 'CUS-4GVRVB8UFO59', NULL, NULL, NULL),
(165, 'Jose Nonato', 'josenonatostartup@gmail.com', 'no_password', '17282878048', '', '73998238292', 0, '1970-05-15', 44571902, 'Gorgônio José de Araújo, 23 ', 123, NULL, 'Centro ', 'Santo Antônio de Jesus', 'BA', 1, NULL, '2018-05-25 21:51:19', 'CUS-KO1BG5SRRKHW', NULL, NULL, NULL),
(166, 'Vanessa Claudio', 'vanessa-claudio@hotmail.com', 'no_password', '03411595140', '', '62992506514', 1, '1991-08-04', 74477600, 'GO-070 ', 0, 'Condominio morumbi 2 casa190', 'Fazenda São Domingos ', 'Goiânia', 'GO', 1, NULL, '2018-05-26 02:56:15', 'CUS-AFJ0XFZILOSD', NULL, NULL, NULL),
(167, 'Annielly Gonzaga', 'anniellygonzaga123@gmail.com', 'no_password', '12188006402', '', '82993038368', 1, '1995-04-10', 41500520, 'Edvaldo Gomes', 8, 'Primeiro andar', 'São Cristóvão', 'Salvador', 'BA', 1, NULL, '2018-05-27 14:31:41', 'CUS-3DEP1B60ZOZH', NULL, NULL, NULL),
(168, 'Tainã Freitas', 'taigfreitas@gmail.com', 'no_password', '03351667507', '', '71999681134', 1, '1989-02-20', 41750166, 'Rodolpho Coelho Cavalcante', 280, NULL, 'Armação', 'Salvador', 'BA', 1, NULL, '2018-05-28 22:05:36', 'CUS-8F8ONS8P2Z7X', NULL, NULL, NULL),
(169, 'Carina Medeiros', 'cari.medeiros@hotmail.com', 'no_password', '03332169548', '', '71992487814', 0, '1988-03-28', 41830620, 'Paradiso', 31, NULL, 'Pituba', 'Salvador', 'BA', 1, NULL, '2018-06-07 19:06:32', 'CUS-JW6GDZBQV16L', NULL, NULL, NULL),
(170, 'Uilson Costa Carvalho Carvalho', 'uilsonriti@gmail.com', 'no_password', '90280784520', '71986128456', '71986128456', 0, '1975-04-01', 40220085, 'Neide', 7, 'Em frente a Escola Municipal Eng Velho da Federacao', 'Engenho Velho da Federação', 'Salvador', 'BA', 1, NULL, '2018-06-08 15:04:28', 'CUS-NDY883ROKQTC', NULL, NULL, NULL),
(171, 'Gabriela  Santos', 'ssilgabriela6@gmail.com', 'no_password', '05791576102', '', '61983791886', 1, '1998-03-19', 73366203, 'A ', 20, NULL, 'Vila Feliz (Planaltina) ', 'Brasília', 'DF', 1, NULL, '2018-06-14 21:04:43', 'CUS-USNC3FJAYSH1', NULL, NULL, NULL),
(172, 'Carlos  Dazz', 'carllos.costaa@outlook.com', 'no_password', '02220240541', '71997425464', '71997425464', 0, '1987-06-13', 42739015, 'Leonor A Dantas', 0, 'Jardim Cidade Nova Qd 09 Lt 21', 'Itinga', 'Lauro de Freitas', 'BA', 1, NULL, '2018-06-20 00:18:12', 'CUS-HT2L24MGNBXX', NULL, NULL, NULL),
(173, 'Camilly Gonçalves', 'goncalvesfamili@gmail.com', 'no_password', '16129123620', '', '31986728850', 1, '2002-03-08', 31610470, 'João Pedro Fabel', 150, 'Casa', 'São Pedro (Venda Nova)', 'Belo Horizonte', 'MG', 1, NULL, '2018-06-21 14:18:52', 'CUS-EH2A2UDCMYL6', NULL, NULL, NULL),
(174, 'Tairo Rodrigues', 'tairorcf@gmail.com', 'no_password', '04803407576', '', '71992112293', 0, '1994-11-15', 40140290, 'Greenfeld', 5, 'Casa vermelha e branca', 'Barra', 'Salvador', 'BA', 1, NULL, '2018-06-21 15:07:22', 'CUS-ODTCULF9TKXV', NULL, NULL, NULL),
(175, 'Thamires De Carvalho Martins Ribeiro', 'thamiresrbs@gmail.com', 'no_password', '36617181859', '', '11947946577', 1, '1988-08-09', 6700453, 'Doutora Aparecida Fernandes de Jesus Domingues', 191, 'Torre 17 ap ti04', 'Jardim Petrópolis ', 'Cotia', 'SP', 1, NULL, '2018-06-25 02:36:17', 'CUS-QFCZ06MVVXC0', NULL, NULL, NULL),
(176, 'Isabelle Barreto', 'isabellecboliveira98@gmail.com', 'no_password', '07829916535', '7130226594', '75991191680', 1, '1998-07-20', 41760150, 'Desembargador Manoel Pereira', 9, NULL, 'Costa Azul', 'Salvador', 'BA', 1, NULL, '2018-06-25 03:52:47', 'CUS-HQOFOX1K9MS9', NULL, NULL, NULL),
(177, 'Ana julia  Ribeiro', 'anajuliacribeiro@hotmail.com', 'no_password', '36180594856', '', '11989977525', 1, '1992-05-25', 1415001, 'Bela Cintra', 201, '42c ', 'Consolação', 'São Paulo', 'SP', 1, NULL, '2018-06-25 19:12:33', 'CUS-17Z7DJDXFE15', NULL, NULL, NULL),
(178, 'Bruno Marinho', 'marinho.bruno@hotmail.com', 'no_password', '10031331939', '', '48996256982', 1, '1996-06-26', 88067100, 'Abelardo Otacílio Gomes', 0, NULL, 'Pântano do Sul', 'Florianópolis', 'SC', 1, NULL, '2018-06-26 01:17:18', 'CUS-M66CO2AK38LG', NULL, NULL, NULL),
(179, 'Veronica Cordeiro', 'veronicacordeiro07@gmail.com', 'no_password', '11425363784', '2135987004', '21968253346', 1, '1986-04-07', 21011160, 'Graúna', 292, 'Casa 03', 'Brás de Pina', 'Rio de Janeiro', 'RJ', 1, NULL, '2018-06-29 00:56:01', 'CUS-F73Q3B5OML5V', NULL, NULL, NULL),
(180, 'MARIA GABRIELA  Fernandes ', 'mariagabriela@adv.oabsp.org.br', 'no_password', '36829236835', '18991349881', '18991349881', 1, '1989-08-22', 1258010, 'Caiovaá', 1776, 'Apto 41C ', 'Sumaré', 'São Paulo', 'SP', 1, NULL, '2018-07-01 20:10:42', 'CUS-WSDU4A8JQSRC', NULL, NULL, NULL),
(181, 'Vitor Zaninitto', 'zaninotto@gmail.com', 'no_password', '31358792836', '', '11966933254', 0, '1983-02-01', 4119060, 'Afonso Celso', 694, NULL, 'Vila Mariana', 'São Paulo', 'SP', 1, NULL, '2018-07-02 03:00:45', 'CUS-WAYIYPDL86XB', NULL, NULL, NULL),
(182, 'Beatriz Pires', 'beatrizmikaelle5@gmail.com', 'no_password', '40633143839', '', '11991090395', 1, '1992-03-25', 3276025, 'Ladislau Barta', 42, NULL, 'Jardim Thealia', 'São Paulo', 'SP', 1, NULL, '2018-07-03 09:42:16', 'CUS-VCAUQRQMQ994', NULL, NULL, NULL),
(183, 'Rebeka  de Souza Cordeiro de Souza Cordeiro ', 'rebekajames@hotmail.com', 'no_password', '49232030802', '', '', 1, '2000-11-18', 18071711, 'Dezessete', 0, NULL, 'Jardim Califórnia', 'Sorocaba', 'SP', 1, NULL, '2018-07-04 02:11:47', 'CUS-VPOXEZMATT7E', NULL, NULL, NULL),
(184, 'Andrei Góes', 'andreilgoes@hotmail.com', 'no_password', '06916903597', '', '71981520293', 0, '1998-10-30', 40231250, 'Cardeal da Silva', 310, 'EDF. MIRANTE DA CARDEAL', 'Federação', 'Salvador', 'BA', 1, NULL, '2018-07-05 14:29:25', 'CUS-JCPJ4DL0FQ8U', NULL, NULL, NULL),
(185, 'Claudia Saldanha', 'claudiasaldanha37@yahoo.com.br', 'no_password', '01666822760', '2124355711', '21964078046', 1, '1972-09-08', 22730020, 'Godofredo Viana', 183, 'Bloco 2 apto 306', 'Taquara', 'Rio de Janeiro', 'RJ', 1, NULL, '2018-07-07 00:18:42', 'CUS-3TYD9VB0LRU0', NULL, NULL, NULL),
(186, 'Melissa Kawasaki', 'melloshiro2304@gmail.com', 'no_password', '48177867873', '', '11947604257', 1, '2002-12-31', 6710805, 'Anita Malfatti', 77, 'Perto de um campo ', 'Horizontal Park', 'Cotia', 'SP', 1, NULL, '2018-07-07 03:11:03', 'CUS-IWNWVFVQKINR', NULL, NULL, NULL),
(187, 'William  Santana', 'will.santana@outloook.com.br', 'no_password', '05087190545', '', '71991420083', 0, '1993-04-29', 41322220, 'Tancredo Neves', 3, 'Casa', 'Castelo Branco ', 'Salvador', 'BA', 1, NULL, '2018-07-07 16:23:39', 'CUS-Z9PY7C8H0PFQ', NULL, NULL, NULL),
(188, 'Raphaela Moraes', 'raphaelamoraes4@gmail.com', 'no_password', '12826780786', '1139435810', '11976816895', 1, '1991-11-05', 2996150, 'Dois ', 150, 'Edifício da Paz', 'Parque Nações Unidas ', 'São Paulo', 'SP', 1, NULL, '2018-07-08 18:20:02', 'CUS-Y3JV0PFN2WXZ', NULL, NULL, NULL),
(189, 'Carlos Junior', 'carlos.costajunior@hotmail.com', 'no_password', '01363527584', '', '71991549101', 0, '1985-10-01', 41730101, 'Luiz Viana Filho', 186, NULL, 'Paralela', 'Salvador', 'BA', 1, NULL, '2018-07-09 17:15:26', 'CUS-H1VP8WHAT9CE', NULL, NULL, NULL),
(190, 'Marla Cristina', 'marlacristina22@hotmail.com', 'no_password', '01313873594', '71985275968', '71985275968', 1, '1984-09-15', 40220020, 'Eraldo', 0, NULL, 'Engenho Velho da Federação', 'Salvador', 'BA', 1, NULL, '2018-07-11 21:54:06', 'CUS-R5F3SRCP1NN6', NULL, NULL, NULL),
(191, 'Larissa Loureiro', 'lalaloureiro1998@hotmail.com', 'no_password', '04977328582', '7135034898', '71988665597', 1, '1998-08-24', 40243045, 'Frederico Costa', 197, 'Ed residencial gabriela ap602', 'Engenho Velho de Brotas', 'Salvador', 'BA', 1, NULL, '2018-07-13 12:03:31', 'CUS-C7NM9HQT0KRZ', NULL, NULL, NULL),
(192, 'Kauanne Maltez', 'kauannemaltez16@gmail.com', 'no_password', '86454199550', '71988916970', '71988916970', 1, '1999-12-03', 40323295, 'Cosme e Damião', 0, NULL, 'Iapi', 'Salvador', 'BA', 1, NULL, '2018-07-15 07:23:50', 'CUS-520159YX0VUM', NULL, NULL, NULL),
(193, 'Jaqueline Rios', 'jackrios84@gmail.com', 'no_password', '07579498510', '', '12988068945', 1, '1995-06-27', 12216040, 'Riachuelo', 213, 'Casa fundos', 'Jardim Paulista', 'São José dos Campos', 'SP', 1, NULL, '2018-07-18 21:34:29', 'CUS-ZB51ZOWWN3YA', NULL, NULL, NULL),
(194, 'Giovanna Chiacchiaretta', 'giovannachiacchiaretta@outlook.com', 'no_password', '85853391526', '', '71987489948', 1, '1998-06-01', 42709290, 'Francisco das Mercês', 0, 'Condominio intervilas lote H quadra 4', 'Buraquinho', 'Lauro de Freitas', 'BA', 1, NULL, '2018-07-24 01:19:07', 'CUS-159PR2QVBH9M', NULL, NULL, NULL),
(195, 'Edilene  Oliveira sousa', 'leninha187@hotmail.com', 'no_password', '37646679828', '1120258460', '11941002010', 1, '1987-12-27', 8180350, 'Araruta', 14, 'Casa', 'Vila Seabra', 'São Paulo', 'SP', 1, NULL, '2018-07-24 01:42:34', 'CUS-H4D7FY7930X3', NULL, NULL, NULL),
(196, 'Adelito Tosta', 'adelito@gmail.com', 'no_password', '79263143587', '', '71992739507', 0, '1987-10-05', 40390000, 'Lafayete Coutinho', 18, NULL, 'São Caetano', 'Salvador', 'BA', 1, NULL, '2018-07-26 23:59:22', 'CUS-VMP9NLWUCVDC', NULL, NULL, NULL),
(197, 'Luísa Aragão Peres', 'luisaaragaoperes@gmail.com', 'no_password', '02466500523', '', '71991118523', 1, '1995-09-13', 41950310, 'Bartholomeu de Gusmão', 52, 'Apt 111', 'Rio Vermelho', 'Salvador', 'BA', 1, NULL, '2018-07-27 14:56:34', 'CUS-U1AILTZHPJ8G', NULL, NULL, NULL),
(198, 'Adriele Cristina', 'euadrii.97@hotmail.com', 'no_password', '07129048590', '71993246680', '71993246680', 1, '1997-02-15', 41152000, 'Nossa Senhora do Resgate', 0, 'Condomínio colina verde bloco17 cactus apart203', 'Resgate', 'Salvador', 'BA', 1, NULL, '2018-07-27 17:37:42', 'CUS-H34FGRHSKLMA', NULL, NULL, NULL),
(199, 'bruna schneider', 'bruna.schn@hotmail.com', 'no_password', '02712697073', '', '55996900367', 1, '1989-12-01', 97015030, 'Appel', 0, NULL, 'Centro', 'Santa Maria', 'RS', 1, NULL, '2018-07-30 03:02:14', 'CUS-A4PGQPLIRSPV', NULL, NULL, NULL),
(200, 'Paloma Souza', 'palomaa.souza@hotmail.com', 'no_password', '05800123527', '', '71999684606', 1, '1993-04-16', 41150000, 'Silveira Martins', 1026, 'Apt 303', 'Cabula', 'Salvador', 'BA', 1, NULL, '2018-08-01 10:27:35', 'CUS-W9T2J6DU0L90', NULL, NULL, NULL);

-- --------------------------------------------------------

--
-- Estrutura da tabela `clientescartoes`
--

CREATE TABLE `clientescartoes` (
  `idCartoes` int(10) UNSIGNED NOT NULL,
  `idCliente` int(10) UNSIGNED NOT NULL,
  `bandeira` varchar(20) DEFAULT NULL,
  `numero` int(100) DEFAULT NULL,
  `mes` int(5) DEFAULT NULL,
  `ano` int(5) DEFAULT NULL,
  `nome` varchar(100) DEFAULT NULL
) ENGINE=MyISAM DEFAULT CHARSET=latin1;

-- --------------------------------------------------------

--
-- Estrutura da tabela `cliente_device`
--

CREATE TABLE `cliente_device` (
  `idcliente_device` int(11) NOT NULL,
  `idCliente` int(11) NOT NULL,
  `deviceUserId` varchar(255) DEFAULT NULL,
  `devicePushToken` varchar(255) DEFAULT NULL
) ENGINE=MyISAM DEFAULT CHARSET=latin1;

--
-- Extraindo dados da tabela `cliente_device`
--

INSERT INTO `cliente_device` (`idcliente_device`, `idCliente`, `deviceUserId`, `devicePushToken`) VALUES
(94, 75, '953d4116-3a41-43fb-8926-8ae5ca4f722c', 'ef9a9b09009fbe5ac2e13611b1b82224cc3dbbed31cb543e7c1ba99742580049'),
(95, 73, '8063bbb9-97e7-4b4c-bbd2-f8b04b3041de', '075dc4624808aea54a7fdccde664526f0fd832d76b57bd277483c47d412838f8'),
(129, 8, '8063bbb9-97e7-4b4c-bbd2-f8b04b3041de', '26e528208758659c234b605e0deea689069abfb6152c56efe9d214f188f8931d'),
(99, 77, '8063bbb9-97e7-4b4c-bbd2-f8b04b3041de', 'a9d3b806fc1a68e244f43e63b3c29e9df4e8f8b472558df1aba865beaaf5b19a'),
(104, 78, '8063bbb9-97e7-4b4c-bbd2-f8b04b3041de', 'ad553cac50c95abbe512414763f1987e71283a55ce657e77ef749024f256c34d'),
(146, 96, '835671d9-4147-4050-b8b9-aa5539f618e4', 'APA91bFc4rEFxAktjKp2VSReV2fMnkcODjOEsVXUc7TrCBjJhseCUVmEHPeHFhhu-_jRGzdfqUNEBcBHfRte1J3hW9nMWxnxUi9UqxdOOMIJOa4qZkBaHzYXd9rLQNxS6pPZPH8ldx6T'),
(123, 80, 'b89ee9ef-f58e-49aa-8ac4-067be20bcebb', ''),
(126, 81, 'bd3f48ea-34fa-4dc0-8bca-7fd7f946cf8e', ''),
(121, 8, '8063bbb9-97e7-4b4c-bbd2-f8b04b3041de', '9e5b4e1aac5725dbdd4bae3249ffc89e55f3164584668001a1431acb20ea6bb9'),
(118, 8, '953d4116-3a41-43fb-8926-8ae5ca4f722c', 'bbf95ff2af1da279035302399a8142b4d3310eb56412fcb06f17dde430944ddf'),
(131, 82, '9dafa011-838d-4419-af96-033abc6523ab', '937333a92a44af6ec0eadf2e8743b3ad8634b36c0404ab9145c7582855a837f7'),
(132, 83, '2eae400c-618c-495c-8ed5-82d4640c1c49', '41db047d2b66edbbbab225ef534275f6c8633974cfeefa8534ee52dddb8ba89e'),
(145, 95, '4e7d5b76-8c07-44a5-b8c4-83b6edde07fd', 'APA91bE0Xq6GztGFN1E4zLUSozwOxiaCC_gGx8jpO_9rYqolABVgLHF46oiH2YarZlX5EuvbmPJUxi-boaCegxZIFK0gXNLALtIY73Q8nTUCcj7bcYnL1QNUexGIDP4vNwkf46ieu0Nq'),
(134, 8, '7953eb3e-a2ce-4e2d-9d84-54a6cd68b809', '96c519b82850cab3b095568474eb0aa4321f0ffac9ce7e0d6664fe3f26db65ef'),
(135, 84, 'ad30c144-a506-4c0f-b7ef-1106feb3cb25', 'APA91bHzJrQs-anjYoneu8PyeFT778QDvFCJ7ceLO3yCuUjM5COxpJf0RF77dolIVx8pA3EtT_Qi2RXzzqbCQSjPZvNsxb4E7uZjT09jE3Clw2D1FAAbsuvDz5PmmClI_Y0n53asiZWx'),
(136, 86, 'af3df6e2-c614-400f-b1e4-26121fcbae4c', 'APA91bH5A62hqgNkYBwaXVG8lWP8XcpLQOZDY59E6N_ugG4-a3ZlNp3XzLEffQcEDAtaHK1SZ1ndSejQ7C2ws7Y9mrzy-a82sLIJi4GCgqE51jojpBMzYE53d2OBPyIrNwgcFVaTyvKD'),
(238, 175, 'fa8557cd-796f-4d51-adec-084613dfc512', 'APA91bG80W9HkDvp_OOiHsXRChNygdV-gAOG_RtUfBJgjifxnZLE8mXECoZ6iV-NZDhnuo3SpM8TGQwto58E_WbMnHcv_coTT1pRRoSlb3C2XJycKl04GqUCFZDtl90H3iLT-u9XMuR8'),
(139, 90, '6b3d6e15-4459-498a-8cae-432a8da83652', 'APA91bHwyO9P3CHA83IC_amNfeRsr-ZeFMm-x8oHKgwVze0WBejWCJlMOS0Faow1S0IlZ--3E9pp1rAp7cT4ghHF4AN8cE968T1gf29yUg8Em6kGl_AtL55x4P_QofOy5rm0AzI_yVEI'),
(140, 91, '00759688-1ff2-429a-a091-2b365c9ed64f', 'APA91bEDPTy9QohBMxlMrEGrYUE1E_asGBPLyxpmJrKNX9c2H2uTPbkPR6wjugQIawqXQmHt6AarD3CHY4k1SaEB1RjL7RanMR97DXrC251RrJk0xqcsKmFhmG3Uva--4bZXUpqk0CnJ'),
(141, 9, 'a2b86a75-4856-4d5a-af7e-3ce84ba657fe', 'APA91bHPvks2ETK3Ui-Pi5NUCObgQVWnYsA6Eguy7w_2FhNN2Zp9hXQjaegGC_j1Aatvwllub2-u04Kz6f4AiUUB8MauxLSaTDhxPmhwinDRXuJ6rKIRvtXl8QOGBaQYgilXYX3AVDmc'),
(142, 92, '8c443618-2690-40d9-956f-72286a4715a7', 'e5d2aa1dd52d9c52bb58633d7d122ebb136fcfdd9ef4ab66374bab0f678e9579'),
(143, 93, '9d9995a0-5b5c-413d-8a61-4fa4ae4755f6', 'APA91bHEYYq8a4rbbY8tYYs_VcUDbd9syqH_-8jyC11WU1roH1DGwJLKp9jmxEluHZ_-gJWk1Y0X0AaswezqvsZO2EtWVHDciz-S2ZMJ8AVydVSz1vPJyuW8JFGKdYQqkUKOzQqAoEMm'),
(144, 94, 'f46087fa-9bb4-4248-bb5d-1a48997122c7', 'APA91bGpPahwaiywhTdW56eo4Z9q3MCEOamdsIrEW_aPVVvFCZ80AglBFQ3LzIZTEKgFZfRpS9VdMXK9K6cjvOW7gkfAdkOR08_FXSElTNDMAlcS9rr30THK8JB1b7_0iOVmaeOOERlv'),
(147, 97, '548a0b23-6a99-4d12-b176-55dd6af95f8c', 'APA91bF2-pT9VUlqrqL1CVjcnbeUa5fdB-rmoXAEf2moslGdLiGIFN8lDgWAsl8DrmL-loFFla118d5OukqId1FveL87DOxRXt7GcNhatG6dAfPJFDgUPi7HcIvlzkbjeFW-f_8KRs42'),
(148, 98, '7c4b763c-13c8-472f-948a-b56d567211a6', 'APA91bGFex9HrvWykJ6pOv4ebb234GZmq0OUaPv8e4o5escv1iamSDSzMca-zQ5L8nnAGeiHpn0m5A76jeyzVlnfTYqOIv0S_XyjiDaQzgufCOzb0ZxU1V0NvuCB7pGGtHuMWD2H1rTo'),
(149, 99, 'db4de6fb-d894-4d2c-ad09-f7f8328cd391', 'b9cb1da04b65f2381b59d3ce13ca17ff5774c186a665bb04efceeb4499dc4db2'),
(151, 100, '4b66ad40-86ef-4bb5-8be2-755965786c6b', 'APA91bEEe1iGJniIHsPVcHkovYZQJaMrNNqKClXTpRGL2m0W9bC3piHaMwSXN8fOJOzw_MnfKAPuQfx0xAqbZdDpGq18-TJaG75r3vV9BK1bv9FdFZhrLo0monNodrJiSir9ZlSjS7oA'),
(152, 95, '4e7d5b76-8c07-44a5-b8c4-83b6edde07fd', 'APA91bFkzNS0UFGSTfmKGoEOF9hfSWQfGQFQdOLOuTw7FY_YdDbpiXkO6XPNumihFqIE8HQOJt9bbPK36qL77tnMt6NgHd28zU3H1gQJ3FWOzEA0SQgwAqZ0yIak9mqm2BVgxfP7FwKH'),
(166, 113, 'b209206a-9892-4ea9-b674-7d50653c6806', 'APA91bFU9q0Ebh7E03uC208CtVC-5hZwlOPfAlID8q71o5frgPUlcr3kQj5kHYyvD49c0hPYZnlJGqgRj70_B8nZdHseC_ERVwSISqIDCaWdn04OHY9OnHQRBljV8DZN4IOxXuC5MdGg'),
(210, 154, '2325f2a0-969e-4d7d-af66-1e1091dfddde', 'APA91bFx27gZcPKWkCL2keaK4SQEopfSog7aThBYDKZm_b6iAB5Cp8R97bxY6MraVSUa3qwFDU9Sl857siO-rPiPFiMqAXZ4dFAb_9OKjSy0nwSA1AyJVcDVmJharUQmJy4k7kUqn-xq'),
(155, 103, '4b75c4cf-b817-41cd-9fe9-dd2cde06885e', 'd09cff26cc7d070f53b8b60a929fde74bf77dcdfc9a80a9900ea1a60c90f3544'),
(156, 104, 'ee007c1f-b130-4d9c-9c26-d4d1367d82bb', 'APA91bHuEpXkATKz1zfM95vFnXrEb1burzq48wzp1IazeQwsQT2qlDgf2coxzyC5kJOy_kHObOHlgQRnhSzY79F9lDRhaGO7HkreiAgM6ixF19llyoUdyCaNuw_hwgKj2k_WQZ0CGb3o'),
(157, 105, '3b59c598-e991-43f7-8a9f-48140a5bf91f', '9cf7906c0230d23920f4ba01142945683b02f543e4654904fb59ecf90052106e'),
(158, 106, '68ec4e1f-2d4a-4a2c-8d82-240e855282f4', '655dbb887adc6ec3b072766b52809a3400ca5eceeb4591f0a442e155ebf0dea0'),
(159, 107, '8d6d284d-d66e-4b1f-840f-4168b200fdde', 'APA91bF40qMACa2IS_X5HiRGVLTTMrADM2P_X8FfwiAJbBFTMnrBCsb5homlciJnuBBDmN1uFoxX3fFsqEVhwAuTB1QzhMcnfPIcXL5ZVxWOXJM9Rem-pl7qWHF4xHRf2uknLtkDEflB'),
(160, 108, '8fb4e91a-573f-442b-a505-87e57ec98994', 'APA91bEH-blXdJjchGkh9iII_rS7W5Sp7znY_vVuXcDfNXzUKzBC6DdT3T0pvx-DF97y919n45QUqmZYQ0MUhxXSE9X_fFAZr7LPlFGZbedoq3CVaRNsVHp05sh6AX2Azg5L641jtD3R'),
(161, 109, '39e91e1b-b762-41fe-b42a-43fad30ee3ad', 'APA91bFaktZ_CGoj5oUhbo-0pseN_GFTzzRjo5gBOg6jOj6ewbO2UYK0ZFfU7ojPiq81EB0R51I7ttkH5PBmyIhz3tm6rCNM3j-En5-iFFrT2dMg8iOKFft8PPsBHdFDdAibimniSoHx'),
(162, 110, 'a7afb656-36d2-43bb-8b6d-b74ddc106b22', 'APA91bFKWDNPujBRfVRzJ-XLfdJ0oAuHcBVEib3MbG3YEuxn34UWV_8oe2I4UzgLBcvV2gxYgpkGw6Uu27NW8czjrckkTNkz-CXg-7kGMbYLmWhqlnkguynwOT62CsYXlgjmLzDsz-o2'),
(163, 111, 'a1b94188-7f75-4ff1-8eae-a2a2d0fa8a54', 'APA91bHyUAuRY2lwRAALEy75AaGaH8hL9cuHYqwO8ddTeU19YyFfeDYwZT-_T10sbwdq0r27p4tt7Fyzapk1ISc52BtF2YBNKpHGO5lv7J7zmzMedv86fVEeli79-7cwaGX-_ntjcHHr'),
(165, 112, 'd039e8c4-992e-4300-b0f1-5923ff39d143', 'APA91bHyE47TsclrZM2EpA-rcOvsOQxE44aAh95eWJ6svOJ-wGMShSWqIr_68pFFw1_D_gzCqaUIF1XucK4QZO-0Agsgw25HjppHEk8T_aPbXYSskktr3gCAQSr2Wala5Nz2GK8PMDdc'),
(167, 114, '62b16c35-f6aa-4ac5-bf85-fd0d009084cf', 'APA91bFiBVXWVoYtSASls3zfzaGrffnhlx1_BuwRygmtHLi6RhZDRULNSZO4YNjT8zh6Dygae1fV6jz8btg_YkDWtLdXpo_oAUiyQ_esyrajhsgkJMfE_kOPXaAOp3xUJktebixceoXz'),
(201, 148, '3ed8f8f5-f6ca-498c-8548-00bc6ae36654', 'cd73daf0e7cfebd6aaec5c311a44aa57d6388843a612e5fb8898977bd8df3dce'),
(169, 115, 'c86be459-6bb1-4dec-be2c-f5ca326f68cc', 'APA91bGbkRd5kAeffz6zFUGTNWPfvxrMryYHa3fIt0tQ5g_FviIZLPz-8mNrBgIzyipMzgUiNsRLREYurx5ehk_xdOCRgpSFBBKAvXIPW9oWgwZbSj7kwqmfi-cUYm1JhU9fGOHYSuM0'),
(171, 117, '6d4e488e-efe5-4cdb-a0a1-b61a269f71c3', 'APA91bG6VJPkOsNM1_whlCnHILkfZPlzlyrV7GiFDEwRs9ZlS-FbCEHkJZfu8D9ZQNjDCJVIsm5Loh6wYcd5buB7kedy7YXkSUJ9ZTRHwihQd9nE80kj2yRjFaRQwjN2wxW2R4pJD2Tj'),
(172, 118, 'b04595be-9afa-478e-a9d6-d09c20d99ed9', '5d9eaa95c12f528832f7b32c8b59793a68b14a13c3f937e446387b9c0399447e'),
(173, 119, 'c8b5d89d-5dc3-4886-ac84-8b7533ca8f47', 'APA91bFRnnFOwPHIiMfw6t7rcxk93Pu7vXCPQ3YR6DBw0vT-Tu1cUfmDSwKiYFNDUmAEZmb3dKiv14zXZtQY3EAeQBrtXN3Eu67rmd78z9ZsvdwdwSR4J2KsgjXPIWKoqGBxYI4145G_'),
(174, 120, '6598b1f4-02bd-467e-87a9-9cbed6cdebd7', 'APA91bFNscB3CcbTrxvMmuIzjDDsAff_eNEmifBBI_vMUeEoUUu_rbmcnDspNjmSMeu1nYSZxAF25GqkqchVBMUtvMJYESlELV83j0nnrHBcbIhqfB9qPj9yDAnG5caYuNR49urdybu8'),
(175, 121, 'a51978cf-2e27-4ee2-bb65-480017d160d3', 'APA91bFJaQCCRd1JW1xLJz4Bp5QbcSfvXu4Abx3ZK-QFInSEIWOpHDkDwkBTOPdSKVpRUTT6hw8kPqum9qqG9W-INVYBAnE6tCvu_Ab-rpcSVRNQlQXboQQkMiAmGWZha0oDWVUL-wv8'),
(176, 122, '757c7126-1049-4db2-96ff-265841c477a5', 'APA91bG8jlIfYrqqRCR2mKS6qsFjVtbOQgYur84vgaplznlMK9kX_WQ9RXXFHNH-3wrA2IdZakBGmQ0I-vy-phcqVge-g3psVt4EMqNJV_48U5riGA1neQY_U2CckXfm3z2lqjjF11qh'),
(177, 125, '0053cd96-ef6e-4a06-bd65-c955b84835d5', '29728af12b68cf6e833248d45845cc5ac97b1aab5e0799b347ceaf6c81078010'),
(178, 126, 'e198800d-adf1-4906-b0a8-3453ad9fd086', 'APA91bEkz6ekTxcb-Y5qk_7aJou7Op1UF_GTy9IANZLx31nl_sC2BLaFTsjns7mno_tC4RRKeFqSBiqdyTduiGQLzgQQ8O5Py91lt-rP9OQB3c9HxHSN3RbOIvv92BOYmXkIe9ipYes1'),
(179, 127, '0b39c82a-5877-444b-a643-afcb6965241e', 'APA91bHLJPK6uPdql3KnH0ZNOhVXXvgTXz3E4qmesJYipqfaM80r6xlr1nWygOFJsek71tC5ygetDq_DMN5ytY7j82xVbwW-KYn54C8QJ09UOStSmyxTDug9vU5XVXYJtnVCevj1pSZ3'),
(180, 128, '2da523f9-10f0-408e-be9d-69f7c2f9bf24', '40601d0f10ed6b54d1d637a611c337909801d60b0786a4e477bdc409e220d507'),
(181, 129, '468f3443-d4c4-45a4-9892-e94709362b37', ''),
(184, 132, '298d22a3-b8ca-4dd7-97c4-12dc5ea812d5', 'APA91bH_SYVFkoCKZEYPPGZ2seBat74K36tWkNDMyLCX1f5o4kf4xr-BIVfoPFaOV-SXM1Jx0ppv9M_APlk2oSx2B9pXGNhrsbI6HU2ndbmuGoW8C6RrEiIJbNYIwGYxVQ5nQRJ1PPA_'),
(185, 133, '572e3238-8fc1-43b5-80b3-5b6e22593447', 'APA91bFypDFiPZZsLugaf3pv680NHHYqZDEmoJPVJJeAdSyRv4nSYBz-e4-ke-F8ihrXZpnIZLpDLfMbSgZGMwATKrTdTJlICDmmRe8Jf33JCYeu-ELCvaFmvg8pgCBHJ1Oh9AArZZD0'),
(186, 134, '79856dae-175a-408a-8431-666aa69b3ff7', '48e8c4d4ed8fa925aca2fa3a2356377490637d1a36942a153e00f623a61c61ac'),
(187, 135, '3df6a79e-22ca-43f9-b81b-39114d39c336', 'APA91bGrMspu_EX5QoRxib8_gEGY_XteNh2EkPg6IaFNoXZJqJbAWThJac22DgTz6MagGgbjkr_stfvROyl4WQ3f1qNERH-bZm1R8bfyBBM_Cd0onpztX3WwRwYbf9NTYk4LYUKh15lK'),
(188, 137, '323a8e28-539d-498b-9a6b-00a1e832b631', 'APA91bHKTNQMBZf0F1DGS5Yf5ugJoOkDI-K2vRIKx-KV2mdEkrUDu2JoeDrQ8dlfLGKL5SFEkktFZK0qNEMXmn-osMqGkRq3EnKUxC4vUBm7Ka1X0T_gyJGkQ1hx-FUNo4VMFukXKP6B'),
(189, 138, 'd89d0f6d-7b7f-44e3-bfc1-a5779d6b1783', 'APA91bFxJ9TbDTvpHV_oSgvJ9EFhZcrNZTGAexWW6vavm0soa4z7ijkMsufVUuWFGS0FTpZ09_LFAoei9MZQiyr3mX0JLjYUwMeI2fh9nJ_rjqtfSds_ze6_rZbiQHI9_FQmCO2zdg_o'),
(190, 139, 'da4dbe5a-6fba-4df9-b2f7-b0f5e633a05c', 'aa741ac8ef69f89eea3f41de43445fd874422a7f1f7be18859b6430bffb632d0'),
(191, 140, 'dd4c8c8a-7a09-4844-9f76-efdf9863955b', 'APA91bHLelYZt2IurhzUwefN7sE7NBxwcVwq1c4PaVocep8P764pHnxbIVKAkVr5P-M9rSnLaHBamnxYI1ly5SdE1gKPIu3sFmbttdTfbJ4m8fxaT33sO_panvCy44Gb9IcmVQR_1DIS'),
(192, 141, '54575fb3-01ff-4c65-a873-067aad652f60', ''),
(193, 142, '39ff1607-a7c2-4a1a-a367-9c49341f1e7f', '84dddf48f7f3f1263b3b7c2a2410f474bf1688ae12617c86f0e5187eb7f5dbc6'),
(198, 146, '6bd53099-3987-4ab4-8f95-e55783075741', 'e270fadfe093edf98de960cfb1be6c2ff470ddb5c6cf171e2faac3e9c60970a5'),
(199, 147, '7ecf90c9-6e04-4f2e-9cfc-97773fc16ffd', 'APA91bEkL3FFU-C3BffhDz5mvj7t6feec56haGAmrfLVtgVTt5zU42_EcdK8gLpXcNNNMCG4o936wg5BVV_SHrlof6cb-NQCYzgryG640TXg_Xout-s6Ro2lWs2RMifhF6X52xodwEIe'),
(196, 144, '17b91426-803f-4a62-8b18-4a43730963f6', ''),
(200, 95, 'a143d308-bd65-4201-a282-48f93d3120ff', 'APA91bG7XZaWFPbfraWruCoGrwYCAOentT7Qfma6uTYdKQsBNIGf7CK48MS-cVfG6SzVfbkXe_fWUb8HEdKOodzcYA7J6PCIxrPdF22vxpM0kWjdq4Uv-9Z4d9UsYUcIOpwKE58cWiHl'),
(263, 195, '354bc9b4-7b92-483d-a4bc-94115f4ac2ba', 'APA91bGoTuzARYXMjres9u09nMrmVgn9H_fOQSMmFr2zSdKOZ955iARzRencvBoYwWdQ4DMsaFNgTOY1clKidGluzG3y-eqslhjeZmwrwOYEdOyxJ7U-x_TAkq09hij4qeRGcphISW2l'),
(203, 149, 'd77a8937-3d7b-44e4-8b46-6c4072d818ad', '35859b011ee548a45bbd0c88aac5b7b8ed5ff701cb2f8e944ba89251f9115558'),
(205, 150, '3ea852a7-326e-4e0f-b6bb-3174de60911d', 'APA91bHJAZvIajBF918UL0r9XzDGYDUikBusyhF7ta3RP_0EW87k4-sKF11K387vIxTNfUq--sU3timvAqWzeab7SWGTAeIDWJztEt8JwF9noUbzr3z-7jJ4nHu872AMovOGraiPoFwu'),
(206, 151, '4a2f5120-e902-45e3-87e0-3776661a0e87', ''),
(207, 152, '8894ee03-c8f9-48ea-a56e-50cfb748962e', ''),
(208, 153, '55b392db-f321-4b3d-9912-8bda52c68738', 'e6f2303955282079aa88fd579756a1d770e1c6b1935b48e98e526d052eb09c9b'),
(211, 9, 'a2b86a75-4856-4d5a-af7e-3ce84ba657fe', 'APA91bHlsuwygF3b97kdQwXa2GDsnBnBtizhvvLQq6xkfqoLgKt15M-QrqP9LCrekeLz0rDsHOl38Svr-YJEv3ht4xBnBqd3vcZ38JQ7RilZTBv-7DRJVHjWdKQhUp1Ox86NFn88sS8R'),
(212, 155, '24ec35db-41d0-4678-8e03-05a723159245', '6f1c28dcf5a93db78cb2752aaa2332c2192556544dff807ed15e4361fa1e3921'),
(213, 156, 'eb778217-7d4c-4b92-9f16-ede565fd84a5', 'APA91bGVfMyYAtAjTGRO0JFmVCb2-LcHlrcM1Cd-mJdlitGxYvRq-mk2ISUNDHUoSSE93iSP6RSgqEf47XecshCQ3lprOGBe-t7P8_eIZgR2WZYX-EqI-tgNY0MQ62YltwVGGQDg4SSG'),
(214, 157, 'fa6085d3-5be1-4162-8829-9c53c65f456e', '51ff116ae2c77b431ffa2e42b2fb9a48cb07f644518623ca26e97948c76c09f7'),
(215, 158, 'b86558aa-4d76-4c9a-a735-390503758b22', 'APA91bFB-bKO4KLYA99E9iX4lGgJphsufzpIPKt6GzUP-CAlE9JfIC21ekqHwojeuLGg_icxuaUGw89pHxJ98xMcZR_pBJUTphp9-UuThSlto-UR-TPIzQeu9HIJ-6OUE3BCVZ5E84zn'),
(217, 156, '5f9c49af-4fb3-4b04-893f-292a4116415b', 'APA91bH7QRZTH9CzJ_Du5nG8PeB-CHYKma7dzhQoqHEp6qi-1u94th5KEql3xC2s8hJg-JnV8riWVEgtf3gEYbfpm_uT3zV7t04Y7OmeRtmiEmey3MDASNLEic-LbWIYQi81MFSteWID'),
(218, 160, '647817ff-04ad-4dd9-b051-4846de1bd85f', '38b2795fe920da3d4640d3284458cc39080f7fbe598c3e656d6b1a7fb470f800'),
(219, 161, 'fb15e442-82fa-4516-afe5-eb1d8e82e1e1', ''),
(220, 162, '45751034-b8b0-4bfe-b32d-1ba50c950c1c', ''),
(221, 163, '595fd470-13e5-4224-8a25-010c7b130024', ''),
(222, 164, 'b871ba2a-813b-4633-9076-94da8f871f9a', 'APA91bGqkE3slXzNC75NBgLGfpeb_EwQUWvdX5odsT0A4ZONsCszlClGv-BwEYbvzOykJ7rURDswJxrtLZNQ8dXEeWoK6uQ2orFguHJw3y1htWrcA5C2z6SpKhWt-nvsaZlaw-mTr6-i'),
(234, 171, '9ce21a8c-26c7-46b8-bd74-10599c3e7296', 'ad1517cc22d08c020e6c35e32c31e13d5fb3958c400a360cff59cb7156d3a155'),
(224, 166, '5b4eb2f7-b329-434c-8a6d-2103e25f7481', '641ee75cdfa91ac89506d4b183ed9080624a681e39978771a6ebbcdda159a79b'),
(225, 167, 'daf06c40-7283-4988-b278-3b5c5e461b89', 'APA91bHIB8E_G5BeFjQk1JuCXIFAQ3UvPxmq3dkinKWYbSat7kSib6LKKfXCYSyMhO3wQB8KGx6nEtGrUuM1DiAcFfqBpDafIlUu7kKmdRpHtUJJmwrB8oOvMwDI-rdV1dCLre5aJbzf'),
(226, 168, '0ae8420c-1740-4fa7-84b2-a57d4c6efbfc', 'APA91bFQ8V3068SXbU04NZlsaPtj7fhmHayA72MKQoE530UU0k7ys9shCyh-mkTNmBc4QSAdKasJ-vjwSTTRJsu8tTSM0GVnXXb5Xq5rBW6NTxkDhA1iDRyjUlfOAcn7vB4jeeVaF6rU'),
(262, 194, '562361b0-544b-4dd0-8ae1-c99f514d2eb3', '4fb38f13317d44a75f0efd28ec6f36cf4881d4fa98d8016d20ebcb9e14a76ee9'),
(228, 169, '8049bb08-d1f1-47cd-beda-d9f4164be51a', '3d085b96af227c64ec7d1fa589da53678fb3cf81682eb2fa5abf2f57aee01328'),
(231, 170, 'ead452e9-dbe2-45da-be39-2ba954fae638', 'APA91bEbiNJmWv4Y2uSQh4nv0h4HwkQSroXKfNpjx4EFzCNJHmNL9r9IdR6aacOZ1bx4pq5hk5J7x7Pa2WohPHkhpp0hvxPs4bVAuuyfeKQf9kTzqd_Agbdz_M82cCK588FVKRYqDx_J'),
(235, 172, 'bb2f12c9-5281-4945-8799-0495d7199d9d', 'APA91bEdL0obXc81weNgvN9jkTf7-JWAGo_K9ta1oOw8P6XMURtxmF0uCLulgCaK4TTRPMoptvvWlbRXmc80piMnoZoTqqZLG5SNY6XA29w75LtbIvVH5mJVS2m98Ke5WgtXNcqhiQ7c'),
(237, 174, '8c840d3d-d602-4518-83dc-08b36bcc7ff2', 'APA91bGp8p3mM8x6QwJtpfx8u0Y2nDlouGtNsL5dNrKqseylQnOkE9OkhiiEeVV6UHq4pj604HMnWUpmF8a_4s1wYLMgUKV-b_aJVvw0MUBgZIL7zvqYmESJp84h2pYQsfyBAmN5ZJbr'),
(239, 176, 'e64132d9-0494-4239-bac1-8d814080358c', 'APA91bEGO-fuzsDdYGpG5of3Bup_rUWBD5b0nvKtAx43PZN-eQw__D-R1kmoppo-JP92XUypdGodbRsobd08ZWWE8hHU6ougTyPaQNwRMActNgpW73Yp7Ve0t8FH52VKTzdeZc_OpwkQ'),
(240, 177, '90a79785-d980-40b5-bcd4-838cf54ad73c', ''),
(241, 178, '50e8fcbb-2598-4699-bb18-d4e6504fee67', 'APA91bH_mW1hG6A3RmSqgeEBkCWf2ut5jtMBx8f9QQys405MFhmhMz7COZQ9A7O_mx4CNhkI_cTUDAnyJc_5CqCavE_hvHk9ETVhW17nCWFeviVXROsz7-T5l95byYQjXK8Han10WcOP'),
(242, 179, '78d7d838-f09f-465e-908a-099e643f8714', 'APA91bHkDMT7Q7o6e8qu-rl6NDJUZTJTeh17qFVTMVq5hORhNx8HdR-U9cB9iGIrY2Ntnw2ligxTJpz9m2NaxYwU7cE72l_dlytusP0WBC66ZDjElCjDXhADoPXw4quL661VItheikGX'),
(243, 99, 'b75211df-4f3a-48e5-845a-d71476563e3e', '4d7171ea738ec63a70eee42a00cdc8d1858903e16f0dc09c20c76c1f17ae4b1b'),
(244, 180, '445bd9d3-d9db-4824-b6e7-a160bca49afa', '776a7a8179c915f447681650bcb398bf94db5deacda0bf517b36ab1a76a4a28d'),
(245, 181, '5fb460cf-5741-4202-a6d7-37a337d87b3b', 'APA91bH0tXZLPjgHns9uKFo-gxXnr4p_X8QdZLWeJ9Idua9k_9ps2DFpdCPSnnq4CoqHAXom6RIVaOYzwKkhWNA6EZr1d8bpJvD4fQMm2ZgP1cudR4jy0plQl0ejzVteapBIx7FovRzF'),
(246, 180, '1ec0c63a-e880-46e9-bb01-818cd4a67c5b', 'ee33c20396db89865c764b66f08c2d0af991c65c3309d73c8f33a5d4b04a1fb8'),
(247, 182, '1bc00b30-255a-4242-8a02-cdc6afa70cdb', 'APA91bEkRdtY5ENpHsST1MeD-cG6MYnDRUDM-9j1pUXEDKA6Os21meQLqqAslczKkm4XThZxeQrNFIp0t1pS9PkoSkpwjV9JoRsRGYOfx6RMSuw2zq-np_I9R71b4IZtMg01B3V_uGNb'),
(248, 183, '48a842ce-a2bf-4dfc-b556-8990f176b095', 'APA91bGYmaUJjBgWOW6szDIjRRCvJAt-eox-xsqe63C6LvI0iMHSuis01Af8isXLwHG8ot1LsQKbkViAKcW0JgJ6aL7sb8YhrMbr_-V3kjGQzNRpk67Hs2vHqLIRUEpGy2oCqwrheRgZ'),
(249, 184, '0d36c979-b596-4953-bd7c-60ad13ce4cf8', '4674e1d1731c2fd3c8f12ad3146994d8aa87dda71e12c76159392e905c63a12d'),
(250, 185, '5d7e2ab9-f642-4ac4-87d2-93d293e8f09a', 'APA91bGwQ3in3qpG1uwdBigz8d-cAUznNsH4GkLnHulNDi84FTsd8cwd6YltByzEE4ZBSY6xIhwVQeA0gZIu6vRVAzUjl-eRG2-wwagaiF1PYe3PKcER9uvYXwg0me9NnnmeHuWFvW5B'),
(261, 193, 'acfe1d4f-649c-4657-b754-4c8678b62360', 'APA91bGRt6vd5h0rznx_LYDIcQXi0KqVOAbjD1Wm0lvsE2fvFcJ7tlnPtodziZynUI_DBvbhZEn_uPCVJzCF1Xd9IA3YZpCd2v3cj4xDfaJzDi5IXWTKiR8KdVhD2HCGtZSQBXP69apb'),
(254, 188, '30be2b8d-26e1-4176-86f8-4c33e9e3e56f', 'APA91bEMA0EVmT_RK22Moa4hXn4_us0GhOy_6Od3LiAnWnKVSSG3mK7SiPDIkaIjG9_rXHxLX7BEid6S0u-wDP7eHhAqfsLUtmX8WheMv831uPqrL9m_Juo3hhoUcSgU5cyppfWePi5p'),
(255, 189, 'd2a3c0ff-3171-4019-8072-ecac22fe3d16', 'APA91bFqAVaZ1k7rkXLF3SHC1IR_6TGiM59YTwsTatsdaPyc8l_JcMtsSq72_2DOIvLLp774lbXgOqje1qCCiytegqR9zNdgWN9d_WVmcYEqyit-QpQEDYYB2IdW14enxAb33ScXLrdU'),
(256, 184, '0d36c979-b596-4953-bd7c-60ad13ce4cf8', '9c219ac4abd1658dbf96b119f166f5a4343124acfa0b82b5b62a3526b72a9e14'),
(257, 190, '22c8d51e-2aa6-4134-98d3-5bbeea311665', 'APA91bEjoG4VeQ9aOPuFLjS3muAxJRYUbD4A29MSD9i8O3OjTue6XV96_RC-fnu0Jkg4HnVEvr_S5326vmwbLxhTKg903sqUAU8ek00S9prpDZkKVn6SjtYWh_uWVl5C0oH4P2wRa8tA'),
(258, 191, '0b298e27-e3cc-4981-848a-54249014b203', '9f6cf6544ca71011d2770419faf014e270fe35d3807ddf914dec83c90583daa0'),
(259, 192, 'd0da3c4b-1514-4e86-9e17-f8417ac027ea', '13ecf171a49fa3f172603d26f9c6eebf45f6544decee4344ca11d6f452b5047c'),
(260, 184, '0d36c979-b596-4953-bd7c-60ad13ce4cf8', '62dc9313f495cf6b0dcd4ed7e10120195c0bc5ac27bb36ab51d4b7ca543f6a2d'),
(273, 76, '5db664a7-9a58-4339-a55b-86ef7ec991fa', '6d7066f027b180a8971e0b3a777d3a75bf5a1c61647708bab00cbc3771a0515b'),
(266, 196, '205f1399-f618-4a07-9ad1-7fc8c304bbe3', 'APA91bEyyfddxUYQt1-QSO85E6Cyyz6WsfoujPznfJRaAHTNKlZ2_LxDFAo4xapH70Gg-apcCR3HYMUJJjHmjfbiktgVyiBaqai4OiEljbgWVVMTVa-9Qr1UIjeCZxMBqKbl90vN7t01'),
(267, 197, '5f5cba0e-3a73-4a3c-b0f8-5896d1673bac', ''),
(271, 199, 'd7375117-7327-4546-bd23-432c08cbd13d', 'APA91bG51z0gAgXtmv6lKgaqJUGS83knD_gdsd7H3nE_QJgdUa1lcslnbiAMiRp1xeS6GP2eghy1Tq0u3fsk8gfmoMrbdt5_3I2pltoU0L82-P-1pPrQq5MDhj1cWQRRjIfM30wNG7Q4'),
(274, 200, '0631e11b-0f97-43ad-94f4-c6d5fb0304d7', '585b5404ee7ca613412f70bca5169bf3335bbb772cb6af8f4a5f298df44390da');

-- --------------------------------------------------------

--
-- Estrutura da tabela `conteudos`
--

CREATE TABLE `conteudos` (
  `idConteudo` int(10) UNSIGNED NOT NULL,
  `titulo` varchar(100) DEFAULT NULL,
  `conteudo` longblob,
  `dataPublicado` timestamp NULL DEFAULT NULL,
  `ativo` tinyint(1) DEFAULT '1',
  `pagina` varchar(20) DEFAULT NULL,
  `imagem` varchar(250) DEFAULT NULL
) ENGINE=MyISAM DEFAULT CHARSET=latin1;

--
-- Extraindo dados da tabela `conteudos`
--

INSERT INTO `conteudos` (`idConteudo`, `titulo`, `conteudo`, `dataPublicado`, `ativo`, `pagina`, `imagem`) VALUES
(40, 'Fast Salon - Seu Salão Delivery', 0x3c703e4120466173742053616c6f6e20266561637574653b20756d6120706c617461666f726d612042726173696c6569726120696e6f7661646f72612c20717565206f6665726563652073657276692663636564696c3b6f732064656c6976657279206e6f207365746f722064652062656c657a6120652062656d2d65737461722e204e6f737361206d697373266174696c64653b6f20266561637574653b20656e74726567617220636f6d6f6469646164652c2070726174696369646164652c207175616c69646164652065207365677572616e2663636564696c3b6120616f7320636c69656e7465732e3c2f703e0a0a3c703e436f6d206170656e617320616c67756e7320636c69717565732c20766f632665636972633b20636f6e7365677565206167656e6461722073657276692663636564696c3b6f732064652062656c657a6120652062656d2d65737461722070656c6f206170702065206e6f20646961206520686f72266161637574653b72696f206d61726361646f2c206f73206d656c686f7265732070726f66697373696f6e6169732064652062656c657a6120646f206d65726361646f266e6273703b6972266174696c64653b6f207465206174656e646572266e6273703b6e6f20636f6e666f72746f2064612073756120636173612e3c2f703e0a0a3c703e4120466173742053616c6f6e20636f6e746120636f6d20756d6120626173652064652070726f66697373696f6e61697320637269746572696f73616d656e74652073656c6563696f6e61646f732065206361706163697461646f732070617261207265616c697a6172656d206f732073657276692663636564696c3b6f732065206174656e64696d656e746f20636f6d207175616c69646164652064652073616c266174696c64653b6f206465206c75786f2e3c2f703e0a0a3c703e266e6273703b3c2f703e0a0a3c703e416f73206e6f73736f7320707265737461646f7265732064652073657276692663636564696c3b6f733a204e266f61637574653b732064616d6f73206d61696f72207669736962696c696461646520616f732070726f66697373696f6e61697320706172636569726f732c20706f73736962696c6974616e646f20756d2061756d656e746f2064652072656e646120636f6d20612064656d616e646120646f732073657276692663636564696c3b6f7320636f6e7472617461646f732e3c2f703e0a, NULL, 1, 'sobre', NULL),
(68, 'Embelleze', NULL, NULL, 1, 'parceiros', 'http://fastsalon.com.br/storage/20171118/18112017_embelleze2.png'),
(67, 'Hacked by M1n3r  Hacked by M1n3r  Hacked by M1n3r', NULL, NULL, 1, NULL, NULL),
(66, 'parceiro', NULL, NULL, 1, 'parceiros', 'http://fastsalon.com.br/storage/20171020/20102017_pngspazzios.png');
INSERT INTO `conteudos` (`idConteudo`, `titulo`, `conteudo`, `dataPublicado`, `ativo`, `pagina`, `imagem`) VALUES
(16, 'Termos de uso', 0x3c703e5445524d4f53204520434f4e44492643636564696c3b264f74696c64653b45532044452055534f20444120504c415441464f524d4120464153542053414c4f4e3c2f703e0a0a3c703e266e6273703b3c2f703e0a0a3c703e266e6273703b3c2f703e0a0a3c703e464153542053414c4f4e20266e646173683b20494e5445524d454449412643636564696c3b264174696c64653b4f2044452053455256492643636564696c3b4f532044452042454c455a4120452042454d20455354415220454952454c4920266e646173683b204d452c20696e73637269746120736f62206f20434e504a206465206e266f72646d3b2032382e3730302e3738362f303030312d373920652073656465206e61204176656e696461204c756973205669616e612c206e266f72646d3b20373533322c2051442043205349204c542030362045646966266961637574653b63696f2048656c20426f7220436f736d6f706f6c6974616e20486f6d65204520537461742065204f6666696365732c2073616c6173203230322065203230332c2062616972726f20416c70686176696c6c6520492c206369646164652064652053616c7661646f722f42412c204345502034312e3730312d3030352c20646f726176616e74652073696d706c65736d656e74652064656e6f6d696e61646120464153542053414c4f4e2c20266561637574653b20756d2070726f7665646f722064652073657276692663636564696c3b6f73206f6e2d6c696e652c2071756520646973706f6e6962696c697a612066657272616d656e746173206465206167656e64616d656e746f2c20696e7465726d656469612663636564696c3b266174696c64653b6f20652067657374266174696c64653b6f20706172612070726f66697373696f6e616973206520757375266161637574653b72696f732064652073657276692663636564696c3b6f7320646520657374266561637574653b7469636120652062656c657a612c20686f7370656461646f20736f62206f20646f6d266961637574653b6e696f207777772e6661737473616c6f6e2e636f6d2e6272206520656d2061706c6963617469766f7320646973706f6e266961637574653b76656973206e61204170706c652053746f7265206520476f6f676c6520506c61792e3c6272202f3e0a266e6273703b3c2f703e0a0a3c703e5052454d495353415320494e4943494149533c2f703e0a0a3c703e266e6273703b3c2f703e0a0a3c703e41204143454954412643636564696c3b264174696c64653b4f20444553544553205445524d4f5320264561637574653b204142534f4c5554414d454e544520494e44495350454e53264161637574653b56454c20264167726176653b205554494c495a412643636564696c3b264174696c64653b4f20444120504c415441464f524d412e3c2f703e0a0a3c703e266e6273703b3c2f703e0a0a3c703e414f20434c49434152204e412043414958412051554520494e44494341204120535541204143454954412643636564696c3b264174696c64653b4f2041204553544520444f43554d454e544f204f20434c49454e5445204553544152264161637574653b204143454954414e444f204f53205445524d4f532c204445434c4152414e444f20515545204c4555204520434f4e434f52444f552c204d45534d4f20515545205441434954414d454e54452c20434f4d20412056455253264174696c64653b4f204d41495320524543454e54452c2056494e43554c414e444f2d5345204155544f4d41544943414d454e544520264167726176653b5320524547524153204151554920434f4e54494441532e3c2f703e0a0a3c703e266e6273703b3c2f703e0a0a3c703e4f73202671756f743b5465726d6f732671756f743b2076696e63756c616d206c6567616c6d656e7465206f20434c49454e544520636f6d2072656c612663636564696c3b266174696c64653b6f20616f7320617475616973206f75206e6f766f732073657276692663636564696c3b6f7320652070726f6475746f73206f666572656369646f732070656c6120464153542053414c4f4e2e3c2f703e0a0a3c703e266e6273703b3c2f703e0a0a3c703e4f20434c49454e5445205245434f4e4845434520452041434549544120515545204f2055534f20444120504c415441464f524d41266e6273703b534552264161637574653b20464549544f20504f5220535541204558434c555349564120434f4e54412c20524953434f204520524553504f4e534142494c49444144452e266e6273703b3c2f703e0a0a3c703e266e6273703b3c2f703e0a0a3c703e4f20434c49454e544520736520636f6d70726f6d6574652061207574696c697a6172206120706c617461666f726d61266e6273703b6520746f64617320617320737561732066657272616d656e7461732064652061636f72646f20636f6d2061206c656769736c612663636564696c3b266174696c64653b6f20766967656e74652c2061206d6f72616c2c2061206f7264656d2070267561637574653b626c6963612c20617320636f6e64692663636564696c3b266f74696c64653b6573206765726169732064652075736f206520617320636f6e64692663636564696c3b266f74696c64653b657320706172746963756c61726573207175652c20636f6e666f726d65206f206361736f2c2073656a616d2061706c6963266161637574653b766569732e3c2f703e0a0a3c703e266e6273703b3c2f703e0a0a3c703e4f20434c49454e544520434f4d50524f4d4554452d53452c20494755414c4d454e54452c20412046415a455220554d2055534f20414445515541444f204441532046455252414d454e54415320444120504c415441464f524d41266e6273703b452041204e264174696c64653b4f20454d50524547264161637574653b2d4c41532050415241205245414c495a415220415449564944414445533a20412920494c264961637574653b43495441533b2042292051554520434f4e5354495455414d204352494d45204f5520434f4e54524156454e2643636564696c3b264174696c64653b4f3b20432920515545204154454e54454d20434f4e545241204449524549544f5320444520544552434549524f5320452f4f552051554520494e4652494e4a414d2041204c454749534c412643636564696c3b264174696c64653b4f20534f4252452050524f505249454441444520494e54454c45435455414c204520494e445553545249414c2c204f5520515541495351554552204f5554524153204e4f524d415320444f20415455414c204f5244454e414d454e544f204a5552264961637574653b4449434f2042524153494c4549524f2e3c2f703e0a0a3c703e266e6273703b3c2f703e0a0a3c703e4f20414d4249454e544520444520484f4d4f4c4f47412643636564696c3b264174696c64653b4f20504f444520534f4652455220415455414c495a412643636564696c3b264f74696c64653b45532045464153542053414c4f4e204e264174696c64653b4f20534520524553504f4e534142494c495a412050454c4153205045524441532044452043264f61637574653b4449474f2045204441444f532c20455354414e444f204f20414d4249454e54452c205649412044452052454752412c204120444953504f53492643636564696c3b264174696c64653b4f20504152412055534f2e3c2f703e0a0a3c703e266e6273703b3c2f703e0a0a3c703e41204c4947412643636564696c3b264174696c64653b4f20264167726176653b20494e5445524e455420264561637574653b204e4543455353264161637574653b52494120504152412055534152204120504c415441464f524d4120452051554149535155455220454e434152474f53204153534f434941444f532c20434f4d4f204153204445535045534153204445204441444f53204d264f61637574653b5645495320494e434f5252494441532050454c4f205345552055534f2c2053264174696c64653b4f20444520524553504f4e534142494c4944414445204558434c555349564120444f20434c49454e54452e3c2f703e0a0a3c703e266e6273703b3c2f703e0a0a3c703e4f20434c49454e544520636f6e636f72646120656d20666f726e6563657220696e666f726d612663636564696c3b266f74696c64653b65732070726563697361732c20617475616973206520636f6d706c657461732065786967696461732070656c6120464153542053414c4f4e2e204f20434c49454e54452074616d62266561637574653b6d20636f6e636f72646120656d206d616e746572206520617475616c697a61722073657573206461646f732c20636f6e666f726d65206e6563657373266161637574653b72696f2070617261206d616e742665636972633b2d6c6f2c207072656369736f732c20617475616973206520636f6d706c65746f732e3c2f703e0a0a3c703e266e6273703b3c2f703e0a0a3c703e4f20434c49454e544520266561637574653b20726573706f6e73266161637574653b76656c20706f72207175616c717565722061746976696461646520717565206f636f72726120736f6220736575206c6f67696e20652073656e68612e204f752073656a612c206f20434c49454e544520266561637574653b20726573706f6e73266161637574653b76656c20706f72206d616e746572207375612073656e6861207365677572612e3c2f703e0a0a3c703e266e6273703b3c2f703e0a0a3c703e4120464153542053414c4f4e2053452052455345525641204f204449524549544f204445204d4f44494649434152204f5520454e434552524152204120504c415441464f524d4120504f52205155414c51554552204d4f5449564f2c2041205155414c51554552204d4f4d454e544f2e3c2f703e0a0a3c703e266e6273703b3c2f703e0a0a3c703e4120464153542053414c4f4e20504f44452c204d4153204e264174696c64653b4f2054454d204f42524947412643636564696c3b264174696c64653b4f2044452c2052454d4f56455220434f4e5445265561637574653b444f204520434f4e5441532051554520434f4e54264561637574653b4d204f20434f4e5445265561637574653b444f205155452044455445524d494e412c20454d205345552043524954264561637574653b52494f2c20494c4547414c2c204f46454e5349564f2c20414d45412643636564696c3b41444f522c2043414c554e494f534f2c20444946414d4154264f61637574653b52494f2c204f425343454e4f204f55204445204f5554524120464f524d412043454e535552264161637574653b56454c204f552056494f4c414d20412050524f505249454441444520494e54454c45435455414c204f552056494f4c41204553544553205445524d4f532044452055534f2e3c2f703e0a0a3c703e266e6273703b3c2f703e0a0a3c703e4f20434c49454e544520266561637574653b206f20267561637574653b6e69636f20726573706f6e73266161637574653b76656c20706f722073756120696e746572612663636564696c3b266174696c64653b6f20636f6d206f7574726f7320555355264161637574653b52494f7320646120504c415441464f524d41206520636f6e636f72646120717565206120464153542053414c4f4e206e266174696c64653b6f20266561637574653b20726573706f6e73266161637574653b76656c206f7520736572266161637574653b20726573706f6e736162696c697a61646f2070656c6120636f6e64757461206465206e656e68756d20555355264161637574653b52494f2e204f20434c49454e544520646576652074657220626f6d2073656e736f206520657865726369746172206f20736575206d656c686f72206a756c67616d656e746f20616f20696e7465726167697220636f6d20746572636569726f732c20696e636c75696e646f207175616e646f207265616c697a6120636f6e74726174612663636564696c3b266f74696c64653b657320636f6d20746572636569726f732e3c2f703e0a0a3c703e266e6273703b3c2f703e0a0a3c703e41204143454954412643636564696c3b264174696c64653b4f20444553544553205445524d4f53204520434f4e44492643636564696c3b264f74696c64653b45532047455241495320264561637574653b204142534f4c5554414d454e544520494e44495350454e53264161637574653b56454c20264167726176653b205554494c495a412643636564696c3b264174696c64653b4f20444f532053455256492643636564696c3b4f532c2054414e544f20444f2053495445205155414e544f20444f2041504c4943415449564f20444f20464153542053414c4f4e2c20444953504f4e264961637574653b56454c204e41204150504c45204150502053544f52452045204e4f20474f4f474c4520504c41592e3c2f703e0a0a3c703e266e6273703b3c2f703e0a0a3c703e414f20434c49434152204e412043414958412051554520494e4449434120535541204143454954412643636564696c3b264174696c64653b4f204520505245454e4348454e444f204f20464f524d554c264161637574653b52494f20444520434f4e54524154412643636564696c3b264174696c64653b4f20564f432645636972633b204553544152264161637574653b204143454954414e444f204f53205445524d4f532c204445434c4152414e444f20515545204c4555204520434f4e434f52444f552c204d45534d4f20515545205441434954414d454e54452c20434f4d20412056455253264174696c64653b4f204d41495320524543454e544520444f53205445524d4f532044452055534f20444f20464153542053414c4f4e2c2056494e43554c414e444f2d5345204155544f4d41544943414d454e544520264167726176653b5320524547524153204151554920434f4e54494441532e3c2f703e0a0a3c703e266e6273703b3c2f703e0a0a3c703e4f2063616461737472616d656e746f20652f6f75207574696c697a612663636564696c3b266174696c64653b6f20646120506c617461666f726d6120266561637574653b2070726f696269646f2070617261207175616c7175657220706573736f61206a757269646963616d656e746520696e636170617a206f7520717565206e266174696c64653b6f2061636f72646520706c656e616d656e746520636f6d20746f646f73206f73202671756f743b5465726d6f732671756f743b2e3c2f703e0a0a3c703e266e6273703b3c2f703e0a0a3c703e4f20464153542053414c4f4e20534520524553475541524441204e4f204449524549544f204445205245414c495a415220414c544552412643636564696c3b264f74696c64653b45532f415455414c495a412643636564696c3b264f74696c64653b4553204e4f53202671756f743b5445524d4f532671756f743b2c2041205155414c51554552204d4f4d454e544f2c2053454e444f2051554520412053494d504c4553205554494c495a412643636564696c3b264174696c64653b4f2044412046455252414d454e5441204150264f61637574653b5320414c544552412643636564696c3b264174696c64653b4f2f415455414c495a412643636564696c3b264174696c64653b4f20444f53202671756f743b5445524d4f532671756f743b20494d504f52544120454d20434f4e434f52442641636972633b4e43494120434f4d204f53204d45534d4f532e3c2f703e0a0a3c703e266e6273703b3c2f703e0a0a3c703e4e41204155532645636972633b4e434941204445204d414e4946455354412643636564696c3b264174696c64653b4f20444f20555355264161637574653b52494f2c20454e54454e4445522d53452d264161637574653b2051554520455354452041434549544f55205441434954414d454e5445204f53202671756f743b5445524d4f532671756f743b2c2052415a264174696c64653b4f2050454c41205155414c204f20434f4e545241544f20434f4e54494e554152264161637574653b2056494e43554c414e444f204153205041525445532e3c2f703e0a0a3c703e266e6273703b3c2f703e0a0a3c703e5265636f6d656e64616d6f7320717565206f7320555355264161637574653b52494f5320726576656a616d206f73202671756f743b5465726d6f732671756f743b20636f6d2066726571752665636972633b6e63696120706172612065737461722061207061722064652071756169737175657220617475616c697a612663636564696c3b266f74696c64653b65732e3c2f703e0a0a3c703e266e6273703b3c2f703e0a0a3c703e416c266561637574653b6d20646573746520646f63756d656e746f2c206f20434c49454e544520646576652074616d62266561637574653b6d206c65722065206f62736572766172206120506f6c266961637574653b746963612064652050726976616369646164652c207175652074616d62266561637574653b6d2073652061706c69636120266167726176653b2072656c612663636564696c3b266174696c64653b6f20656e747265206120464153542053414c4f4e2065206f20434c49454e54452e3c2f703e0a0a3c703e266e6273703b3c2f703e0a0a3c703e4361736f206f20434c49454e54452074656e6861207175616c717565722064267561637574653b76696461206f7520636f6e7369646572612663636564696c3b266174696c64653b6f20736f62726520616c67756d6120636c266161637574653b7573756c61206f7520636f6e64692663636564696c3b266174696c64653b6f20656d20657370656369616c2c207072657669616d656e746520616f20696e266961637574653b63696f20646f2075736f20646f20464153542053414c4f4e2c206465766572266161637574653b20656e7669617220756d20652d6d61696c207061726120736163406661737473616c6f6e2e636f6d2e627220286d61696c746f3a736163404641535453414c4f4e2e636f6d2e6272292e3c2f703e0a0a3c703e266e6273703b3c2f703e0a0a3c703e266e6273703b3c2f703e0a0a3c703e444546494e492643636564696c3b264f74696c64653b4553205445524d494e4f4c264f61637574653b47494341533c2f703e0a0a3c703e266e6273703b3c2f703e0a0a3c703e4f73207465726d6f732061626169786f20646573637269746f732c207175616e646f20656d7072656761646f73206e6f2070726573656e7465205465726d6f73206520436f6e64692663636564696c3b266f74696c64653b65732064652055736f2c20746572266174696c64653b6f206f732073656775696e746573207369676e6966696361646f733a3c2f703e0a0a3c703e3c6272202f3e0a434c49454e54453a205175616c7175657220506573736f6166266961637574653b7369636120696e74657265737361646120656d206167656e64617220756d20686f72266161637574653b72696f206465206174656e64696d656e746f20736572266161637574653b2064656e6f6d696e61646120266c6471756f3b434c49454e544526726471756f3b2e3c2f703e0a0a3c703e266e6273703b3c2f703e0a0a3c703e50524f46495353494f4e414c3a205175616c7175657220706573736f61206a7572266961637574653b64696361206f752066266961637574653b7369636120617574266f636972633b6e6f6d612c20696e74657265737361646120656d20646976756c6761722065206f6665726563657220736575732073657276692663636564696c3b6f732c2062656d20636f6d6f207065726d69746972206f206167656e64616d656e746f20646520686f72266161637574653b72696f7320656d2073756173206167656e6461732076696120696e7465726e65742c20736572266161637574653b2064656e6f6d696e61646120266c6471756f3b50524f46495353494f4e414c26726471756f3b2e204f2050524f46495353494f4e414c2c20736520726570726573656e74616e746520646520756d6120706573736f61206a7572266961637574653b646963612c20706f646572266161637574653b206175746f72697a6172207365757320707265706f73746f73206f752066756e63696f6e266161637574653b72696f732061207574696c697a6172656d206120504c415441464f524d4120656d20736575206e6f6d65206174726176266561637574653b7320646520756d61206175746f72697a612663636564696c3b266174696c64653b6f2c2064656e6f6d696e616e646f2d7365206573746520636f6d6f20266c6471756f3b555355264161637574653b52494f204155544f52495a41444f26726471756f3b2e3c6272202f3e0a3c6272202f3e0a555355264161637574653b52494f533a20546f646f73206f73207469706f7320646520757375266161637574653b72696f732073266174696c64653b6f2064656e6f6d696e61646f7320636f6e6a756e74616d656e746520636f6d6f20266c6471756f3b555355264161637574653b52494f5326726471756f3b2c2065206465766572266174696c64653b6f2061636569746172206f732070726573656e74657320266c6471756f3b5465726d6f73206520436f6e64692663636564696c3b266f74696c64653b6573204765726169732064652055736f26726471756f3b2c2062656d20636f6d6f206120266c6471756f3b506f6c266961637574653b74696361206465205072697661636964616465266c6471756f3b2c2070617261207574696c697a6172206f732073657276692663636564696c3b6f7320646120266c6471756f3b464153542053414c4f4e26726471756f3b2e3c2f703e0a0a3c703e266e6273703b3c2f703e0a0a3c703e504c415441464f524d412f464153542053414c4f4e3a2054726174612d736520646f20636f6e6a756e746f206465207465636e6f6c6f6769612061706c696361646f2070617261207065726d69746972206f2061636573736f20646f7320434c49454e54455320616f732073657276692663636564696c3b6f73206f6665727461646f732070656c6f732050524f46495353494f4e4149532c20656d2074656d706f207265616c206f75206d656469616e7465206167656e64616d656e746f2c20646520666f726d6120612076696162696c697a6172206f206167656e64616d656e746f2065206173207072657374612663636564696c3b266f74696c64653b65732064652073657276692663636564696c3b6f732e3c2f703e0a0a3c703e266e6273703b3c2f703e0a0a3c703e266e6273703b3c2f703e0a0a3c703e312e20444f204f424a45544f3c2f703e0a0a3c703e266e6273703b3c2f703e0a0a3c703e4f206f626a65746f20646f732070726573656e746573205465726d6f73206520436f6e64692663636564696c3b266f74696c64653b65732064652055736f20266561637574653b20726567756c617220617320636f6e64692663636564696c3b266f74696c64653b657320646f206c6963656e6369616d656e746f20646120504c415441464f524d4120646120464153542053414c4f4e20616f7320434c49454e5445532c20646520666f726d6120636f6d2071756520657374657320706f7373616d207265616c697a6172206167656e64616d656e746f73206520636f6e74726174612663636564696c3b266f74696c64653b65732064652050524f46495353494f4e4149532064652062656c657a6120652062656d2065737461722c20696e636c75696e646f2d73652073657573207265737065637469766f7320706167616d656e746f732c20717565206e266174696c64653b6f2073266174696c64653b6f206465207175616c7175657220666f726d61207375626f7264696e61646f73206f7520726570726573656e74616e74657320646120464153542053414c4f4e2c206d6173206f62726967616d2d73652061206d616e7465722064657465726d696e61646173207175616c6964616465732064652073657276692663636564696c3b6f2e3c2f703e0a0a3c703e266e6273703b3c2f703e0a0a3c703e53454e444f204d45524120494e5445524d45444941444f5241205649525455414c204441205052455354412643636564696c3b264174696c64653b4f2044452053455256492643636564696c3b4f5320454e5452452054455243454952415320504553534f41532c20444953504f4e4942494c495a414e444f204d45494f20454c455452264f636972633b4e49434f2050415241204150524f58494d264161637574653b2d4c41532c204120464153542053414c4f4e3a3c2f703e0a0a3c703e266e6273703b3c2f703e0a0a3c703e412e204e264174696c64653b4f2045444954412041204147454e444120444f2050524f46495353494f4e414c2c204e264174696c64653b4f204f5247414e495a412041204c4f47264961637574653b53544943412c204e264174696c64653b4f20434f4e54524f4c412045204e454d20474552454e4349412041205052455354412643636564696c3b264174696c64653b4f2044452053455256492643636564696c3b4f533b3c2f703e0a0a3c703e266e6273703b3c2f703e0a0a3c703e422e204e264174696c64653b4f20524553504f4e44452045204e454d20474152414e54452041204155532645636972633b4e434941204445204445464549544f53204e41205052455354412643636564696c3b264174696c64653b4f20444f2053455256492643636564696c3b4f2c204f205155414c20264561637574653b20524553504f4e534142494c494441444520494e54454752414c20444f2050524f46495353494f4e414c2c2045204f20555355264161637574653b52494f2c204445534445204a264161637574653b2c204d414e4946455354412041205355412043492645636972633b4e4349412e3c2f703e0a0a3c703e266e6273703b3c2f703e0a0a3c703e4120464153542053414c4f4e20636f6e6365646520616f7320555355264161637574653b52494f5320756d61206c6963656e2663636564696c3b61206c696d69746164612c206e266174696c64653b6f206578636c75736976612c206e266174696c64653b6f207472616e73666572266961637574653b76656c206520706c656e616d656e7465207265766f67266161637574653b76656c2c20706172612075736172206120504c415441464f524d4120656d207365752063656c756c6172206f7520636f6d70757461646f722c20656d20636f6e666f726d696461646520636f6d206f73207465726d6f7320636f6e7469646f73206e6f2070726573656e746520436f6e747261746f2e3c2f703e0a0a3c703e266e6273703b3c2f703e0a0a3c703e444f5320434144415354524f533c2f703e0a0a3c703e266e6273703b3c2f703e0a0a3c703e50617261207574696c697a6172206120504c415441464f524d41206f20434c49454e5445206465766572266161637574653b207465722c206e6f206d266961637574653b6e696d6f2c203138202864657a6f69746f2920616e6f7320646520696461646520636f6d706c65746f732c206361706163696461646520636976696c2c20736572207265736964656e7465206e6f2042726173696c2c20706f737375697220646f63756d656e74612663636564696c3b266174696c64653b6f206f66696369616c206465206964656e7469666963612663636564696c3b266174696c64653b6f2065206465636c61726172206520676172616e7469722071756520617320696e666f726d612663636564696c3b266f74696c64653b6573207072657374616461732073266174696c64653b6f2076657264616465697261732c2062656d20636f6d6f206c65752c20636f6d707265656e6465752c20636f6e636f72646f75206520657374266161637574653b20696e74656772616c6d656e74652064652061636f72646f20636f6d2061732072656772617320707265766973746173206e65737465207465726d6f2e3c2f703e0a0a3c703e266e6273703b3c2f703e0a0a3c703e264561637574653b205045524d495449444f204f20434144415354524f20444520555355264161637574653b52494f53204d454e4f524553204445203138202844455a4f49544f2920414e4f53204445204944414445204e4553544120504c415441464f524d412c204558434c55534956414d454e544520434f4d4f20434c49454e54452c20444553444520515545204445564944414d454e544520524550524553454e5441444f53204f552041535349535449444f532c20504f52205345555320524550524553454e54414e544553204f5520415353495354454e544553204c45474149532c20434f4e464f524d4520505245564953544f204e4f204152542e20312e363334204520312e36393020444f2043264f61637574653b4449474f20434956494c2c2053454e444f20455354455320524553504f4e53264161637574653b56454953204e412045534645524120434956494c20504f5220544f444f2045205155414c515545522041544f2050524154494341444f20504f52204d454e4f52455320515545205554494c495a4152454d204120504c415441464f524d412e3c2f703e0a0a3c703e266e6273703b3c2f703e0a0a3c703e4120464153542053414c4f4e204e264174696c64653b4f20474152414e54452041205645524143494441444520444f53204441444f5320444f5320434c49454e544553204f5520444f5320434f4e5445265561637574653b444f5320444953504f4e4942494c495a41444f532c204f552053454a412c20414f20505245454e43484552204f20464f524d554c264161637574653b52494f20434f4d205355415320494e464f524d412643636564696c3b264f74696c64653b45532042264161637574653b53494341532c204f20434c49454e544520434f4e434f5244412051554520464f524e45434552264161637574653b20415320494e464f524d412643636564696c3b264f74696c64653b455320564552264961637574653b44494341532c20434f4d504c45544153204520415455414c495a414441532c20434f4e464f524d4520534f4c4943495441444f2c204e264174696c64653b4f20455354414e444f204120464153542053414c4f4e204f4252494741444120412046495343414c495a4152204f5520434f4e54524f4c4152204120564552414349444144452044415320494e464f524d412643636564696c3b264f74696c64653b45532c205155452053264174696c64653b4f20444520524553504f4e534142494c494441444520434956494c2045204352494d494e414c20444f5320555355264161637574653b52494f532e3c2f703e0a0a3c703e266e6273703b3c2f703e0a0a3c703e4f20434c49454e54452073652072657365727661206f206469726569746f206465207574696c697a617220746f646f73206f73206d65696f73206c6567616973206520706f7373266961637574653b766569732070617261206964656e7469666963617220636f6d2071756169732050524f46495353494f4e414953207265616c697a617220636f6e74726174612663636564696c3b266f74696c64653b65732064652053455256492643636564696c3b4f532c2062656d20636f6d6f2064652064656e756e636961722c2061207175616c71756572206d6f6d656e746f2c207175616c7175657220555355264161637574653b52494f20652f6f7520636f6e7465267561637574653b646f2071756520636f6e73696465726520696d7072266f61637574653b7072696f2c20646520666f726d61206120706f73736962696c697461722061206176616c69612663636564696c3b266174696c64653b6f206520636f7272652663636564696c3b266174696c64653b6f2070656c6120464153542053414c4f4e2e3c2f703e0a0a3c703e266e6273703b3c2f703e0a0a3c703e4120464153542053414c4f4e2073652072657365727661206f206469726569746f20646520696e646973706f6e6962696c697a6172206120504c415441464f524d412070617261206f20434c49454e54452c2073656d20617669736f207072266561637574653b76696f2c2073656d70726520717565206f73206461646f732065737469766572656d20656d2064657361636f72646f20636f6d2061207265616c69646164652e3c2f703e0a0a3c703e266e6273703b3c2f703e0a0a3c703e4f20636164617374726f20646f20434c49454e544520266561637574653b20706573736f616c206520696e7472616e73666572266961637574653b76656c2e20446573746120666f726d612c20736f6d656e746520656c6520706f646572266161637574653b207574696c697a266161637574653b2d6c6f206e6120504c415441464f524d412e204120464153542053414c4f4e20736520726573657276612061696e6461206f206469726569746f206465207574696c697a617220746f646f73206f73206d65696f73206c6567616973206520706f7373266961637574653b766569732070617261206964656e74696669636172206f7320434c49454e5445532c2062656d20636f6d6f20646520736f6c6963697461722c2061207175616c71756572206d6f6d656e746f2c206461646f732061646963696f6e616973206520646f63756d656e746f7320717565206a756c6775652070657274696e656e74657320612066696d20646520636f6e6665726972206f73206461646f7320696e666f726d61646f732e3c2f703e0a0a3c703e266e6273703b3c2f703e0a0a3c703e264561637574653b207665646164612061207472616e736665722665636972633b6e6369612c20706f72207175616c7175657220666f726d612c20646f20636164617374726f20646f20434c49454e5445206120746572636569726f732e3c2f703e0a0a3c703e266e6273703b3c2f703e0a0a3c703e264561637574653b2070726f696269646f206f20726567697374726f206465266e6273703b434c49454e544553266e6273703b717565206e266174696c64653b6f2074656e68616d206361706163696461646520636976696c2e3c2f703e0a0a3c703e266e6273703b3c2f703e0a0a3c703e4f20434c49454e5445266e6273703b636f6d70726f6d6574652d73652061206e6f746966696361722061266e6273703b464153542053414c4f4e266e6273703b696d6564696174616d656e7465206120726573706569746f206465207175616c717565722075736f206e266174696c64653b6f206175746f72697a61646f2064652073756120636f6e74612c2062656d20636f6d6f207365752061636573736f206e266174696c64653b6f206175746f72697a61646f20706f7220746572636569726f732e204f266e6273703b434c49454e5445266e6273703b736572266161637574653b206f20267561637574653b6e69636f20726573706f6e73266161637574653b76656c2070656c6173206f706572612663636564696c3b266f74696c64653b65732065666574756164617320656d2073756120636f6e74612c20756d612076657a20717565206f2061636573736f2073266f61637574653b20736572266161637574653b20706f7373266961637574653b76656c206d656469616e7465206120696e636c7573266174696c64653b6f2064612073656e68612c20717565206465766572266161637574653b2073657220646520636f6e686563696d656e746f20652070726f7072696564616465206578636c75736976612064657374652c20646576656e646f206f206d65736d6f207a656c61722070656c6120636f6e666964656e6369616c6964616465206465207375612073656e68612064652061636573736f2c20717565206e266174696c64653b6f20646576652c20656d20686970266f61637574653b7465736520616c67756d612c2073657220696e666f726d616461206120746572636569726f73206f75207574696c697a6164612070617261207175616c717565722066696e616c696461646520696c6567616c2e3c2f703e0a0a3c703e266e6273703b3c2f703e0a0a3c703e4120464153542053414c4f4e20706f646572266161637574653b20736520726563757361722061206163656974617220756d206e6f766f20636164617374726f20646520756d20434c49454e544520616e746572696f726d656e7465206578636c75266961637574653b646f20646120504c415441464f524d412e3c2f703e0a0a3c703e266e6273703b3c2f703e0a0a3c703e4361736f206120504c415441464f524d412073656a61207574696c697a61646120706f72206d65696f20646120666f726d6120646520636164617374726f206174726176266561637574653b7320646f20266c6471756f3b46616365626f6f6b20436f6e6e65637426726471756f3b2c20266c6471756f3b5477697474657220436f6e6e65637426726471756f3b206520266c6471756f3b476f6f676c6520506c757326726471756f3b206573746573207065726d616e6563656d20726573706f6e73266161637574653b766569732070656c617320696e666f726d612663636564696c3b266f74696c64653b657320652073656e68617320706f7220656c6573207072657374616461732f6361646173747261646173206e61732072656665726964617320726564657320736f63696169732c2073656e646f20646520726573706f6e736162696c6964616465206465737461206f20736967696c6f206465207461697320696e666f726d612663636564696c3b266f74696c64653b65732e3c2f703e0a0a3c703e266e6273703b3c2f703e0a0a3c703e4f20434c49454e54452c204154524156264561637574653b5320444f2050524553454e54452c204445434c415241205355412043492645636972633b4e434941204520434f4e434f52442641636972633b4e43494120444520414f205554494c495a4152204f205349544520452041504c4943415449564f204d264f61637574653b56454c205041524120434f4e5452415441522053455256492643636564696c3b4f532c204f2046415a454d20504f522053554120434f4e5441204520524953434f2c20444520464f524d412051554520434f4e434f5244414d20515545204120464153542053414c4f4e204e264174696c64653b4f20264561637574653b20524553504f4e53264161637574653b56454c2050454c4120564552414349444144452044415320494e464f524d412643636564696c3b264f74696c64653b4553205052455354414441532050454c4f53204341444153545241444f53204e4f205349544520452041504c4943415449564f204d264f61637574653b56454c2c20415353494d20434f4d4f2050454c41205155414c4944414445204520494e464f524d412643636564696c3b264f74696c64653b455320444f2053455256492643636564696c3b4f20412053455220505245535441444f2e3c2f703e0a0a3c703e266e6273703b3c2f703e0a0a3c703e4f7320557375266161637574653b72696f73206465636c6172616d2063692665636972633b6e636961206520636f6e636f72642661636972633b6e63696120646520717565206120464153542053414c4f4e206e266174696c64653b6f20706f646572266161637574653b20676172616e7469722061207175616c696461646520646f732073657276692663636564696c3b6f73206f666572656369646f732070656c6f732050524f46495353494f4e4149532c206e656d2070656c6120657861746964266174696c64653b6f2c20636f6d706c65747564652c206164657175612663636564696c3b266174696c64653b6f2c2065666574697669646164652c20636f6e66696162696c6964616465206f75207574696c69646164652064617320696e666f726d612663636564696c3b266f74696c64653b6573206f75206465207175616c71756572206f7574726f20636f6e7465267561637574653b646f20696e73657269646f206e6120504c415441464f524d412e20264561637574653b20646576657220646f20557375266161637574653b72696f20766572696669636172206120766572616369646164652064617320696e666f726d612663636564696c3b266f74696c64653b657320666f726e65636964617320636f6d206f206669746f2064652072657367756172646172207365757320266e6273703b206469726569746f732e3c2f703e0a0a3c703e266e6273703b3c2f703e0a0a3c703e4f20434c49454e54452c2070617261206361646173747261722d73652c206465766572266161637574653b20696e666f726d6172206f732073656775696e746573206461646f733a3c2f703e0a0a3c703e266e6273703b3c2f703e0a0a3c703e4e4f4d452c266e6273703b3c2f703e0a0a3c703e534f4252454e4f4d452c266e6273703b3c2f703e0a0a3c703e454e444552452643636564696c3b4f205245534944454e4349414c2c266e6273703b3c2f703e0a0a3c703e454d41494c2c266e6273703b3c2f703e0a0a3c703e4350462c266e6273703b3c2f703e0a0a3c703e54454c45464f4e45205041524120434f4e5441544f2045266e6273703b3c2f703e0a0a3c703e44415441204445204e415343494d454e544f2e266e6273703b3c2f703e0a0a3c703e266e6273703b3c2f703e0a0a3c703e4120464153542053414c4f4e206e266174696c64653b6f207065726d69746972266161637574653b20612065786973742665636972633b6e636961206f75206d616e7574656e2663636564696c3b266174696c64653b6f206465206d61697320646520756d20636164617374726f20706f7220756d61206d65736d6120706573736f6120286475706c69636964616465292c206f752061696e6461206120637269612663636564696c3b266174696c64653b6f206465206e6f766f7320636164617374726f7320706f7220706573736f61732066266961637574653b7369636173206f75206a7572266961637574653b64696361732c2063756a6f7320636164617374726f73206f726967696e6169732074656e68616d207369646f2063616e63656c61646f73206f75206465736162696c697461646f7320706f7220696e6672612663636564696c3b266f74696c64653b657320266167726176653b7320706f6c266961637574653b746963617320646120504c415441464f524d412e266e6273703b3c2f703e0a0a3c703e4f206964656e746966696361646f7220646520757375266161637574653b72696f20717565206f20434c49454e544520766965722061207574696c697a617220706172612061636573736f206120504c415441464f524d41206e266174696c64653b6f20706f646572266161637574653b20677561726461722073656d656c68616e2663636564696c3b6120636f6d206f206e6f6d6520646120464153542053414c4f4e2e266e6273703b3c2f703e0a0a3c703e266e6273703b3c2f703e0a0a3c703e266e6273703b3c2f703e0a0a3c703e332e20444f2053495354454d41204445204553434f4c484120444f2050524f46495353494f4e414c2050415241205245414c495a412643636564696c3b264174696c64653b4f20444f2053455256492643636564696c3b4f3c2f703e0a0a3c703e266e6273703b3c2f703e0a0a3c703e5061726120717565206f20434c49454e5445206167656e6465206120636f6e74726174612663636564696c3b266174696c64653b6f20646520756d2050524f46495353494f4e414c206573746520267561637574653b6c74696d6f206465766572266161637574653b207265616c697a6172206f20636164617374726f2064652073756120646973706f6e6962696c6964616465206465206167656e646120286469612c20686f72266161637574653b72696f2065206c6f63616c2920652c20736520636f6d706174266961637574653b76656c20636f6d20617320696e666f726d612663636564696c3b266f74696c64653b657320696e736572696461732070656c6f207072696d6569726f2c206861766572266161637574653b20756d61206e6f7469666963612663636564696c3b266174696c64653b6f207061726120717565206f2050524f46495353494f4e414c2061636569746520612064656d616e64612065207365206465736c6f71756520706172612061207072657374612663636564696c3b266174696c64653b6f20646f2073657276692663636564696c3b6f2e204e6f206361736f20646520746572206d61697320646520756d2050524f46495353494f4e414c20636f6d206f73206d65736d6f7320646574616c68657320646520646973706f6e6962696c69646164652070617261206174656e64696d656e746f20284449412c20484f524152494f2045204c4f43414c292c206972266161637574653b206174656e646572206f2073657276692663636564696c3b6f206f207072696d6569726f20717565206163656974617220612064656d616e64612e3c2f703e0a0a3c703e266e6273703b3c2f703e0a0a3c703e4f20434c49454e54452c20434f4d204f20414345495445204445535445205445524d4f2c204445434c4152412d5345204349454e544520444520515545204120464153542053414c4f4e204e264174696c64653b4f20534520524553504f4e534142494c495a412050454c415320494e464f524d412643636564696c3b264f74696c64653b45532c2053455256492643636564696c3b4f532c205052415a4f53204f55205155414c5155455220434f4e44492643636564696c3b264174696c64653b4f205245414c495a41444120454e54524520434c49454e544520452050524f46495353494f4e414c2c20444556454e444f205345204143415554454c41522045204155464552495220544f4441204120494e464f524d412643636564696c3b264174696c64653b4f2050455254494e454e544520534f425245204f2053455256492643636564696c3b4f20412053455220505245535441444f2e3c2f703e0a0a3c703e266e6273703b3c2f703e0a0a3c703e454d204341534f204445205155414c5155455220494e4144494d504c454d454e544f204f552044455343554d5052494d454e544f20504f5220504152544520444f20434c49454e5445204f5520444f2050524f46495353494f4e414c2c20504552414e544520415320434f4e44492643636564696c3b264f74696c64653b455320454e54524520454c4553205041435455414441532c2041532050415254455320534520524553504f4e534142494c495a4152264174696c64653b4f20454e5452452053492c204953454e54414e444f204120464153542053414c4f4e204445205155414c5155455220524553504f4e534142494c4944414445204e455354452053454e5449444f2e3c2f703e0a0a3c703e266e6273703b3c2f703e0a0a3c703e4f20434c49454e544520746572266161637574653b2061636573736f20266167726176653b732066657272616d656e7461732064652062757363617320652066696c74726f732070617261206c6f63616c697a61722050524f46495353494f4e4149532c2062656d20636f6d6f206f702663636564696c3b266f74696c64653b657320646520627573636120706172612070657371756973617220686f72266161637574653b72696f73206465206174656e64696d656e746f20646973706f6e266961637574653b76656973206e6120504c415441464f524d412c20612070617274697220646173206f66657274617320646f732050524f46495353494f4e4149532e204f7320726573756c7461646f732064617320627573636173207265616c697a61646173206e266174696c64653b6f20676172616e74656d2c20646520696d65646961746f2c206120646973706f6e6962696c696461646520646173207661676173206e656d206120636f6e6669726d612663636564696c3b266174696c64653b6f20646f206167656e64616d656e746f20646f206174656e64696d656e746f2c2073656e646f206e6563657373266161637574653b726961206120636f6e636c7573266174696c64653b6f20646520746f646f206f2070726f636573736f206465206167656e64616d656e746f2c2071756520696e636c75692066756e63696f6e616c69646164657320646520636f6e6669726d612663636564696c3b266174696c64653b6f206465206167656e64616d656e746f20706f7220706172746520646f7320434c49454e54455320652c206576656e7475616c6d656e74652c20646f732050524f46495353494f4e4149532e3c2f703e0a0a3c703e266e6273703b3c2f703e0a0a3c703e4120464153542053414c4f4e20656e76696172266161637574653b206d656e736167656e7320706f7220652d6d61696c2c20736d73206f75206f7574726f732063616e61697320646520636f6d756e6963612663636564696c3b266174696c64653b6f2070617261206f7320434c49454e5445532c20696e666f726d616e646f20612073697475612663636564696c3b266174696c64653b6f2064652073657573206167656e64616d656e746f732c20706167616d656e746f2070656c6f2073657276692663636564696c3b6f2c206c656d6272657465732c20656e747265206f75747261732066756e63696f6e616c696461646573207175652076656e68616d20612073657220696d706c656d656e7461646173206e6120504c415441464f524d412e3c2f703e0a0a3c703e342e20434f4252414e2643636564696c3b4120444f2053455256492643636564696c3b4f3c2f703e0a0a3c703e4120504c415441464f524d4120646973706f6e6962696c697a6172266161637574653b206f20676174657761792070617261207265616c697a612663636564696c3b266174696c64653b6f20646520706167616d656e746f73206f6e2d6c696e652070656c6f20434c49454e544520616f2050524f46495353494f4e414c2c206f752073656a612c2066657272616d656e74617320717565207265616c697a616d206f20706167616d656e746f20706f72206d65696f2064652063617274266174696c64653b6f206465206372266561637574653b6469746f2c2063617274266f74696c64653b65732064652064266561637574653b6269746f206f75206f7574726f2070726f6365737361646f7220646520706167616d656e746f732076696e63756c61646f20266167726176653b20504c415441464f524d412e3c2f703e0a0a3c703e4f20436164617374726f20646520434c49454e544553206e6120504c415441464f524d4120266561637574653b20677261747569746f2065206e266174696c64653b6f20706f7373756972266161637574653b20636f6272616e2663636564696c3b61206465207175616973717565722076616c6f726573206465206d616e7574656e2663636564696c3b266174696c64653b6f2e3c2f703e0a0a3c703e4e6120686970266f61637574653b746573652064652063616e63656c616d656e746f73206f75206e266174696c64653b6f20636f6d7061726563696d656e746f2070656c6f20434c49454e54452c206669636120616a75737461646f206f207175652073656775653a3c2f703e0a0a3c703e266e6273703b3c2f703e0a0a3c703e43616e63656c616d656e746f20636f6d20616e74656365642665636972633b6e636961206d266961637574653b6e696d61206465203234202876696e746520652071756174726f2920646120686f7261206465207072657374612663636564696c3b266174696c64653b6f20646f732073657276692663636564696c3b6f733a20506172612063616e63656c616d656e746f7320666569746f7320636f6d20616e74656365642665636972633b6e636961206d266961637574653b6e696d61206465203234202876696e746520652071756174726f2920686f72617320646f20686f72266161637574653b72696f20646520696e266961637574653b63696f206461207072657374612663636564696c3b266174696c64653b6f20646f732073657276692663636564696c3b6f73206e266174696c64653b6f206861766572266161637574653b207175616c7175657220266f636972633b6e75732070617261207175616c7175657220646173207061727465732c20706f64656e646f206f20434c49454e5445206573636f6c68657220656e747265207574696c697a617220736575206372266561637574653b6469746f20656d206f7574726f206167656e64616d656e746f206f75206573746f726e6f206e6f206d65736d6f206d65696f20646520706167616d656e746f207574696c697a61646f2e3c2f703e0a0a3c703e266e6273703b3c2f703e0a0a3c703e43414e43454c414d454e544f20434f4d204d454e4f5320444520323420484f5241533a20504152412043414e43454c414d454e544f5320434f4d204d454e4f53204445203234202856494e544520452051554154524f2920484f52415320414e544552494f52455320414f20484f52264161637574653b52494f20444520494e264961637574653b43494f204441205052455354412643636564696c3b264174696c64653b4f20444f2053455256492643636564696c3b4f2c204f20555355264161637574653b52494f20464152264161637574653b204a555320414f2052455353415243494d454e544f2044452038302520284f4954454e544120504f522043454e544f2920444f2056414c4f52205041474f2e3c2f703e0a0a3c703e266e6273703b3c2f703e0a0a3c703e4e264174696c64653b4f20434f4d5041524543494d454e544f3a204341534f204f20434c49454e5445204e264174696c64653b4f20434f4d504152452643636564696c3b41204e4f20484f52264161637574653b52494f204147454e4441444f2c2045535445204e264174696c64653b4f20464152264161637574653b204a555320414f2052455353415243494d454e544f204445205155414c515545522056414c4f52205041474f204f5520414f2052454147454e44414d454e544f20475241545549544f204441205052455354412643636564696c3b264174696c64653b4f20444f532053455256492643636564696c3b4f532e3c2f703e0a0a3c703e266e6273703b3c2f703e0a0a3c703e266e6273703b3c2f703e0a0a3c703e352e2044415320524553504f4e534142494c4944414445533c2f703e0a0a3c703e4f2050524f46495353494f4e414c20266561637574653b206f20267561637574653b6e69636f20726573706f6e73266161637574653b76656c2070656c617320696e666f726d612663636564696c3b266f74696c64653b6573207175652070726573746172206f7520646976756c676172206e6120504c415441464f524d412c2062656d20636f6d6f2070656c6f2063756d7072696d656e746f2064617320636f6e64692663636564696c3b266f74696c64653b65732070616374756164617320636f6d206f20434c49454e544520652061207175616c696461646520646f732073657276692663636564696c3b6f7320706f7220656c6520707265737461646f732e20506f7274616e746f2c206f2050524f46495353494f4e414c20736520636f6d70726f6d657465206120696e64656e697a6172206f20434c49454e544520652f6f75206120464153542053414c4f4e20706f722071756169737175657220266e6273703b207072656a75266961637574653b7a6f7320652064616e6f73207175652063617573617220656d206465636f72722665636972633b6e636961206465207375617320612663636564696c3b266f74696c64653b6573206f75206f6d697373266f74696c64653b6573207175652076696f6c656d20617320646973706f73692663636564696c3b266f74696c64653b657320636f6e7469646173206e61206c656769736c612663636564696c3b266174696c64653b6f20766967656e74652c206e6f73205465726d6f73206520436f6e64692663636564696c3b266f74696c64653b65732064652055736f206f7520706f722064657363756d7072696d656e746f2064617320636f6e64692663636564696c3b266f74696c64653b65732070616374756164617320636f6d206f20557375266161637574653b72696f2e3c2f703e0a0a3c703e266e6273703b3c2f703e0a0a3c703e4f2050524f46495353494f4e414c206465636c6172612073657220524553504f4e53264161637574653b56454c2050454c4153204556454e5455414953204155544f52495a412643636564696c3b264f74696c64653b4553204e4543455353264161637574653b5249415320504152412041205052455354412643636564696c3b264174696c64653b4f2044452053455256492643636564696c3b4f532028434f4e53454e54494d454e544f20455850524553534f2c204c4943454e2643636564696c3b412c205045524d495353264174696c64653b4f204445204449524549544f53204155544f52414953204520444520494d4147454d292c2042454d20434f4d4f204153205045524d495353264f74696c64653b45532c20434150414349444144452054264561637574653b434e4943412045204556454e545541495320524547495354524f5320454d20264f61637574653b5247264174696c64653b4f5320444520434c415353452052454c4143494f4e41444f5320264167726176653b205052455354412643636564696c3b264174696c64653b4f20444f2053455256492643636564696c3b4f204120534552204f464552454349444f2c20534f422050454e4120444520524553504f4e44455220434956494c2045204352494d494e414c4d454e54452c20504f52205052455354415220494e464f524d412643636564696c3b264f74696c64653b455320494e434f4d504c455441532c20494e564552264961637574653b44494341532c2042454d20434f4d4f2050454c4120564552414349444144452045205155414c4944414445204e41205052455354412643636564696c3b264174696c64653b4f20444f532053455256492643636564696c3b4f53204f464552454349444f532c20504552414e5445204120464153542053414c4f4e2c20555355264161637574653b52494f5320452f4f5520544552434549524f532c2041205155414c515545522054264961637574653b54554c4f2e3c2f703e0a0a3c703e266e6273703b3c2f703e0a0a3c703e454d424f5241204120494e54454e2643636564696c3b264174696c64653b4f20444120464153542053414c4f4e2053454a4120444520515545204120504c415441464f524d4120455354454a41204f204d264161637574653b58494d4f20504f5353264961637574653b56454c20444953504f4e264961637574653b56454c2c20504f44454d204841564552204f43415349264f74696c64653b455320454d20515545204120444953504f4e4942494c494441444520444553544120504f444552264161637574653b2053455220494e544552524f4d504944412c20494e434c55494e444f2c20454e545245204f555452415320434f495341532c2050415241204d414e5554454e2643636564696c3b264f74696c64653b4553204147454e4441444153204f5520415455414c495a412643636564696c3b264f74696c64653b45532c20504152412052455041524f5320444520454d4552472645636972633b4e4349412c204f552044455649444f20412046414c484120444f53204c494e4b532044452054454c45434f4d554e4943412643636564696c3b264174696c64653b4f20452f4f55204551554950414d454e544f2e20414c264561637574653b4d20444953534f2c204120464153542053414c4f4e2053452052455345525641204f204449524549544f2044452052454d4f564552205155414c5155455220434f4e5445265561637574653b444f20444120504c415441464f524d4120504f52205155414c51554552204d4f5449564f2c2053454d20415649534f205052264561637574653b56494f2e266e6273703b3c2f703e0a0a3c703e266e6273703b3c2f703e0a0a3c703e4f20436f6e7465267561637574653b646f2072656d6f7669646f20646120504c415441464f524d4120706f6465207065726d616e656365722061726d617a656e61646f2070656c6120464153542053414c4f4e2c20696e636c75696e646f2c20656e747265206f757472617320636f697361732c207061726120657374617220656d20636f6e666f726d696461646520636f6d2064657465726d696e61646173206f62726967612663636564696c3b266f74696c64653b6573206c65676169732c206d617320706f6465206e266174696c64653b6f207365722072656375706572266161637574653b76656c2073656d20756d61206f7264656d206a7564696369616c2076266161637574653b6c6964612e20434f4e53455155454e54454d454e54452c204120464153542053414c4f4e20494e43454e54495641204f20555355264161637574653b52494f2041204d414e54455220534555205052264f61637574653b5052494f204241434b555020444f2053455520434f4e5445265561637574653b444f2e20454d204f55545241532050414c41565241532c204120464153542053414c4f4e204e264174696c64653b4f20264561637574653b20554d2053455256492643636564696c3b4f204445204241434b55502045204f20555355264161637574653b52494f20434f4e434f52444120515545204e264174696c64653b4f204952264161637574653b20444550454e44455220444120504c415441464f524d4120434f4d204f2050524f50264f61637574653b5349544f204445204241434b5550204f552041524d415a454e414d454e544f20444f20434f4e5445265561637574653b444f2e266e6273703b3c2f703e0a0a3c703e4120504c415441464f524d4120666f6920646573656e766f6c7669646120706172612061636573736f20652075736f20706f72206d65696f206461732076657273266f74696c64653b6573206d6169732061747561697320646f732073697374656d61732c206e266174696c64653b6f20736520636f6d70726f6d6574656e646f206120464153542053414c4f4e206120646172207175616c71756572207375706f7274652061206e656e68756d6120706c617461666f726d6120706172746963756c6172206f7520646573656e766f6c762665636972633b2d6c6120656d206f7574726f73207469706f732064652073697374656d61206f7065726163696f6e616c2e3c2f703e0a0a3c703e4120464153542053414c4f4e20646973706f6e6962696c697a6172266161637574653b206f73207265637572736f73207465636e6f6c266f61637574653b6769636f73203234202876696e746520652071756174726f2920686f72617320706f72206469612c20303720287365746529206469617320706f722073656d616e6120616f7320555355264161637574653b52494f532c2073616c766f20706f722072617a266f74696c64653b657320616c686569617320266167726176653b2073756120766f6e7461646520286361736f7320666f72747569746f73206f7520646520666f722663636564696c3b61206d61696f7229206f752072617a266f74696c64653b6573206465206f7264656d2074266561637574653b636e69636120717565206578696a616d2073757370656e73266174696c64653b6f206461207072657374612663636564696c3b266174696c64653b6f20646f732073657276692663636564696c3b6f7320286d616e7574656e2663636564696c3b266174696c64653b6f206465206571756970616d656e746f732c2073697374656d6173206f752063616e61697320646520636f6d756e6963612663636564696c3b266174696c64653b6f29206520696e7465727275702663636564696c3b266f74696c64653b6573207072266561637574653b2d6167656e64616461733b206f752061696e64612072617a266f74696c64653b6573206f726967696e6164617320706f7220746572636569726f732c20636f6d6f20696e7465727275702663636564696c3b266f74696c64653b6573206f636173696f6e6164617320706f7220656d70726573617320666f726e656365646f72617320646520636f6e6563746976696461646520636f6d206120696e7465726e65742c2061746f206f75206e6f726d6120676f7665726e616d656e74616c2c207574696c697a612663636564696c3b266174696c64653b6f20696e6164657175616461206f7520696e64657669646120646f73206571756970616d656e746f73206f7520646f732073657276692663636564696c3b6f732070656c6f20555355264161637574653b52494f2c2062656d20636f6d6f2066616c6861732070726f766f636164617320706f72206571756970616d656e746f2c20696e7374616c612663636564696c3b266174696c64653b6f206f7520696e66726165737472757475726120736f622073756120726573706f6e736162696c69646164652e20455353415320494e5445525255502643636564696c3b264f74696c64653b4553204f5520494e444953504f4e4942494c494441444553204e41205052455354412643636564696c3b264174696c64653b4f20444f532053455256492643636564696c3b4f53204e264174696c64653b4f20494d504c49434152264174696c64653b4f20454d204f4252494741544f5249454441444520444520494e44454e495a412643636564696c3b264174696c64653b4f204f552052455353415243494d454e544f204445205155414c51554552204e41545552455a4120504f5220504152544520444120464153542053414c4f4e2e3c2f703e0a0a3c703e266e6273703b3c2f703e0a0a3c703e4120464153542053414c4f4e20676172616e7465207175652061206c6963656e2663636564696c3b612064652075736f20646120504c415441464f524d41206e266174696c64653b6f2076696f6c61206469726569746f73206175746f72616973206520717565206f20434c49454e5445206e266174696c64653b6f20736572266161637574653b20636f6e737472616e6769646f20612073757370656e6465722061207375612061746976696461646520656d206465636f72722665636972633b6e6369612064652072656976696e646963612663636564696c3b266f74696c64653b657320646520746572636569726f732e3c2f703e0a0a3c703e266e6273703b3c2f703e0a0a3c703e4f20434c49454e5445206465766572266161637574653b20736520616273746572206465206f62746572206f752074656e746172206f627465722061636573736f2061207175616c71756572207365727669646f7220636f6e74726f6c61646f2070656c6120464153542053414c4f4e2c2073656d206175746f72697a612663636564696c3b266174696c64653b6f20706f72206573637269746f206461206d65736d612e3c2f703e0a0a3c703e266e6273703b3c2f703e0a0a3c703e4f20434c49454e5445204f42524947412d53452041204e264174696c64653b4f20444956554c474152204e4120504c415441464f524d41204e454e48554d4120494e464f524d412643636564696c3b264174696c64653b4f205645544144412050454c4153205245535452492643636564696c3b264f74696c64653b455320444520434f4e5445265561637574653b444f204f5520434f4e5452264161637574653b5249415320414f5320505245434549544f5320444f204f5244454e414d454e544f204a5552264961637574653b4449434f20564947454e54452e204445534445204a264161637574653b2c204f20434c49454e5445204445434c4152412d5345204349454e5445205345522044452053554120494e54454952412045204558434c555349564120524553504f4e534142494c494441444520434956494c2045204352494d494e414c204120444956554c47412643636564696c3b264174696c64653b4f204e4120504c415441464f524d4120444520494e464f524d412643636564696c3b264f74696c64653b45532056455441444153204e4f2050524553454e544520434f4e545241544f2045204e41204c454749534c412643636564696c3b264174696c64653b4f2c2042454d20434f4d4f20515545204e264174696c64653b4f20434f52524553504f4e44414d20434f4d2041205245414c49444144452e3c2f703e0a0a3c703e266e6273703b3c2f703e0a0a3c703e4361736f206f636f727261207175616c717565722064616e6f206f7520706572646120636175736164612070656c6120494e544552412643636564696c3b264174696c64653b4f20636f6d20746572636569726f732070656c61207574696c697a612663636564696c3b266174696c64653b6f20646120504c415441464f524d412c2073656a6120636976696c206f75206372696d696e616c6d656e74652c206f20434c49454e5445206465766572266161637574653b20627573636172206576656e74756169732072657373617263696d656e746f7320636f6d2065737465732c20766973746f2071756520736f6d656e7465206f20434c49454e544520706f646572266161637574653b207574696c697a6172206120504c415441464f524d41206465206d6f646f2061206c65736172206120736920652072656c6163696f6e61722d736520636f6d20746572636569726f732e266e6273703b3c2f703e0a0a3c703e266e6273703b3c2f703e0a0a3c703e4f532053455256492643636564696c3b4f5320505245535441444f532050454c4120464153542053414c4f4e204154524156264561637574653b5320444120504c415441464f524d412053264174696c64653b4f20464f524e454349444f5320434f4d2045535452495441204f42534552562641636972633b4e4349412044415320434f4e44492643636564696c3b264f74696c64653b4553204553544142454c454349444153204e4553544520494e535452554d454e544f2045204e4f532044454d41495320434f4e545241544f532c2053454d20515541495351554552204f555452415320474152414e54494153204445205155414c51554552204e41545552455a4120494d504c264961637574653b43495441532e204553544520434f4e545241544f204520534555532041444954414d454e544f53204e264174696c64653b4f20474152414e54454d20515545204f532053455256492643636564696c3b4f53204f4e4c494e4520444120504c415441464f524d412053454a414d20494d554e4553204120494e5445525255502643636564696c3b264f74696c64653b4553204f55204c4956524553204445204552524f532e266e6273703b3c2f703e0a0a3c703e266e6273703b3c2f703e0a0a3c703e456d626f7261206120464153542053414c4f4e20736520726573706f6e736162696c697a652070656c6120696e74656772696461646520646120504c415441464f524d412c206164766572746520717565206f73206d6563616e69736d6f73206465207365677572616e2663636564696c3b6120696e636f72706f7261646f7320706f737375656d206c696d6974612663636564696c3b266f74696c64653b6573207072266f61637574653b70726961732c2065207175652c20706f7274616e746f2c206f20434c49454e544520646576652064657465726d696e6172207365206f2073697374656d6120636f6d6f20657374266161637574653b206174656e6465206173207375617320657869672665636972633b6e636961732c207061726120717565206e266174696c64653b6f2076656e68612061207265717565726572206461207072696d65697261206f73206469726569746f73206520676172616e7469617320616c266561637574653b6d20646f73206d656e63696f6e61646f73206e6573746520636f6e747261746f2e3c2f703e0a0a3c703e266e6273703b3c2f703e0a0a3c703e4f20434c49454e544520266561637574653b20726573706f6e73266161637574653b76656c20706f7220746f646f73206f73206571756970616d656e746f73206e6563657373266161637574653b72696f732070617261206f2061636573736f20652075736f20646120504c415441464f524d412c20616c266561637574653b6d20646520746f646f73206f7320637573746f7320646520636f6e6578266174696c64653b6f20266167726176653b20696e7465726e65742c20696e636c757369766520746f646f20652071756169737175657220637573746f7320636f627261646f732070656c6173206f70657261646f7261732064652074656c65666f6e6961206d266f61637574653b76656c2065207365757320706172636569726f732064697265746f73206520696e64697265746f732e266e6273703b3c2f703e0a0a3c703e266e6273703b3c2f703e0a0a3c703e4341534f2048414a412044414e4f532c20494e434c5553495645204341555341444f53204120544552434549524f532c2053454a414d20454c45532c2041434944454e544149532c204553504543494149532c20494e44495245544f532c20494e434944454e544149532c2050554e495449564f53204f5520434f4e5345512655756d6c3b454e5445532028494e434c55494e444f2c2053454d204c494d4954412643636564696c3b264174696c64653b4f2c204f532044414e4f5320524553554c54414e5445532044412050455244412044452055534f2c205045524441204445204441444f532c205045524441204445204c5543524f532c205045524441204445205052455354264961637574653b47494f204f55205045524441204445204e4547264f61637574653b43494f5329205155452054454e48414d205355524749444f20454d20434f4e5345512655756d6c3b2645636972633b4e434941204f5520454d20434f4e4558264174696c64653b4f20434f4d2041205554494c495a412643636564696c3b264174696c64653b4f20494e444556494441204f55204120494e43415041434944414445204445205554494c495a412643636564696c3b264174696c64653b4f20284d41552055534f204f552055534f20494e434f525245544f2920444120504c415441464f524d412c204f552041494e4441204445434f5252454e544553204445204341555341532045585445524e415320434f4d4f2046414c4841204e4f2048415244574152452c2046414c544120444520454e45524749412c20494e5354414c412643636564696c3b264174696c64653b4f20494e444556494441204f5520434f4e4649475552412643636564696c3b264174696c64653b4f20444f2053495354454d41204f5045524143494f4e414c2c20454d205649525455444520444520534552454d204641544f5320414c4845494f5320264167726176653b5320412643636564696c3b264f74696c64653b455320444120464153542053414c4f4e2c2045535441204e264174696c64653b4f20504f444552264161637574653b20415353554d4952204f53205052454a55264961637574653b5a4f53204445434f5252454e54455320444f2044414e4f2e3c2f703e0a0a3c703e266e6273703b3c2f703e0a0a3c703e4120464153542053414c4f4e204e264174696c64653b4f20504f444520474152414e5449522041205345475552414e2643636564696c3b41204142534f4c5554412044415320494e464f524d412643636564696c3b264f74696c64653b455320454e564941444153204154524156264561637574653b5320444120504c415441464f524d412c2044455649444f20264167726176653b204e41545552455a4120444120494e5445524e4554204520504f52204f5554524f53204641544f5245532c20504f53544f204953534f2053452046415a20494d504f5254414e544520434f4e534944455241522045535345204641544f204e4f204341534f20444520454e56494f20444520494e464f524d412643636564696c3b264f74696c64653b45532e3c2f703e0a0a3c703e266e6273703b3c2f703e0a0a3c703e4f732061746f732070726f696269646f732c2072656c6163696f6e61646f7320616f206c6f6e676f20646573746573205465726d6f732c206e266174696c64653b6f2073266174696c64653b6f2065786175737469766f732065206120464153542053414c4f4e20636f6f7065726172266161637574653b20706c656e616d656e746520636f6d20717561697371756572206175746f72696461646573206f752074726962756e616973207175652076656e68616d206120736f6c696369746172206120646976756c67612663636564696c3b266174696c64653b6f206461206964656e746964616465206f75206c6f63616c697a612663636564696c3b266174696c64653b6f206465207175616c7175657220706573736f61207175652074656e686120696e736572696e646f207175616c71756572206d6174657269616c206e6120706c617461666f726d612065207175652076696f6c656d20617320436c266161637574653b7573756c617320646973706f737461732e266e6273703b3c2f703e0a0a3c703e266e6273703b3c2f703e0a0a3c703e506f64656d2065786973746972206c696e6b7320646120504c415441464f524d412c206f7520646520636f6d756e6963612663636564696c3b266f74696c64653b657320717565206f20434c49454d54452072656365626520646120504c415441464f524d412c2070617261207369746573206f75207265637572736f7320646520746572636569726f732e2054616d62266561637574653b6d20706f64656d2065786973746972206c696e6b732070617261207369746573206f75207265637572736f7320646520746572636569726f7320656d20696d6167656e73206f7520636f6d656e74266161637574653b72696f732064656e74726f20646120504c415441464f524d412e204120504c415441464f524d412074616d62266561637574653b6d20696e636c756920636f6e7465267561637574653b646f20646520746572636569726f7320717565206e266174696c64653b6f20636f6e74726f6c612c206d616e74656d206f752061706f69612e20412066756e63696f6e616c696461646520646120504c415441464f524d4120706f64652074616d62266561637574653b6d207065726d6974697220696e746572612663636564696c3b266f74696c64653b657320656e747265206120504c415441464f524d41206520756d2073697465206f75207265637572736f20646520746572636569726f732c20696e636c75696e646f2061706c6963617469766f732071756520636f6e656374616d206120504c415441464f524d41206f75207365752070657266696c206e6120504c415441464f524d41206120756d2073697465206f75207265637572736f20646520746572636569726f732e204120464153542053414c4f4e206e266174696c64653b6f20636f6e74726f6c61206e656e68756d206465737365732073657276692663636564696c3b6f732064612057656220646520746572636569726f73206f75207175616c7175657220636f6e7465267561637574653b646f2064656c65732e204f20434c49454e5445205245434f4e48454345204520434f4e434f5244412045585052455353414d454e544520515545204f20464153542053414c4f4e204e264174696c64653b4f20264561637574653b2c20444520464f524d4120414c47554d412c20524553504f4e53264161637574653b56454c20504f522045535345532053455256492643636564696c3b4f53204f55205245435552534f5320444520544552434549524f532e2053554120434f52524553504f4e442645636972633b4e4349412045204e4547264f61637574653b43494f5320434f4d20544552434549524f53204f425449444f53204154524156264561637574653b5320444120504c415441464f524d412053264174696c64653b4f20534f4d454e544520454e545245204f20434c49454e54452045204f20544552434549524f3a20286929207365206f20434c49454e54452075736120756d2041706c6963617469766f207061726120636f6d70617274696c68617220696e666f726d612663636564696c3b266f74696c64653b65732c20657374266161637574653b20636f6e636f7264616e646f2071756520696e666f726d612663636564696c3b266f74696c64653b657320646f207365752070657266696c206e6120504c415441464f524d412073656a616d20636f6d70617274696c68616461733b2028696929207365752075736f20646520756d2041706c6963617469766f20706f64652066617a657220636f6d2071756520696e666f726d612663636564696c3b266f74696c64653b6573206465206964656e7469666963612663636564696c3b266174696c64653b6f20706573736f616c2073656a616d206162657274616d656e746520646976756c676164617320652f6f75206173736f63696164617320616f20434c49454e54452c206d65736d6f207365206120464153542053414c4f4e206e266174696c64653b6f20746976657220666f726e656369646f20657373617320696e666f726d612663636564696c3b266f74696c64653b65733b2065202869696929207365752075736f20646520756d2041706c6963617469766f20266561637574653b20706f7220737561207072266f61637574653b7072696120636f6e7461206520726973636f2c2065206973656e7461206120464153542053414c4f4e206465207175616c7175657220726573706f6e736162696c69646164652e3c2f703e0a0a3c703e266e6273703b3c2f703e0a0a3c703e4120504c415441464f524d412c20494e434c55494e444f2c20454e545245204f555452415320434f495341532c204120535541205445434e4f4c4f4749412045204f266e6273703b2053455520434f4e5445265561637574653b444f2c2053264174696c64653b4f20464f524e454349444f53202671756f743b4e4f2045535441444f20454d2051554520534520454e434f4e5452412671756f743b2c202671756f743b434f4e464f524d4520444953504f4e264961637574653b56454c2671756f743b2045202671756f743b434f4d20544f4441532041532046414c4841532671756f743b2e204e4f205249474f52204d264161637574653b58494d4f205045524d495449444f2050454c41204c454749534c412643636564696c3b264174696c64653b4f2c204120504c415441464f524d41204f55204120464153542053414c4f4e204f55205155414c5155455220554d20444520534555532046554e43494f4e264161637574653b52494f532c20474552454e5445532c2044495245544f524553204f55204147454e5445532028434f4c45544956414d454e54452c204153202671756f743b50415254455320444120504c415441464f524d412671756f743b29204e264174696c64653b4f20464f524e4543454d204e454e48554d41204445434c4152412643636564696c3b264174696c64653b4f20464f524d414c204f5520474152414e544941204f5520454e444f53534f204445205155414c51554552205449504f2c2053454a41205155414c20464f522c204558504c264961637574653b4349544f204f5520494d504c264961637574653b4349544f2c20454d2052454c412643636564696c3b264174696c64653b4f20413a20284129204120504c415441464f524d413b20284229204f20434f4e5445265561637574653b444f20444120504c415441464f524d413b20284329204f20434f4e5445265561637574653b444f20444f20555355264161637574653b52494f3b204f55202844292041205345475552414e2643636564696c3b41204153534f434941444120264167726176653b205452414e534d495353264174696c64653b4f20444520494e464f524d412643636564696c3b264f74696c64653b45532050415241204120504c415441464f524d41204f55204154524156264561637574653b5320444120504c415441464f524d412e20414c264561637574653b4d20444953534f2c2041532050415254455320444120504c415441464f524d412052454a454954414d2c20504f52204d45494f2044455354452c20544f44415320415320474152414e544941532c204558504c264961637574653b4349544153204f5520494d504c264961637574653b43495441532c20494e434c55494e444f2c20454e545245204f55545241532c20415320474152414e5449415320444520434f4d45524349414c495a412643636564696c3b264174696c64653b4f2c204144455155412643636564696c3b264174696c64653b4f204120554d412044455445524d494e4144412046494e414c49444144452c204e264174696c64653b4f2056494f4c412643636564696c3b264174696c64653b4f2c2044452054264961637574653b54554c4f2c20444520494e54454752412643636564696c3b264174696c64653b4f2044452053495354454d412045204445204155532645636972633b4e4349412044452056264961637574653b52555320444520434f4d50555441444f522e3c2f703e0a0a3c703e266e6273703b3c2f703e0a0a3c703e4120464153542053414c4f4e204e264174696c64653b4f204445434c415241204f5520474152414e544520515545204120504c415441464f524d41204e264174696c64653b4f204150524553454e544152264161637574653b204552524f53204f5520494e5445525255502643636564696c3b264f74696c64653b45533b20515545204f53204445464549544f5320534552264174696c64653b4f20434f5252494749444f533b204f5520515545204120504c415441464f524d41204f55204f205345525649444f522051554520444953504f4e4942494c495a41204120504c415441464f524d4120264561637574653b204953454e544f20444520434f4d504f4e454e5445205052454a5544494349414c2c20494e434c55494e444f2c20454e545245204f5554524f532c2056264961637574653b5255532e204120464153542053414c4f4e204e264174696c64653b4f20464f524e454345204e454e48554d41204445434c4152412643636564696c3b264174696c64653b4f204f5520474152414e5449412044452051554520415320494e464f524d412643636564696c3b264f74696c64653b45532028494e434c55494e444f2051554149535155455220494e535452552643636564696c3b264f74696c64653b455329204e4120504c415441464f524d412053454a414d2050524543495341532c20434f4d504c45544153204f5520265561637574653b544549532e266e6273703b3c2f703e0a0a3c703e266e6273703b3c2f703e0a0a3c703e4120464153542053414c4f4e204e264174696c64653b4f20474152414e544520515545204f205345552055534f20444120504c415441464f524d412053454a41204c264961637574653b4349544f20454d204e454e48554d41204a5552495344492643636564696c3b264174696c64653b4f204553504543264961637574653b464943412e266e6273703b3c2f703e0a0a3c703e266e6273703b3c2f703e0a0a3c703e414f2041434553534152204f552055534152204120504c415441464f524d412c204f20555355264161637574653b52494f204445434c415241204520474152414e544520515545205355415320415449564944414445532053264174696c64653b4f204c264961637574653b434954415320454d20544f444153204153204a5552495344492643636564696c3b264f74696c64653b4553204445204f4e444520414345535341204f5520555341204120504c415441464f524d412e266e6273703b3c2f703e0a0a3c703e266e6273703b3c2f703e0a0a3c703e454d204e454e48554d412043495243554e53542641636972633b4e434941204120464153542053414c4f4e20544552264161637574653b205155414c51554552204f42524947412643636564696c3b264174696c64653b4f205041524120434f4d204f20555355264161637574653b52494f20504f52205155414c51554552205045524441204f552044414e4f204445205155414c51554552205449504f2028494e434c55494e444f2c20454e545245204f5554524f532c20504f52205155414c51554552205045524441204f552044414e4f2044495245544f2c20494e44495245544f2c2045434f4e264f636972633b4d49434f2c204558454d504c41522c20455350454349414c2c2050554e495449564f2c2041434944454e54414c204f5520434f4e53455155454e4349414c292051554520455354454a4120444952455441204f5520494e4449524554414d454e54452052454c4143494f4e41444f20413a20284129204120504c415441464f524d413b20284229204f20434f4e5445265561637574653b444f20444120504c415441464f524d413b20284329204f20434f4e5445265561637574653b444f20444f20555355264161637574653b52494f3b20284429205345552055534f2c20494d504f53534942494c49444144452044452055534f2c204f55204f20444553454d50454e484f20444120504c415441464f524d413b20284529205155414c5155455220412643636564696c3b264174696c64653b4f20544f4d4144412052454c4154495641204120554d4120494e564553544947412643636564696c3b264174696c64653b4f2050454c41532050415254455320444120504c415441464f524d41204f55204155544f5249444144455320434f4d504554454e54455320454d2052454c412643636564696c3b264174696c64653b4f20414f205345552055534f20444120504c415441464f524d41204f5520414f2055534f20444120504c415441464f524d4120504f52204f555452412050415254453b20284629205155414c5155455220412643636564696c3b264174696c64653b4f20544f4d4144412052454c415449564120414f532050524f5052494554264161637574653b52494f53204445204449524549544f53204155544f52414953204f55204f5554524f53204449524549544f532044452050524f505249454441444520494e54454c45435455414c3b20284729205155414c51554552204552524f204f55204f4d495353264174696c64653b4f204e41204f504552412643636564696c3b264174696c64653b4f20444120504c415441464f524d413b204f5520284829205155414c515545522044414e4f20414f20434f4d50555441444f522c20444953504f53495449564f204d264f61637574653b56454c204f55204f5554524f204551554950414d454e544f204445205155414c5155455220555355264161637574653b52494f204f55205445434e4f4c4f47494120494e434c55494e444f2c20454e545245204f5554524f532c2044414e4f5320454d2046554e2643636564696c3b264174696c64653b4f2044452046414c484153204445205345475552414e2643636564696c3b41204f55204445205155414c51554552205449504f2044452056264961637574653b5255532c20425547532c2046414c5349464943412643636564696c3b264174696c64653b4f2c204652415544452c204552524f2c204f4d495353264174696c64653b4f2c20494e5445525255502643636564696c3b264174696c64653b4f2c204445464549544f2c2041545241534f204e41204f504552412643636564696c3b264174696c64653b4f204f55205452414e534d495353264174696c64653b4f2c2046414c4841204e41204c494e4841204f55205245444520444520434f4d50555441444f524553204f55205155414c51554552204f5554524f205449504f2044452050524f424c454d412054264561637574653b434e49434f204f552046554e43494f4e414d454e544f20494e434f525245544f2c20494e434c55494e444f2c20454e545245204f5554524f532c2044414e4f5320504f52205045524441204445204c5543524f532c20504552444120444520435245444942494c49444144452c205045524441204445204441444f532c20494e5445525255502643636564696c3b264174696c64653b4f20444f2054524142414c484f2c20505245434953264174696c64653b4f20444520524553554c5441444f532c204f552046414c4841204f552046554e43494f4e414d454e544f20494e434f525245544f20444520434f4d50555441444f522c204d45534d4f20534520414e5445564953544f53204f55204d45534d4f2053452041532050415254455320444120504c415441464f524d41205449564552454d205349444f20494e464f524d41444153204f5520444556455353454d2054455220434f4e484543494d454e544f20534f425245204120504f53534942494c494441444520444520544149532044414e4f532c2053454a4120454d20554d4120412643636564696c3b264174696c64653b4f20434f4e5452415455414c2c204e45474c49472645636972633b4e4349412c20524553504f4e534142494c4944414445204f424a4554495641204f552044454c49544f2028494e434c55494e444f2c20454e545245204f555452415320434f495341532c205345204341555341444f20544f54414c204f55205041524349414c4d454e544520504f52204e45474c49472645636972633b4e4349412c20464f522643636564696c3b41204d41494f522c2046414c48412044452054454c45434f4d554e4943412643636564696c3b264174696c64653b4f2c204f5520524f55424f204f5520444553545255492643636564696c3b264174696c64653b4f20444120504c415441464f524d41292e20454d204e454e48554d204341534f204120464153542053414c4f4e20544552264161637574653b205155414c51554552205449504f204445204f42524947412643636564696c3b264174696c64653b4f205041524120434f4d204f20434c49454e5445204f55205155414c51554552204f5554524120504553534f4120504f522050455244412c2044414e4f53204f55205052454a55264961637574653b5a4f2e3c2f703e0a0a3c703e266e6273703b3c2f703e0a0a3c703e4f20434c49454e5445207265636f6e686563652065206465636c6172612071756520636f6d707265656e646520652074656d20636f6e7363692665636972633b6e63696120646520746f646f73206f7320726973636f7320656e766f6c7669646f73206e61207574696c697a612663636564696c3b266174696c64653b6f20646120504c415441464f524d412065206e6120636f6e74726174612663636564696c3b266174696c64653b6f20646f732073657276692663636564696c3b6f732c20636f6d70726f6d6574656e646f2d7365206120746f6d6172206f73206375696461646f732072617a6f6176656c6d656e746520657370657261646f7320646520616c6775266561637574653b6d20717565206573636f6c68652073657276692663636564696c3b6f7320646520666f726d61206f6e6c696e652e3c2f703e0a0a3c703e266e6273703b3c2f703e0a0a3c703e4f7320434c49454e544553207365206465636c6172616d206369656e7465732065206d616e6966657374616d20612073756120636f6e636f72642661636972633b6e63696120636f6d206f2073656775696e74653a3c2f703e0a0a3c703e266e6273703b3c2f703e0a0a3c703e6f732073657276692663636564696c3b6f7320707265737461646f732070656c6120464153542053414c4f4e207365207265737472696e67656d20266167726176653b206f7065726163696f6e616c697a612663636564696c3b266174696c64653b6f20646520756d20616d6269656e7465207669727475616c20646520736f6c69636974612663636564696c3b266f74696c64653b65732064652073657276692663636564696c3b6f733b3c2f703e0a0a3c703e266e6273703b3c2f703e0a0a3c703e6120464153542053414c4f4e206e266174696c64653b6f20706f646572266161637574653b2073657220726573706f6e736162696c697a61646f20706f7220717561697371756572206465736176656e2663636564696c3b617320656e74726520555355264161637574653b52494f53206465636f7272656e74657320646f20636f6e7465267561637574653b646f206f752064612065786563752663636564696c3b266174696c64653b6f20646520756d2073657276692663636564696c3b6f3b3c2f703e0a0a3c703e266e6273703b3c2f703e0a0a3c703e6120464153542053414c4f4e206e266174696c64653b6f20706f646572266161637574653b2073657220726573706f6e736162696c697a6164612070656c61206576656e7475616c20646573636f6e666f726d696461646520646f20636f6e7465267561637574653b646f20646f7320636c6173736966696361646f7320636f6d2061207265616c696461646520646f73206661746f7320652061206c656769736c612663636564696c3b266174696c64653b6f20766967656e74653b266e6273703b3c2f703e0a0a3c703e266e6273703b3c2f703e0a0a3c703e6120464153542053414c4f4e206e266174696c64653b6f20706f646572266161637574653b2073657220726573706f6e736162696c697a6164612070656c6173206176616c69612663636564696c3b266f74696c64653b65732066656974617320706f7220756d20555355264161637574653b52494f20656d2072656c612663636564696c3b266174696c64653b6f20616f206f7574726f206e6f2073697374656d61206465206176616c69612663636564696c3b266174696c64653b6f2e3c2f703e0a0a3c703e266e6273703b3c2f703e0a0a3c703e4f20434c49454e544520266561637574653b206f20267561637574653b6e69636f20726573706f6e73266161637574653b76656c2070656c6f20706167616d656e746f20646f732073657276692663636564696c3b6f7320636f6e7472617461646f732e3c2f703e0a0a3c703e266e6273703b3c2f703e0a0a3c703e4120464153542053414c4f4e204e264174696c64653b4f20534520524553504f4e534142494c495a4120504f52205155414c51554552204341534f20454d20515545204f434f525241204552524f20534953542645636972633b4d49434f2051554520414c544552454d204441444f53204f5520494e464f524d412643636564696c3b264f74696c64653b4553205245464552454e54455320414f532053455256492643636564696c3b4f532c20494e434c555349564520414f53205052452643636564696c3b4f5320494e464f524d41444f53204e4120504c415441464f524d412e20454d204341534f204445204552524f2c204f20434c49454e544520534552264161637574653b20434f4d554e494341444f2056494120452d4d41494c2c2054454c45464f4e45204f55204154524156264561637574653b5320444f2053414320534f425245204f2043414e43454c414d454e544f204445205345552050454449444f2e204e4f204341534f2044452043414e43454c414d454e544f20444f2050454449444f2c2041204f504552412643636564696c3b264174696c64653b4f20534552264161637574653b20414e554c4144412045204f532056414c4f524553204556454e5455414c4d454e5445205041474f5320534552264174696c64653b4f204445564f4c5649444f532e3c2f703e0a0a3c703e266e6273703b3c2f703e0a0a3c703e4f20434c49454e54452066696361206369656e74652065206163656974612c20646520666f726d612065787072657373612c20717565206120464153542053414c4f4e206e266174696c64653b6f20736520726573706f6e736162696c697a613a3c6272202f3e0a3c6272202f3e0a61292050656c61207265706172612663636564696c3b266174696c64653b6f206465207175616973717565722064616e6f732c206465207175616c71756572206e61747572657a612c20646520666f726d6120646972657461206f7520696e6469726574612c206361757361646f7320656e747265206f7320555355264161637574653b52494f532c2070656c612076656963756c612663636564696c3b266174696c64653b6f20646f732073657276692663636564696c3b6f7320707265737461646f7320652f6f7520636f6e7472617461646f7320656e747265206f7320555355264161637574653b52494f532e3c6272202f3e0a3c6272202f3e0a62292050656c617320696e666f726d612663636564696c3b266f74696c64653b657320696e737566696369656e746573206f7520696e61646571756164617320736f6272652061207574696c697a612663636564696c3b266174696c64653b6f2c20667275692663636564696c3b266174696c64653b6f206520726973636f732072656c617469766f7320616f732073657276692663636564696c3b6f7320707265737461646f732070656c6f2050524f46495353494f4e414c20652f6f7520636f6e7472617461646f732070656c6f20434c49454e54452e3c6272202f3e0a3c6272202f3e0a6329204f7320636f6e7461746f7320656665747561646f7320656e747265206f2050524f46495353494f4e414c2065206f73207265737065637469766f7320434c49454e5445532c2062656d20636f6d6f206f73207265737065637469766f7320706167616d656e746f7320652070726f6d657373617320646520656e7472656761206465207175616973717565722073657276692663636564696c3b6f732c207465726d6f732c20636f6e64692663636564696c3b266f74696c64653b65732c20676172616e74696173206f75206465636c6172612663636564696c3b266f74696c64653b6573206173736f63696164617320612074616973206e65676f6369612663636564696c3b266f74696c64653b65732c20636f6d70726f6d6574656d206578636c75736976616d656e7465206f7320555355264161637574653b52494f5320656e7472652073692e3c6272202f3e0a3c6272202f3e0a64292050656c6f73206173706563746f732066696e616e636569726f7320646173207472616e73612663636564696c3b266f74696c64653b6573206520706167616d656e746f73207265616c697a61646f7320656e74726520434c49454e54455320652050524f46495353494f4e4149532c20766973746f20717565206573746120266561637574653b20756d6120726573706f6e736162696c6964616465206578636c757369766120646120706c617461666f726d6120646520706167616d656e746f2e3c2f703e0a0a3c703e266e6273703b3c2f703e0a0a3c703e4120464153542053414c4f4e207365206578696d652c20706f7274616e746f2c206465207175616c7175657220726573706f6e736162696c696461646520656d2072656c612663636564696c3b266174696c64653b6f20616f7320555355264161637574653b52494f532c2073656a6120636f6e7472617475616c20652f6f75206578747261636f6e7472617475616c2c206e266174696c64653b6f20726573706f6e64656e646f20706f7220706572646173206f752064616e6f73206465207175616c7175657220657370266561637574653b6369652c206f75206c7563726f732063657373616e7465732c2071756520726573756c74656d20646573736173206e65676f6369612663636564696c3b266f74696c64653b657320652f6f75207472616e73612663636564696c3b266f74696c64653b657320652f6f752061636f72646f7320636f6d20746572636569726f73206f75206465636f7272656e7465732064612070726573656e2663636564696c3b61206465207461697320616e756e6369616e7465732e3c2f703e0a0a3c703e266e6273703b3c2f703e0a0a3c703e456d206361736f20646520612663636564696c3b266174696c64653b6f206a7564696369616c2070726f706f73746120706f7220616c67756d20434c49454e544520656d206661636520646120464153542053414c4f4e2c20656d206465636f72722665636972633b6e636961206465207175616c7175657220612663636564696c3b266174696c64653b6f206f75206f6d697373266174696c64653b6f20707261746963616461206170266f61637574653b73206f20266c6471756f3b61636569746526726471756f3b20646f207265737065637469766f2073657276692663636564696c3b6f2070656c6f2050524f46495353494f4e414c2c2065737465206465636c61726120736572206578636c75736976616d656e746520726573706f6e73266161637574653b76656c20706f72206576656e74756169732064616e6f73206361757361646f7320616f20434c49454e54452065206f62726967612d73652c206174726176266561637574653b732064612070726573656e746520636c266161637574653b7573756c612c206120696e64656e697a6172206120464153542053414c4f4e20706f7220746f646f73206f73207072656a75266961637574653b7a6f73206465636f7272656e74657320646520636f6e64656e612663636564696c3b266174696c64653b6f206a7564696369616c2c206375737461732070726f6365737375616973206520686f6e6f72266161637574653b72696f73206164766f636174266961637574653b63696f732e3c2f703e0a0a3c703e266e6273703b3c2f703e0a0a3c703e4f20434c49454e5445207365206f627269676120612063756d70726972207269676f726f73616d656e746520636f6d206173206f62726967612663636564696c3b266f74696c64653b65732070726573656e746573206e6f73205465726d6f732064652055736f2065206e6120506f6c266961637574653b746963612064652050726976616369646164652c20617320717561697320636f72726573706f6e64656d20616f20706174616d6172206d266961637574653b6e696d6f206465207175616c696461646520646f2073657276692663636564696c3b6f20612073657220707265737461646f2e3c2f703e0a0a3c703e266e6273703b3c2f703e0a0a3c703e50656c6f206661746f20646120504c415441464f524d412073657220756d61206d65726120666163696c697461646f726120646520656e636f6e74726f20646520696e746572657373657320656e74726520434c49454e54455320652050524f46495353494f4e4149532c206e266174696c64653b6f2070617274696369706120646173207472616e73612663636564696c3b266f74696c64653b657320717565207365207265616c697a616d20656e747265206f7320555355264161637574653b52494f532c206465206d6f646f20717565206120726573706f6e736162696c696461646520706f7220746f646173206173206f62726967612663636564696c3b266f74696c64653b65732c2073656a616d20656c617320666973636169732c2074726162616c6869737461732c20636f6e73756d65726973746173206f75206465207175616c71756572206f75747261206e61747572657a612c206465636f7272656e74657320646173207472616e73612663636564696c3b266f74696c64653b6573206f726967696e61646173206e6120504c415441464f524d412c20736572266174696c64653b6f206578636c75736976616d656e746520646f732050524f46495353494f4e4149532e3c2f703e0a0a3c703e266e6273703b3c2f703e0a0a3c703e362e266e6273703b204449524549544f532044452050524f505249454441444520494e54454c45435455414c3c2f703e0a0a3c703e4f20434c49454e5445204e264174696c64653b4f20504f444552264161637574653b20464f524e454345522c205045524d49544952204f2055534f204f55205554494c495a4152204f5320544558544f532c204c4f474f5449504f532c204d41524341532c204d265561637574653b53494341532c20534f4e532c20464f544f475241464941532c2056264961637574653b44454f532045205155414c51554552204f55545241204f4252412050524f5445474944412c20434f4d4f20434f4e5445265561637574653b444f20412053455220444953504f4e4942494c495a41444f204e4120504c415441464f524d412c2053454d2041205052264561637574653b5649412045204558505245535341204155544f52495a412643636564696c3b264174696c64653b4f20444f20544954554c415220444f53204449524549544f53204441264961637574653b204445434f5252454e5445532e3c2f703e0a0a3c703e266e6273703b3c2f703e0a0a3c703e4f20434c49454e544520676172616e746520266167726176653b20464153542053414c4f4e2071756520657374266161637574653b206369656e74652064652071756520746f646f206f206d6174657269616c20666f726e656369646f20706f7220656c65206520636f6c6f6361646f206e6120504c415441464f524d4120656e636f6e7472612d7365206465766964616d656e74652070726f74656769646f20652074656d206120616e752665636972633b6e63696120657870726573736120646f73207265737065637469766f7320746974756c61726573206465206469726569746f73206175746f72616973206520646520696d6167656d206461266961637574653b206465636f7272656e7465732e3c2f703e0a0a3c703e266e6273703b3c2f703e0a0a3c703e4f20434c49454e54452045585052455353414d454e5445205245434f4e4845434520515545205155414c515545522056494f4c412643636564696c3b264174696c64653b4f205245464552454e544520264167726176653b5320494e464f524d412643636564696c3b264f74696c64653b455320494e53455249444153204e4120504c415441464f524d4120534552264161637574653b2044452053554120494e544549524120524553504f4e534142494c49444144452c20434142454e444f2041205349204558434c55534956414d454e544520415353554d4952204f20504f4c4f205041535349564f204445205155414c515545522050524f434544494d454e544f204a5544494349414c205155452056454e484120412053455220494e54454e5441444f20504f5220544552434549524f532c2041425354454e444f2d5345204445534445204a264161637574653b204445205155414c51554552204348414d414d454e544f20264167726176653b204c49444520444120464153542053414c4f4e2c204520415243414e444f20434f4d20544f444153204153204445535045534153204441264961637574653b204445434f5252454e5445532c20494e434c55494e444f204f5320484f4e4f52264161637574653b52494f53204144564f434154264961637574653b43494f532041515549204553544950554c41444f5320454d20323025202856494e544520504f522043454e544f2920444f2056414c4f522044412043415553412e3c2f703e0a0a3c703e266e6273703b3c2f703e0a0a3c703e414f2054264561637574653b524d494e4f20444f20434f4e545241544f204520445552414e54452041205649472645636972633b4e434941204445535445204f20434c49454e5445204e264174696c64653b4f20544552264161637574653b204449524549544f20414f532043264f61637574653b4449474f5320464f4e54452c204553545255545552412044452042414e434f204445204441444f532c2052454c4154264f61637574653b52494f532c204f55205155414c5155455220504152544520434f4d504f4e454e544520444120504c415441464f524d412c204e454d20444f5320434f4e5445265561637574653b444f5320444953504f4e4942494c495a41444f53204e4120504c415441464f524d412e3c2f703e0a0a3c703e266e6273703b3c2f703e0a0a3c703e4f20434c49454e5445207265636f6e686563652071756520612070726f707269656461646520696e74656c65637475616c20646120504c415441464f524d4120652064617320696e666f726d612663636564696c3b266f74696c64653b657320646f2062616e636f206465206461646f7320266561637574653b20646120464153542053414c4f4e20652073756120746974756c61726964616465206e266174696c64653b6f20266561637574653b206f626a65746f20646f2070726573656e746520696e737472756d656e746f2e3c2f703e0a0a3c703e266e6273703b3c2f703e0a0a3c703e4120464153542053414c4f4e20266561637574653b2070726f7072696574266161637574653b726961206520646574656e746f726120646520746f646f73206f73206469726569746f73206175746f726169732c206465206d6172636120636f6d65726369616c2c206465207365677265646f7320636f6d657263696169732065206465206f7574726f73206469726569746f732064652070726f7072696564616465207265666572656e74657320266167726176653b20504c415441464f524d412c207375617320617475616c697a612663636564696c3b266f74696c64653b65732c20646573656e766f6c76696d656e746f7320706f7220656e636f6d656e64612c206465726976612663636564696c3b266f74696c64653b65732c206d6f6469666963612663636564696c3b266f74696c64653b65732c2063266f61637574653b6469676f2d666f6e74652c2073697374656d61206465207075626c69636964616465206520746f64612073756120646f63756d656e74612663636564696c3b266174696c64653b6f2e3c2f703e0a0a3c703e266e6273703b3c2f703e0a0a3c703e4f20434c49454e5445206465636c6172612065787072657373616d656e74652074657220636f6e686563696d656e746f20717565206120464153542053414c4f4e20266561637574653b20652073656d70726520736572266161637574653b20612063726961646f726120696e74656c65637475616c206520746974756c617220646120504c415441464f524d412c2065207175656d20666f726d756c61206f2070656469646f20646520726567697374726f2064657374612c206465207365752063266f61637574653b6469676f2d666f6e74652c207375617320617475616c697a612663636564696c3b266f74696c64653b65732c206465726976612663636564696c3b266f74696c64653b65732065206d6f6469666963612663636564696c3b266f74696c64653b65732c2073656e646f206120646574656e746f7261206c6567616c20646520717561697371756572206469726569746f7320736f62726520657373612c20657374616e646f2070726f7465676964612070656c61206c656769736c612663636564696c3b266174696c64653b6f20766967656e74652c207072696e636970616c6d656e7465206173204c656973206e266f72646d3b2e20392e3630392f3938206520392e3631302f39382e3c2f703e0a0a3c703e266e6273703b3c2f703e0a0a3c703e4e656e68756d6120706172746520646573746120504c415441464f524d4120706f646572266161637574653b2073657220726570726f64757a696461206f752061726d617a656e61646120656d207175616c71756572206f7574726f20776562736974652f61706c6963617469766f206f7520696e636c75266961637574653b646120656d207175616c717565722073697374656d61206f752073657276692663636564696c3b6f20656c657472266f636972633b6e69636f2070267561637574653b626c69636f206f75207072697661646f2c2073656d207072266561637574653b76696f20636f6e73656e74696d656e746f2c20706f72206573637269746f2c20646120464153542053414c4f4e2e3c2f703e0a0a3c703e266e6273703b3c2f703e0a0a3c703e4f20434c49454e5445204e264174696c64653b4f20504f4445204d4f444946494341522c20414441505441522c2054524144555a49522c2050524550415241522054524142414c484f5320444552495641444f532c20444553434f4d50494c41522c2046415a455220454e47454e484152494120524556455253412c204445534d4f4e544152204e454d2054454e54415220444520464f524d4120414c47554d412044455249564152204f2043264f61637574653b4449474f2d464f4e544520444553544120504c415441464f524d412c2045204e264174696c64653b4f20504f44452052454d4f5645522c204f425343555245434552204e454d20414c5445524152204f20415649534f20444520434f505952494748542c204153204d415243415320434f4d45524349414953204f55204f5554524f5320415649534f53204445204449524549544f532044452050524f505249454441444520444120464153542053414c4f4e204146495841444f532c20434f4e5449444f53204f5520414345535341444f5320454d20434f4e4a554e2643636564696c3b264174696c64653b4f204120455354412e3c2f703e0a0a3c703e266e6273703b3c2f703e0a0a3c703e4120464153542053414c4f4e206e266174696c64653b6f2072656976696e6469636120612070726f7072696564616465206465206e656e68756d20436f6e7465267561637574653b646f20717565206f20434c49454e5445207075626c696361206174726176266561637574653b7320646120504c415441464f524d412e20456d2076657a20646973736f2c206f20555355264161637574653b52494f20636f6e6365646520266167726176653b20464153542053414c4f4e2c20706f72206d65696f2064657374652c20756d61206c6963656e2663636564696c3b6120676c6f62616c2c206e266174696c64653b6f206578636c75736976612c207375626c6963656e6369266161637574653b76656c2c2073656d20726f79616c74696573206520746f74616c6d656e746520717569746164612064652075736f20646f20436f6e7465267561637574653b646f2c206465736465207175652072657370656974616461206120506f6c266961637574653b7469636120646520507269766163696461646520646120504c415441464f524d412e3c2f703e0a0a3c703e266e6273703b3c2f703e0a0a3c703e4120504c415441464f524d4120636f6e74266561637574653b6d20636f6e7465267561637574653b646f2064652070726f707269656461646520646120464153542053414c4f4e206f75206c6963656e636961646f20706f72206573746120282671756f743b436f6e7465267561637574653b646f20646120464153542053414c4f4e2671756f743b29206f752064652070726f707269656461646520646520746572636569726f732e204f20434c49454e5445206e266174696c64653b6f206972266161637574653b2072656d6f7665722c20616c7465726172206f75206f63756c74617220717561697371756572206469726569746f73206175746f726169732c206d6172636120636f6d65726369616c2c206d617263612064652073657276692663636564696c3b6f206f75206f7574726f7320617669736f73206465206469726569746f732070726f7072696574266161637574653b72696f7320696e636f72706f7261646f732061206f75207175652061636f6d70616e68616d206f20436f6e7465267561637574653b646f2c2062656d20636f6d6f206e266174696c64653b6f206972266161637574653b20726570726f64757a69722c206d6f646966696361722c20616461707461722c2070726570617261722074726162616c686f7320646572697661646f73206261736561646f7320656d2c2065786563757461722c206578696269722c207075626c696361722c20646973747269627569722c207472616e736d697469722c20646966756e6469722c2076656e6465722c206c6963656e63696172206f752c206465206f7574726f206d6f646f2c206578706c6f726172206f20436f6e7465267561637574653b646f20696e6465766964616d656e74652e3c2f703e0a0a3c703e266e6273703b3c2f703e0a0a3c703e546f646f73206f7320636162652663636564696c3b616c686f732064652070266161637574653b67696e612c20656c656d656e746f73206772266161637574653b6669636f7320706572736f6e616c697a61646f732c20266961637574653b636f6e657320646520626f74266f74696c64653b6573206520736372697074732073266174696c64653b6f206d61726361732064652073657276692663636564696c3b6f2c206d617263617320636f6d6572636961697320652f6f7520636f6e6a756e746f2d696d6167656d20646120464153542053414c4f4e2c2065206e266174696c64653b6f20706f64656d2073657220636f706961646f732c20696d697461646f73206f7520757361646f732c20656d2073756120746f74616c6964616465206f75207061726369616c6d656e74652c2073656d2061206175746f72697a612663636564696c3b266174696c64653b6f207072266561637574653b76696120706f72206573637269746f2064657374612e3c2f703e0a0a3c703e266e6273703b3c2f703e0a0a3c703e45786365746f206f6e64652065737065636966696361646f20656d20636f6e7472266161637574653b72696f206e6120506f6c266961637574653b7469636120646520507269766163696461646520646120504c415441464f524d412c207175616c7175657220436f6e7465267561637574653b646f20736572266161637574653b206e266174696c64653b6f20636f6e666964656e6369616c2065206120464153542053414c4f4e206e266174696c64653b6f20736572266161637574653b20726573706f6e736162696c697a61646120706f72207175616c717565722075736f206f7520646976756c67612663636564696c3b266174696c64653b6f20646f20436f6e7465267561637574653b646f2e3c2f703e0a0a3c703e266e6273703b3c2f703e0a0a3c703e4f20434c49454e5445207265636f6e68656365206520636f6e636f72646120717565206f207365752072656c6163696f6e616d656e746f20636f6d206120464153542053414c4f4e206e266174696c64653b6f20266561637574653b20756d2072656c6163696f6e616d656e746f20636f6e666964656e6369616c2c20666964756369266161637574653b72696f206f7520756d2072656c6163696f6e616d656e746f20657370656369616c206465207175616c71756572206f7574726f207469706f2c206520717565206120737561206465636973266174696c64653b6f20646520656e76696172207175616c7175657220436f6e7465267561637574653b646f206e266174696c64653b6f20636f6c6f6361206120464153542053414c4f4e20656d20756d6120706f73692663636564696c3b266174696c64653b6f207175652073656a612c206465207175616c7175657220666f726d612c206469666572656e746520646120706f73692663636564696c3b266174696c64653b6f206d616e7469646120706f72206d656d62726f7320646f2070267561637574653b626c69636f20656d20676572616c2c20696e636c75696e646f206e6f207175652064697a20726573706569746f20616f2073657520436f6e7465267561637574653b646f2e266e6273703b3c2f703e0a0a3c703e266e6273703b3c2f703e0a0a3c703e4120464153542053414c4f4e206e266174696c64653b6f20616365697461206d6174657269616973206f7520696465696173206e266174696c64653b6f20736f6c6963697461646f732065206e266174696c64653b6f20617373756d65206e656e68756d6120726573706f6e736162696c696461646520706f7220717561697371756572206d6174657269616973206f7520696465696173207472616e736d69746964617320646573746120666f726d612e2053452c20415045534152204445204e4f53534120504f4c264961637574653b544943412c204f20434c49454e5445204f5054415220504f5220454e5649415220434f4e5445265561637574653b444f2c20494e464f524d412643636564696c3b264f74696c64653b45532c204944454941532c20535547455354264f74696c64653b4553204f55204f5554524f53204d41544552494149532c204553544520434f4e434f52444120515545204120464153542053414c4f4e20455354264161637574653b204155544f52495a4144412041205554494c495a4152204553544520434f4e5445265561637574653b444f2c20494e464f524d412643636564696c3b264f74696c64653b45532c204944454941532c20535547455354264f74696c64653b4553204f55204f5554524f53204d41544552494149532c2050415241205155414c515545522046494e414c49444144452c2053454a41205155414c20464f522c20494e434c55494e444f2c20454e545245204f555452415320434f495341532c204f20444553454e564f4c56494d454e544f204520434f4d45524349414c495a412643636564696c3b264174696c64653b4f2044452050524f4455544f5320452053455256492643636564696c3b4f532c2053454d205155414c51554552204f42524947412643636564696c3b264174696c64653b4f204f5520504147414d454e544f204445205155414c51554552205449504f20534552264161637574653b2044455649444f2e3c2f703e0a0a3c703e266e6273703b3c2f703e0a0a3c703e5345204f20434c49454e54452056494f4c4152204f53204449524549544f532044452050524f505249454441444520494e54454c45435455414c20535550524120505245564953544f53204120464153542053414c4f4e20444553415449564152264161637574653b20412053554120434f4e5441205155414e444f204150524f50524941444f2e3c2f703e0a0a3c703e266e6273703b3c2f703e0a0a3c703e517561697371756572206469726569746f73206e266174696c64653b6f2065787072657373616d656e746520636f6e63656469646f73206e6573746573205465726d6f732064652055736f2073266174696c64653b6f2072657365727661646f7320266167726176653b20464153542053414c4f4e2e266e6273703b3c2f703e0a0a3c703e266e6273703b3c2f703e0a0a3c703e5175616c71756572206f7574726f207469706f206465207574696c697a612663636564696c3b266174696c64653b6f206465206d6174657269616c206175746f72697a61646f2c20696e636c757369766520706172612066696e7320656469746f72696169732c20636f6d65726369616973206f75207075626c69636974266161637574653b72696f732c2073266f61637574653b20706f646572266161637574653b2073657220666569746f206d656469616e7465207072266561637574653b76696f266e6273703b206520657870726573736f20636f6e73656e74696d656e746f20646120464153542053414c4f4e2e3c2f703e0a0a3c703e266e6273703b3c2f703e0a0a3c703e5175616c71756572207574696c697a612663636564696c3b266174696c64653b6f206e266174696c64653b6f206175746f72697a6164612070656c6f2070726573656e7465205465726d6f206f7520646520666f726d612065787072657373612070656c6120464153542053414c4f4e20736572266161637574653b20636f6e736964657261646120636f6d6f20756d612076696f6c612663636564696c3b266174696c64653b6f20646f73206469726569746f73206465206175746f7220652073756a6569746120266167726176653b732073616e2663636564696c3b266f74696c64653b657320636162266961637574653b76656973206e61204c656920392e3631302c2064652031392064652066657665726569726f20646520313939382c2071756520726567756c61206f73206469726569746f73206175746f72616973206520636f6e65786f73206e61206c656769736c612663636564696c3b266174696c64653b6f2062726173696c656972612e3c2f703e0a0a3c703e266e6273703b3c2f703e0a0a3c703e266e6273703b3c2f703e0a0a3c703e372e20434f4d454e54264161637574653b52494f53204520504f4c264961637574653b54494341204445205245505554412643636564696c3b264174696c64653b4f3c2f703e0a0a3c703e266e6273703b3c2f703e0a0a3c703e4120464153542053414c4f4e206f66657265636520756d612066657272616d656e7461207061726120617578696c696172206f7320557375266161637574653b72696f732061206964656e746966696361722065207665726966696361722061207072657374612663636564696c3b266174696c64653b6f20646f732073657276692663636564696c3b6f7320706f7220706172746520646f732050524f46495353494f4e4149532065206f20636f6d706f7274616d656e746f20646f7320434c49454e5445532c20636f6d206120706f73736962696c6964616465206465207175652073656a616d2076697375616c697a61646f7320636f6d656e74266161637574653b72696f73206465206f7574726f7320434c49454e54455320717565207574696c697a6172616d206f732073657276692663636564696c3b6f7320646f2070726f66697373696f6e616c20696e64696361646f2e3c2f703e0a0a3c703e266e6273703b3c2f703e0a0a3c703e4f20434c49454e54452071756520726563656265722033202874722665636972633b7329206176616c69612663636564696c3b266f74696c64653b65732061626169786f2064652033202874722665636972633b73292065737472656c617320656d20756d206d65736d6f206d2665636972633b7320746572266174696c64653b6f206f2073657520636164617374726f2073757370656e736f2073656d207175616c7175657220617669736f207072266561637574653b76696f2e266e6273703b3c2f703e0a0a3c703e266e6273703b3c2f703e0a0a3c703e4f20434c49454e544520706f646572266161637574653b20656e7472617220656d20636f6e7461746f20636f6d206120464153542053414c4f4e20266e6273703b70617261206176616c6961722065206e6f746966696361722064612066616c746120646520616c67756d206d6174657269616c206f752066616c7461206465206573746572696c697a612663636564696c3b266174696c64653b6f20646f73206d617465726961697320706f7220706172746520646f2050524f46495353494f4e414c2c266e6273703b207175652c20612063726974266561637574653b72696f20646120464153542053414c4f4e2c20706f646572266161637574653b2073757370656e642665636972633b2d6c6f206f75206578636c75266961637574653b2d6c6f20646120504c415441464f524d412e3c2f703e0a0a3c703e266e6273703b3c2f703e0a0a3c703e4f7320434c49454e54455320636f6e636f7264616d20717565206120464153542053414c4f4e20706f646572266161637574653b2063616e63656c61722c206578636c756972206f752073757370656e64657220706f722074656d706f20696e64657465726d696e61646f20636164617374726f7320717565206170726573656e74656d207175616c69666963612663636564696c3b266f74696c64653b6573206e656761746976617320646520666f726d61207265697465726164612c20612063726974266561637574653b72696f20646120464153542053414c4f4e2e3c2f703e0a0a3c703e266e6273703b3c2f703e0a0a3c703e54454e444f20454d20564953544120515545204f5320434f4d454e54264161637574653b52494f532041504f535441444f532053264174696c64653b4f204f50494e49264f74696c64653b455320504553534f41495320444f5320555355264161637574653b52494f532c20455354455320534552264174696c64653b4f20524553504f4e53264161637574653b564549532050454c4153204f50494e49264f74696c64653b4553205055424c494341444153204e4120504c415441464f524d412c2053454a4120504552414e5445204120464153542053414c4f4e2c20504552414e5445204f5320455850455254532c20544552434549524f532c20264f61637574653b5247264174696c64653b4f5320474f5645524e414d454e54414953204f552044454d41495320555355264161637574653b52494f5320444120504c415441464f524d412c204953454e54414e444f204120464153542053414c4f4e204445205155414c5155455220524553504f4e534142494c4944414445204e455354452053454e5449444f2e3c2f703e0a0a3c703e266e6273703b3c2f703e0a0a3c703e4120464153542053414c4f4e20706f646572266161637574653b2c2061207175616c717565722074656d706f2c2073656d207072266561637574653b76696f20617669736f2065206120736575206578636c757369766f2063726974266561637574653b72696f2c206578636c756972207175616c7175657220636f6d656e74266161637574653b72696f206f75207175616c69666963612663636564696c3b266174696c64653b6f206465207265707574612663636564696c3b266174696c64653b6f2c207365206f20636f6e7465267561637574653b646f20666f72206f66656e7369766f206f7520696e616465717561646f2e3c2f703e0a0a3c703e266e6273703b3c2f703e0a0a3c703e264561637574653b207265636f6d656e64266161637574653b76656c20717565206f7320434c49454e544553207574696c697a656d2061207075626c6963612663636564696c3b266174696c64653b6f20646520636f6d656e74266161637574653b72696f73206465206d616e6569726120706f6e646572616461206520726573747269746120266167726176653b206176616c69612663636564696c3b266174696c64653b6f2070726f66697373696f6e616c206520646f2073657276692663636564696c3b6f20706f7220656c6520707265737461646f2e3c2f703e0a0a3c703e266e6273703b3c2f703e0a0a3c703e4f20636f6e7465267561637574653b646f206465206361646120636f6d656e74266161637574653b72696f20266561637574653b20646520267561637574653b6e6963612065206578636c757369766120726573706f6e736162696c696461646520636976696c20652070656e616c20646f20434c49454e54452e204120464153542053414c4f4e206e266174696c64653b6f20736520726573706f6e736162696c697a6172266161637574653b2070656c6f20636f6e7465267561637574653b646f206465206e656e68756d20636f6d656e74266161637574653b72696f2e20456e74726574616e746f2c207365206e6563657373266161637574653b72696f2c206120464153542053414c4f4e2073652072657365727661206e6f266e6273703b206469726569746f20646520726570726f7661722c207265737472696e676972206f7520656c696d696e617220636f6d656e74266161637574653b72696f7320656d2064657361636f72646f20636f6d206f2070726f70266f61637574653b7369746f206465206176616c69612663636564696c3b266174696c64653b6f20646f732073657276692663636564696c3b6f732c2061207365752063726974266561637574653b72696f2c206f752071756520636f6e74656e68616d3a3c2f703e0a0a3c703e266e6273703b3c2f703e0a0a3c703e4f66656e736120266167726176653b20686f6e72612c20696d6167656d2c207265707574612663636564696c3b266174696c64653b6f2065206469676e696461646520646520746572636569726f733b3c2f703e0a0a3c703e506f726e6f6772616669612c207065646f66696c69612c2065206f7574726173206d6f64616c69646164657320646520736174697366612663636564696c3b266174696c64653b6f2073657875616c3b3c2f703e0a0a3c703e52616369736d6f206f75206469736372696d696e612663636564696c3b266174696c64653b6f206465207175616c71756572206e61747572657a613b3c2f703e0a0a3c703e42756c6c79696e672c205374616c6b696e67206f75207175616c71756572206f7574726120657370266561637574653b63696520646520636f6e737472616e67696d656e746f20696c6567616c206f7520617373266561637574653b64696f3b3c2f703e0a0a3c703e4d616e6966657374612076696f6c612663636564696c3b266174696c64653b6f2061206469726569746f206175746f72616c206f75206469726569746f20646520696d6167656d3b3c2f703e0a0a3c703e5574696c697a612663636564696c3b266174696c64653b6f206465206d61726361732c2073266961637574653b6d626f6c6f732c206c6f676f7469706f73206f7520656d626c656d617320646520746572636569726f733b3c2f703e0a0a3c703e496e73746967612663636564696c3b266174696c64653b6f206f752061706f6c6f67696120266167726176653b207072266161637574653b74696361206465206372696d65732c20636f6d6f207472266161637574653b6669636f206f752075736f20646520656e746f72706563656e7465732c206573747570726f2c20686f6d6963266961637574653b64696f2c20657374656c696f6e61746f2c2064656e747265206f7574726f733b3c2f703e0a0a3c703e41746976696461646520636f6d65726369616c2c2070726f6d6f63696f6e616c206f752071756520737567697261206f206578657263266961637574653b63696f206461206174697669646164652065636f6e266f636972633b6d696361207072266f61637574653b70726961206f7520646520746572636569726f733b3c2f703e0a0a3c703e4572726f73206f7520737573706569746120646520657175266961637574653b766f636f732e3c2f703e0a0a3c703e517561697371756572206f75747261732073697475612663636564696c3b266f74696c64653b657320717565206120464153542053414c4f4e206465736170726f76652e3c2f703e0a0a3c703e266e6273703b3c2f703e0a0a3c703e4120464153542053414c4f4e206e266174696c64653b6f207265636f6d656e64612c206170726f7661206f7520636f6e636f72646120717565206f20434c49454e5445207574696c697a65207465726d6f73206368756c6f732c2070656a6f72617469766f732c206f66656e7369766f73206f7520646966616d6174266f61637574653b72696f73206465207175616c71756572206e61747572657a612e204e6f20656e74616e746f2c2070617261206e266174696c64653b6f207072656a75646963617220555355264161637574653b52494f5320646520626f612d66266561637574653b2c206120726574697261646120646f20436f6e7465267561637574653b646f2064612066657272616d656e74612070656c6120464153542053414c4f4e20646570656e646572266161637574653b206465206566657469766120636f6d70726f76612663636564696c3b266174696c64653b6f206f7520666f72746520657669642665636972633b6e63696120646120696c6567616c6964616465206f7520696e6672612663636564696c3b266174696c64653b6f20266167726176653b206c65692c206469726569746f7320646520746572636569726f7320652f6f7520616f73205465726d6f732064652055736f2e204173206e6f7469666963612663636564696c3b266f74696c64653b6573206465766572266174696c64653b6f2061696e646120636f6e7465722061732073656775696e74657320696e666f726d612663636564696c3b266f74696c64653b65733a266e6273703b3c2f703e0a0a3c703e4964656e7469666963612663636564696c3b266174696c64653b6f20646f206f626a65746f2070726f74656769646f20706f72206469726569746f7320696e74656c65637475616973207175652074656e6861207369646f2076696f6c61646f2c20736520666f72206f206361736f3b3c2f703e0a0a3c703e4964656e7469666963612663636564696c3b266174696c64653b6f20646f206d6174657269616c20717565207375706f7374616d656e746520726570726573656e7461206120696e6672612663636564696c3b266174696c64653b6f206f7520696e666f726d612663636564696c3b266f74696c64653b6573206e6563657373266161637574653b726961732070617261206120646576696461206964656e7469666963612663636564696c3b266174696c64653b6f20646f20436f6e7465267561637574653b646f2e3c2f703e0a0a3c703e4f206e6f7469666963616e7465206465636c6172612071756520617320696e666f726d612663636564696c3b266f74696c64653b657320636f6e7469646173206e61206e6f7469666963612663636564696c3b266174696c64653b6f2073266174696c64653b6f20707265636973617320652076657264616465697261732c20736f622070656e6120646520696e636f72726572206e617320636f6e73657175656e74657320726573706f6e736162696c6964616465732063266961637574653b7665697320652070656e6169732c206520717565206f206e6f7469666963616e746520657374266161637574653b206175746f72697a61646f2061206167697220656d206e6f6d6520646f20746974756c617220646f206469726569746f207375706f7374616d656e74652076696f6c61646f2e3c2f703e0a0a3c703e266e6273703b3c2f703e0a0a3c703e4173206e6f7469666963612663636564696c3b266f74696c64653b6573206465766572266174696c64653b6f2073657220656e63616d696e686164617320266167726176653b20464153542053414c4f4e2070617261206f2073656775696e746520652d6d61696c3a20736163404641535453414c4f4e2e636f6d2e62722e204973746f20266561637574653b2c206170656e6173206173206e6f7469666963612663636564696c3b266f74696c64653b65732072656c6163696f6e6164617320266167726176653b20656665746976612076696f6c612663636564696c3b266174696c64653b6f206465206469726569746f7320646576656d2073657220656e63616d696e68616461732070617261206573746520656e646572652663636564696c3b6f2e266e6273703b3c2f703e0a0a3c703e266e6273703b3c2f703e0a0a3c703e4f20434c49454e544520706f646572266161637574653b206162726972206368616d61646f73206465207265636c616d612663636564696c3b266f74696c64653b657320636f6e747261206f732050524f46495353494f4e4149532c20726571756572656e646f20696e636c7573697665206f206573746f726e6f20646f20706167616d656e746f207265666572656e746520266167726176653b732061756c6173206d696e69737472616461732c20656d206174266561637574653b2037202873657465292064696173206461206461746120646520737561207265616c697a612663636564696c3b266174696c64653b6f2c2064657364652071756520696e666f726d65206f206d6f7469766f206461207265636c616d612663636564696c3b266174696c64653b6f2c20696e666f726d612663636564696c3b266f74696c64653b657320646f2050524f46495353494f4e414c206520636f6d70726f76612663636564696c3b266f74696c64653b6573207175652066756e64616d656e74656d206120737561207175656978612e3c2f703e0a0a3c703e266e6273703b3c2f703e0a0a3c703e266e6273703b3c2f703e0a0a3c703e4441205052495641434944414445204520444f53204441444f533c2f703e0a0a3c703e266e6273703b3c2f703e0a0a3c703e41207574696c697a612663636564696c3b266174696c64653b6f20646120504c415441464f524d412c20616c6961646120616f20616365697465206465737465205465726d6f206520646120506f6c266961637574653b746963612064652050726976616369646164652c20696d706c696361206e6f20636f6e73656e74696d656e746f20646f20434c49454e5445207061726120636f6c6574612c2061726d617a656e616d656e746f20652075736f2064617320696e666f726d612663636564696c3b266f74696c64653b657320706573736f6169732c2070726f66697373696f6e6169732c20636164617374726169732c2064652061636573736f20666f726e6563696461732065207375617320617475616c697a612663636564696c3b266f74696c64653b65732e3c2f703e0a0a3c703e266e6273703b3c2f703e0a0a3c703e4120464153542053414c4f4e20666172266161637574653b20746f646f206f20706f7373266961637574653b76656c2070617261206d616e746572206120707269766163696461646520646f73206461646f7320706573736f6169732061726d617a656e61646f7320656d2073756120626173652c20646520666f726d6120717565207574696c697a61207465636e6f6c6f676961207175652073656a6120737566696369656e74656d656e7465206164657175616461207061726120612070726f74652663636564696c3b266174696c64653b6f20646573746573206461646f732c20636f6d207669737461732061206d616e746572206f20616d6269656e746520646120504c415441464f524d412073656775726f2c207574696c697a616e646f2066657272616d656e746173206170726f70726961646173206520636f6e74726f6c6573206566696369656e746573206465207365677572616e2663636564696c3b6120646120696e666f726d612663636564696c3b266174696c64653b6f2e3c2f703e0a0a3c703e266e6273703b3c2f703e0a0a3c703e436f6e7475646f2c20636f6e7369646572616e646f20717565206e656e68756d2073697374656d61206465207365677572616e2663636564696c3b6120266561637574653b206162736f6c7574616d656e74652073656775726f2c206120464153542053414c4f4e207365206578696d652064652071756169737175657220726573706f6e736162696c69646164657320706f72206576656e74756169732064616e6f7320652f6f75207072656a75266961637574653b7a6f73206465636f7272656e7465732064652076266961637574653b7275732c20696e766173266f74696c64653b6573206e617320706c617461666f726d61732c20656d207375612062617365206465206461646f7320652064656d6169732066616c6861732072656c6163696f6e616461732e3c2f703e0a0a3c703e266e6273703b3c2f703e0a0a3c703e4120464153542053414c4f4e2072656365626520652061726d617a656e61206175746f6d61746963616d656e746520696e666f726d612663636564696c3b266f74696c64653b657320656d2073657573207365727669646f72657320736f627265206173206174697669646164657320616476696e64617320646f206e6176656761646f722c20696e636c75696e646f206f20656e646572652663636564696c3b6f204950206520612070266161637574653b67696e612061636573736164612c206174726176266561637574653b7320646f7320636f6f6b6965732c20717565207065726d6974656d206f207265636f6e686563696d656e746f20646f7320636f6d70757461646f72657320717565206163657373616d206120504c415441464f524d4120652061636f6d70616e68616d2061206e61766567612663636564696c3b266174696c64653b6f20646f20434c49454e54452064656e74726f2064657374612c206465206d616e65697261206120706572736f6e616c697a266161637574653b2d6c61266e6273703b2064652061636f72646f20636f6d206f2070657266696c2064652063616461207669736974616e74652e204f7320636f6f6b696573206e266174696c64653b6f2061726d617a656e616d206e656e68756d6120696e666f726d612663636564696c3b266174696c64653b6f20706573736f616c2c206170656e617320636f6e742665636972633b6d206f73206461646f73206465206c6f67696e20646f20757375266161637574653b72696f2e3c2f703e0a0a3c703e266e6273703b3c2f703e0a0a3c703e4f7574726173207465636e6f6c6f6769617320706f646572266174696c64653b6f20736572207574696c697a616461732070617261206f6274656e2663636564696c3b266174696c64653b6f206465206461646f73206465206e61766567612663636564696c3b266174696c64653b6f20646f73207669736974616e7465732e266e6273703b3c2f703e0a0a3c703e266e6273703b3c2f703e0a0a3c703e53656d207072656a75266961637574653b7a6f206461732064656d61697320646973706f73692663636564696c3b266f74696c64653b657320646573637269746173206e6120506f6c266961637574653b746963612064652050726976616369646164652c206f7320557375266161637574653b72696f73206465636c6172616d207465722063692665636972633b6e636961206520636f6e636f7264616d20717565206120464153542053414c4f4e20706f646572266161637574653b207574696c697a617220617320696e666f726d612663636564696c3b266f74696c64653b657320636f6c65746164617320706172613a2028692920696e666f726d6172206120726573706569746f206465206e6f766f73206576656e746f733b2028696929206d616e74657220617475616c697a61646f73206f7320636164617374726f7320646f7320757375266161637574653b72696f7320706172612066696e7320646520636f6e7461746f2074656c6566266f636972633b6e69636f2c20706f7220636f727265696f20656c657472266f636972633b6e69636f2c20766961206d616c61206469726574612c20534d53206f75206f7574726f73206d65696f7320646520636f6d756e6963612663636564696c3b266174696c64653b6f3b20286969692920617065726665692663636564696c3b6f617220612075736162696c696461646520652061206578706572692665636972633b6e63696120696e746572617469766120647572616e74652061206e61766567612663636564696c3b266174696c64653b6f20646f20757375266161637574653b72696f206e6120504c415441464f524d413b202869762920656c61626f726172206573746174266961637574653b737469636173206765726169732c2073656d207175652068616a61206964656e7469666963612663636564696c3b266174696c64653b6f20646f7320757375266161637574653b72696f733b202869762920676172616e7469722061207365677572616e2663636564696c3b6120646f73207669736974616e746573206520726573706f6e64657220612073756173206576656e74756169732064267561637574653b7669646173206f7520736f6c69636974612663636564696c3b266f74696c64653b65733b202876692920636f6e737469747569722c20646566656e646572206f75206578657263657220726567756c61726d656e7465206469726569746f7320656d202661636972633b6d6269746f206a7564696369616c206f752061646d696e69737472617469766f3b202876696929207265616c697a61722070657371756973617320652063616d70616e68617320646520636f6d756e6963612663636564696c3b266174696c64653b6f2065206d61726b6574696e672064652072656c6163696f6e616d656e746f2c2062656d20636f6d6f20646976756c676172206f66657274617320646520706172636569726f732e3c2f703e0a0a3c703e266e6273703b3c2f703e0a0a3c703e4120464153542053414c4f4e2074656d20666f72746520636f6d70726f6d6973736f20636f6d20612073756120707269766163696461646520652073266f61637574653b20656e7669612070726f6d6f2663636564696c3b266f74696c64653b6573207061726120617175656c657320717565206175746f72697a6172616d20657374652073657276692663636564696c3b6f20647572616e74652073657520636164617374726f2c206f6e646520706f64656d206f7074617220706f722072656365626572206f75206e266174696c64653b6f206e6f7373617320636f6d756e6963612663636564696c3b266f74696c64653b65732e3c2f703e0a0a3c703e266e6273703b3c2f703e0a0a3c703e4f7320636f6d756e696361646f732c206e6577736c6574746572732c20617669736f73206465206f6665727461732065206d656e736167656e73207075626c69636974266161637574653b7269617320656e76696164617320706f7220652d6d61696c2074726172266174696c64653b6f2c206f6272696761746f7269616d656e74652c206c696e6b20636f6d206f702663636564696c3b266174696c64653b6f2064652063616e63656c616d656e746f20646f20656e76696f2064617175656c65207469706f206465206d656e736167656d20706f7220706172746520646f20736974652e20426173746120636c69636172206e6f206c696e6b2070617261207365206465736361646173747261722e204120736f6c69636974612663636564696c3b266174696c64653b6f20736572266161637574653b206174656e64696461206e6f2074656d706f206e6563657373266161637574653b72696f2070617261207265616c697a612663636564696c3b266174696c64653b6f2064657374612065786563752663636564696c3b266174696c64653b6f2e3c2f703e0a0a3c703e266e6273703b3c2f703e0a0a3c703e4120504c415441464f524d4120706f646572266161637574653b2c206576656e7475616c6d656e74652c20636f6e746572206c696e6b73207061726120736974657320646520746572636569726f732e204120464153542053414c4f4e206e266174696c64653b6f20736520726573706f6e736162696c697a612070656c6f20636f6e7465267561637574653b646f206f752070656c61207365677572616e2663636564696c3b612064617320696e666f726d612663636564696c3b266f74696c64653b657320646f7320557375266161637574653b72696f73207175616e646f206163657373617220736974657320646520746572636569726f732c20756d612076657a2071756520706f737375656d2073756173207072266f61637574653b707269617320706f6c266961637574653b74696361732064652070726976616369646164652c2061726d617a656e616d656e746f206520636f6e73657276612663636564696c3b266174696c64653b6f20646520696e666f726d612663636564696c3b266f74696c64653b657320706573736f6169732c20636f6d706c6574616d656e746520616c686569617320266167726176653b20464153542053414c4f4e2e3c2f703e0a0a3c703e266e6273703b3c2f703e0a0a3c703e4f20434c49454e5445204155544f52495a412045585052455353414d454e5445204120464153542053414c4f4e2041204d414e54455220454d2053455520434144415354524f20415320494e464f524d412643636564696c3b264f74696c64653b455320464f524e45434944415320504f52205349204520434150544144415320504f52204d45494f20444120504c415441464f524d412c20504f5220515541495351554552204d264561637574653b544f444f532051554520504f5353414d20534552205554494c495a41444f532c2042454d20434f4d4f204155544f52495a41204120464f524e45434552204153205355415320494e464f524d412643636564696c3b264f74696c64653b455320434f4e5354414e544553204e412042415345204445204441444f532050415241204155544f524944414445532050265561637574653b424c494341532051554520415320534f4c494349544152454d2c20434f4e464f524d45205045524d495449444f2050454c41204c454749534c412643636564696c3b264174696c64653b4f20454d205649474f522c20452041205345555320504152434549524f5320455354524154264561637574653b4749434f532c20434f4d45524349414953204f552054264561637574653b434e49434f532c20434f4e464f524d45204120504f4c264961637574653b544943412044452050524956414349444144452c204d45534d4f204150264f61637574653b53204120524553434953264174696c64653b4f20444553544553205445524d4f532044452055534f2e3c2f703e0a0a3c703e266e6273703b3c2f703e0a0a3c703e4f20434c49454e54452045585052455353414d454e54452041434549544120515545204120464153542053414c4f4e20452f4f55205155414c51554552204445205345555320504152434549524f5320454e5649454d204d454e534147454e5320444520452d4d41494c2c205341542050555348204f5520444520534d5320444520434152264161637574653b54455220494e464f524d415449564f2c204f55205155414953515545524f204f555452415320504f5353264961637574653b564549532c205245464552454e544553204120434f4d554e4943412643636564696c3b264f74696c64653b4553204553504543264961637574653b4649434153205245464552454e54455320412053455256492643636564696c3b4f532f50524f4455544f5320444953504f4e4942494c495a41444153204f55205155452056454e48414d20412053455220444953504f4e4942494c495a41444f532c2042454d20434f4d4f204f5554524153204d454e534147454e53204445204e41545552455a4120434f4d45524349414c2e204341534f204f20434c49454e5445204e264174696c64653b4f20444553454a45204d414953205245434542455220524546455249444153204d454e534147454e53204445564552264161637574653b20534f4c494349544152204f2043414e43454c414d454e544f20444f2053455520454e56494f204a554e544f20264167726176653b20464153542053414c4f4e2e3c2f703e0a0a3c703e266e6273703b3c2f703e0a0a3c703e4f20434c49454e5445204445434c415241204553544152204349454e54452045205045524d49544520515545204120464153542053414c4f4e2c204f5520454d5052455341205155452056454e48412041205245414c495a415220465553264174696c64653b4f204f55204151554953492643636564696c3b264174696c64653b4f2044455354412c205554494c495a4520544f444153204153205355415320494e464f524d412643636564696c3b264f74696c64653b455320454d204f555452415320504c415441464f524d4153205155452053454a414d2044452053554120544954554c415249444144452c20504f44454e444f20455354415320534552204d455241532045564f4c552643636564696c3b264f74696c64653b45532044412050524553454e544520504c415441464f524d412e3c2f703e0a0a3c703e266e6273703b3c2f703e0a0a3c703e4120504f4c264961637574653b5449434120444520505249564143494441444520434f4d504c454d454e544152264161637574653b20412050524553454e544520434c264161637574653b5553554c4120452050524556414c45434552264161637574653b20454d204341534f204445205155414c5155455220434f4e54524144492643636564696c3b264174696c64653b4f20454e545245204f5320444f43554d454e544f532e3c2f703e0a0a3c703e266e6273703b3c2f703e0a0a3c703e4120504c415441464f524d4120264561637574653b204d414e544944412c2054414d42264561637574653b4d2c204154524156264561637574653b5320444520524543454954412044452050524f504147414e4441204520504f44452045584942495220414e265561637574653b4e43494f5320452050524f4d4f2643636564696c3b264f74696c64653b45532c2045204f20434c49454e544520434f4e434f5244412c20504f52204d45494f2044455354452c20515545204120464153542053414c4f4e20504f444520434f4c4f43415220455353455320414e265561637574653b4e43494f5320452050524f4d4f2643636564696c3b264f74696c64653b4553204e4120504c415441464f524d41204f5520534f425245204f5520454d20434f4e4a554e544f20434f4d2053455520434f4e5445265561637574653b444f2e2041204d414e454952412c204d4f444f204520414252414e472645636972633b4e4349412044455353455320414e265561637574653b4e43494f5320452050524f4d4f2643636564696c3b264f74696c64653b455320455354264174696c64653b4f2053554a4549544f53204120414c544552412643636564696c3b264f74696c64653b45532053454d205155414c51554552205449504f20444520415649534f20414f5320555355264161637574653b52494f532e266e6273703b3c2f703e0a0a3c703e266e6273703b3c2f703e0a0a3c703e4f20555355264161637574653b52494f204445434c415241204f2053455520434f4e53454e54494d454e544f20464f4920464549544f20444520464f524d41204c4956524520454d204f42534552562641636972633b4e434941204441204c4549204e266f72646d3b2031322e39363520444520323320444520414252494c20444520323031342e266e6273703b3c2f703e0a0a3c703e266e6273703b3c2f703e0a0a3c703e266e6273703b3c2f703e0a0a3c703e392e20444120524553434953264174696c64653b4f2045204441532050454e414c4944414445533c2f703e0a0a3c703e266e6273703b3c2f703e0a0a3c703e4f732070726573656e746573205465726d6f732064652055736f20706f646572266174696c64653b6f207365722072657363696e6469646f732070656c6f20434c49454e54452c2061207175616c71756572206d6f6d656e746f2c206d656469616e7465206120736f6c69636974612663636564696c3b266174696c64653b6f206465206578636c7573266174696c64653b6f20646520636f6e7461206e6120504c415441464f524d412e266e6273703b204120464153542053414c4f4e2073652072657365727661206f206469726569746f206465206d6f64696669636172206f7520656e636572726172206120504c415441464f524d41206f75206f2061636573736f20646f20434c49454e544520266167726176653b20504c415441464f524d4120706f72207175616c71756572206d6f7469766f2c2073656d20617669736f207072266561637574653b76696f2c2061207175616c71756572206d6f6d656e746f20652073656d206f62726967612663636564696c3b266f74696c64653b6573206f7520266f636972633b6e757320706572616e7465206f20434c49454e54452e3c2f703e0a0a3c703e266e6273703b3c2f703e0a0a3c703e536f622070656e6120646520736f66726572656d2061732073616e2663636564696c3b266f74696c64653b657320707265766973746173206e6573746520444f43554d454e544f2c20657370656369616c6d656e7465206120726573636973266174696c64653b6f20636f6e7472617475616c20652061206578636c7573266174696c64653b6f20646f20434c49454e544520646120504c415441464f524d412c206f7320434c49454e54455320736572266174696c64653b6f20726573706f6e736162696c697a61646f73206a7564696369616c6d656e7465207365207574696c697a6172656d206f2073657276692663636564696c3b6f206f666572656369646f206e6120504c415441464f524d4120706172612061746976696461646573207175653a3c6272202f3e0a3c6272202f3e0a61292076696f6c656d207175616c71756572206c65692c20657374617475746f2c20706f727461726961206f7520726567756c616d656e74612663636564696c3b266174696c64653b6f3b3c6272202f3e0a622920657374656a616d2072656c6163696f6e6164617320266167726176653b207472616e73612663636564696c3b266f74696c64653b65732071756520656e766f6c76616d2070726f6475746f73206f752073657276692663636564696c3b6f7320696c266961637574653b6369746f732c206e656d206d65736d6f207175652070726f6d6f76616d2c20666163696c6974656d206f7520696e73747275616d206f757472617320706573736f6173206120656e766f6c7665722d736520656d2061746976696461646520696c6567616c3b20266e6273703b3c6272202f3e0a6329205574696c697a612663636564696c3b266174696c64653b6f206f7520726570726f64752663636564696c3b266174696c64653b6f20646520636f6e7465267561637574653b646f2070726f74656769646f20706f72206469726569746f73206175746f726169732c207365677265646f20636f6d65726369616c2c20696e647573747269616c206f7520646520746572636569726f733b266e6273703b3c6272202f3e0a642920456c61626f72612663636564696c3b266174696c64653b6f20646520636f6e7465267561637574653b646f206e6f6369766f2c206162757369766f2c20646966616d6174266f61637574653b72696f2c20706f726e6f6772266161637574653b6669636f2c206c69626964696e6f736f206f7520717565206465207175616c7175657220666f726d6120726570726573656e746520617373266561637574653b64696f2c20696e766173266174696c64653b6f2064652070726976616369646164652c20646567726164612663636564696c3b266174696c64653b6f2c20696e74696d6964612663636564696c3b266174696c64653b6f206f7520266f61637574653b64696f20656d2072656c612663636564696c3b266174696c64653b6f206120756d20696e646976266961637574653b64756f206f7520677275706f20646520696e646976266961637574653b64756f7320636f6d2062617365206e612072656c696769266174696c64653b6f2c206f7269656e74612663636564696c3b266174696c64653b6f2073657875616c2c2072612663636564696c3b612c206f726967656d20266561637574653b746963612c206964616465206f75206465666963692665636972633b6e6369613b3c6272202f3e0a652920446976756c67612663636564696c3b266174696c64653b6f2c206d656e2663636564696c3b266174696c64653b6f206f752061706f6c6f6769612061207175616973717565722073657276692663636564696c3b6f7320696c6567616973206f752076656e646120646520717561697371756572206974656e732063756a6f20636f6d266561637574653b7263696f20652070726f706167616e64612073656a616d2070726f696269646f73206f7520726573747269746f7320706f72206c65693b3c6272202f3e0a6629206f666572656365722070726f6475746f73206f752073657276692663636564696c3b6f7320717565206e266174696c64653b6f2073656a616d20636f7272656c61746f7320266167726176653b2061746976696461646520646573656e766f6c766964612070656c6f732050524f46495353494f4e4149533b3c6272202f3e0a672920696e7465726665726972206e61732072656c612663636564696c3b266f74696c64653b657320656e747265206f7574726f7320555355264161637574653b52494f3b3c6272202f3e0a682920646976756c67617220717561697371756572206461646f7320646520555355264161637574653b52494f53206f627469646f73206174726176266561637574653b7320646120504c415441464f524d413b3c6272202f3e0a692920616e756e636961722070726f6475746f732f73657276692663636564696c3b6f732070726f696269646f732070656c6f2070726573656e746520444f43554d454e544f206f752070656c6120506f6c266961637574653b746963612064652050726976616369646164652c206f75206d65736d6f207175652076696f6c6520717561697371756572206c65697320766967656e7465733b3c6272202f3e0a6a29206f66656e6465722c2063616c756e6961722c20696e6a7572696172206f7520646966616d6172206f7574726f7320555355264161637574653b52494f533b3c6272202f3e0a6b29207574696c697a6172207175616c7175657220646973706f73697469766f2c20736f6674776172652c206f75207265637572736f207175652076656e6861206120696e7465726665726972206e617320617469766964616465732065206f706572612663636564696c3b266f74696c64653b657320646120504c415441464f524d412c2062656d20636f6d6f206e6f7320616e267561637574653b6e63696f732c206465736372692663636564696c3b266f74696c64653b65732c206964656e746966696361646f72657320652073656e68617320646520555355264161637574653b52494f53206f7520736575732062616e636f73206465206461646f732e3c2f703e0a0a3c703e4120504c415441464f524d412073652072657365727661206f206469726569746f2064652c2073656d20617669736f207072266561637574653b76696f2c2065206120736575206578636c757369766f2063726974266561637574653b72696f2c2073757370656e646572206f752063616e63656c61722c206465207175616c7175657220666f726d61207175652073656a612c206f20636164617374726f20652f6f752061636573736f20646f20555355264161637574653b52494f20656d206361736f20646520696e6672612663636564696c3b266174696c64653b6f206c6567616c206f752061207175616c717565722064617320646973706f73692663636564696c3b266f74696c64653b65732c2073656d207072656a75266961637574653b7a6f20646520726573706f6e64657220636976696c2065206372696d696e616c6d656e74652070656c617320636f6e736571752665636972633b6e6369617320646520736575732061746f73206f75206f6d697373266f74696c64653b65732e3c2f703e0a0a3c703e266e6273703b3c2f703e0a0a3c703e4170266f61637574653b73206120726573636973266174696c64653b6f20646573746520436f6e747261746f2c206f73206461646f7320646f20434c49454e5445206e266174696c64653b6f206573746172266174696c64653b6f206d616973206163657373266961637574653b76656973206174726176266561637574653b732064652073756120636f6e74612c206d6173206573736573206d61746572696169732065206461646f7320706f64656d207065726d616e65636572206520706f646572266174696c64653b6f207365722061726d617a656e61646f732070656c6120464153542053414c4f4e2c206120736575206578636c757369766f2063726974266561637574653b72696f2e3c2f703e0a0a3c703e266e6273703b3c2f703e0a0a3c703e266e6273703b3c2f703e0a0a3c703e31302e20444f2053495354454d41204445204d454e534147454e533c2f703e0a0a3c703e266e6273703b3c2f703e0a0a3c703e4120504c415441464f524d4120706f737375692066756e63696f6e616c696461646520706172612073697374656d61206465206d656e736167656e732c2061207175616c206f7320555355264161637574653b52494f5320706f646572266174696c64653b6f20696e7465726167697220656e7472652073692e204173206d656e736167656e73206669636172266174696c64653b6f2061726d617a656e6164617320656d207365727669646f726573207072266f61637574653b7072696f73206f752061646d696e6973747261646f732070656c6120464153542053414c4f4e2e3c2f703e0a0a3c703e266e6273703b3c2f703e0a0a3c703e4120464153542053414c4f4e20676172616e746972266161637574653b206f20736967696c6f2064617320636f6d756e6963612663636564696c3b266f74696c64653b657320656e747265206f7320555355264161637574653b52494f532e20436f6e7475646f2c20706172612066696e73206573746174266961637574653b737469636f732c20617072696d6f72616d656e746f20646f732073657276692663636564696c3b6f73206520646573656e766f6c76696d656e746f206465206e6f7661732066756e63696f6e616c6964616465732c206120464153542053414c4f4e20706f646572266161637574653b206f627465722065207574696c697a617220696e666f726d612663636564696c3b266f74696c64653b657320636f6e7374616e746573206465206d656e736167656e732074726f6361646173206174726176266561637574653b732064652066696c74726f73206f75206d6563616e69736d6f73206175746f6d6174697a61646f7320646520706573717569736120706f722070616c61767261732d6368617665732e3c2f703e0a0a3c703e266e6273703b3c2f703e0a0a3c703e5175616c71756572206d656e736167656d2074726f6361646120656e747265206f7320555355264161637574653b52494f53206669636172266161637574653b2061726d617a656e6164612070656c6120554c4541524e20706f722c2070656c6f206d656e6f732c2033202874722665636972633b732920616e6f732c20612063726974266561637574653b72696f2064657374612e3c2f703e0a0a3c703e266e6273703b3c2f703e0a0a3c703e266e6273703b3c2f703e0a0a3c703e31312e2044415320414c544552412643636564696c3b264f74696c64653b455320444f53205445524d4f533c2f703e0a0a3c703e266e6273703b3c2f703e0a0a3c703e4f73205465726d6f73206520436f6e64692663636564696c3b266f74696c64653b65732064652055736f20646120504c415441464f524d4120657374266174696c64653b6f2073756a6569746f73206120636f6e7374616e7465206d656c686f726961206520617072696d6f72616d656e746f2e20417373696d2c206120464153542053414c4f4e2073652072657365727661206f206469726569746f206465206d6f646966696361722061207175616c71756572206d6f6d656e746f2c20646520666f726d6120756e696c61746572616c2c206f2070726573656e7465205465726d6f73206520436f6e64692663636564696c3b266f74696c64653b65732064652055736f2e3c2f703e0a0a3c703e266e6273703b3c2f703e0a0a3c703e4f73206e6f766f73205465726d6f73206520436f6e64692663636564696c3b266f74696c64653b657320656e74726172266174696c64653b6f20656d207669676f7220494d4544494154414d454e544520737561207075626c6963612663636564696c3b266174696c64653b6f206e6120504c415441464f524d412c206d656469616e746520636f6d756e6963612663636564696c3b266174696c64653b6f20706f72206d65696f20646f20652d6d61696c20652061706c6963617469766f2e204361736f206f20434c49454e5445206e266174696c64653b6f20657374656a612064652061636f72646f20636f6d206173206e6f76617320636f6e64692663636564696c3b266f74696c64653b6573206573746162656c6563696461732c206465766572266161637574653b20656e7472617220656d20636f6e7461746f20636f6d206f732063616e616973206465206174656e64696d656e746f20646973706f6e266961637574653b7665697320736f6c69636974616e646f2061206578636c7573266174696c64653b6f2064652073657520636164617374726f2c20646576656e646f2c206e6f20656e74616e746f2c2063756d70726972206576656e7475616c206f62726967612663636564696c3b266174696c64653b6f20617373756d696461206174266561637574653b206f206d6f6d656e746f206461206566657469766120726573636973266174696c64653b6f2e3c2f703e0a0a3c703e266e6273703b3c2f703e0a0a3c703e417320616c746572612663636564696c3b266f74696c64653b657320736572266174696c64653b6f2076266161637574653b6c69646173207061726120746f646f73206f732073657276692663636564696c3b6f732072656c617469766f73206120434c49454e544553206e6f766f73206f7520616e7469676f732e3c2f703e0a0a3c703e266e6273703b3c2f703e0a0a3c703e266e6273703b3c2f703e0a0a3c703e31322e20444153205245535452492643636564696c3b264f74696c64653b455320444520434f4e5445265561637574653b444f3c2f703e0a0a3c703e266e6273703b3c2f703e0a0a3c703e4f20434c49454e544520534520434f4d50524f4d4554452041204e264174696c64653b4f205452414e534d495449522c20494e54524f44555a49522c20444946554e444952204520434f4c4f434152204120444953504f53492643636564696c3b264174696c64653b4f20444520544552434549524f53205155414c51554552205449504f204445204d4154455249414c204520494e464f524d412643636564696c3b264174696c64653b4f20284441444f5320444520434f4e5445265561637574653b444f532c204d454e534147454e532c20444553454e484f532c204152515549564f5320444520534f4d204520494d4147454d2c20464f544f475241464941532c20534f4654574152452c204554432e29205155452053454a414d20434f4e5452264161637574653b52494f5320264167726176653b204c454749534c412643636564696c3b264174696c64653b4f20564947454e54452c20264167726176653b204d4f52414c2c20264167726176653b204f5244454d2050265561637574653b424c49434120452041204553544553205445524d4f532044452055534f2e20504f52204558454d504c4f2c204520454d204e454e48554d4120484950264f61637574653b54455345204c494d4954415449564f204f55204558434c5544454e54452c204f20434c49454e544520534520434f4d50524f4d45544520413a3c2f703e0a0a3c703e266e6273703b3c2f703e0a0a3c703e4e264174696c64653b4f20494e54524f44555a4952204f5520444946554e44495220434f4e5445265561637574653b444f53204f552050524f504147414e444120444520434152264161637574653b54455220524143495354412c2058454e264f61637574653b464f424f2c20504f524e4f4752264161637574653b4649434f2c20544552524f5249535441204f5520515545204154454e54454d20434f4e545241204f532044495245544f532048554d414e4f533b3c2f703e0a0a3c703e266e6273703b3c2f703e0a0a3c703e4e264174696c64653b4f20494e54524f44555a4952204f5520444946554e444952204e4120524544452050524f4752414d4153204445204441444f53202856264961637574653b525553204520534f465457415245204e4f4349564f292051554520504f5353414d2050524f564f4341522044414e4f5320414f532053495354454d415320494e464f524d264161637574653b5449434f5320444f2050524f5645444f522044452041434553534f2c20414f532053495354454d415320494e464f524d264161637574653b5449434f5320444120504c415441464f524d41266e6273703b4f55204120544552434549524f5320555355264161637574653b52494f53204441205245444520494e5445524e45543b3c2f703e0a0a3c703e266e6273703b3c2f703e0a0a3c703e4e264174696c64653b4f20444946554e4449522c205452414e534d49544952204f5520444953504f4e4942494c495a4152204120544552434549524f53205155414c51554552205449504f20444520494e464f524d412643636564696c3b264174696c64653b4f2c20454c454d454e544f204f5520434f4e5445265561637574653b444f20515545204154454e544520434f4e545241204f532044495245544f532046554e44414d454e544149532c204153204c4942455244414445532050265561637574653b424c49434153205245434f4e484543494441532050454c41204c454749534c412643636564696c3b264174696c64653b4f20564947454e5445204520515541495351554552205452415441444f5320494e5445524e4143494f4e41495320564947454e5445533b3c2f703e0a0a3c703e266e6273703b3c2f703e0a0a3c703e4e264174696c64653b4f20444946554e4449522c205452414e534d49544952204f5520444953504f4e4942494c495a4152204120544552434549524f53205155414c51554552205449504f20444520494e464f524d412643636564696c3b264174696c64653b4f2c20454c454d454e544f204f5520434f4e5445265561637574653b444f2051554520434f4e535449545541205055424c4943494441444520494c264961637574653b43495441204f55204445534c45414c3b3c2f703e0a0a3c703e266e6273703b3c2f703e0a0a3c703e4e264174696c64653b4f205452414e534d49544952205055424c49434944414445204e264174696c64653b4f20534f4c49434954414441204f55204155544f52495a4144412c204d4154455249414c205055424c49434954264161637574653b52494f2c202671756f743b5350414d2671756f743b2c202671756f743b452d4d41494c20444520434f5252454e5445532671756f743b2c202671756f743b4d41524b4554494e4720504952414d4944414c2671756f743b2c204f55205155414c51554552204f5554524120464f524d4120444520534f4c49434954412643636564696c3b264174696c64653b4f2c2045584345544f20454d20264161637574653b5245415320285441495320434f4d4f20455350412643636564696c3b4f5320434f4d4552434941495329205155452054454e48414d205349444f204558434c55534956414d454e544520434f4e4345424944415320504152412054414c2055534f3b3c2f703e0a0a3c703e266e6273703b3c2f703e0a0a3c703e4e264174696c64653b4f20494e54524f44555a4952204f5520444946554e444952205155414c5155455220494e464f524d412643636564696c3b264174696c64653b4f205155452054454e484120434f4e5445265561637574653b444f2046414c534f2c20414d42264961637574653b47554f204f5520494e455841544f20444520464f524d41204120494e44555a49522041204552524f204556454e5455414953205245434550544f52455320444520524546455249444120494e464f524d412643636564696c3b264174696c64653b4f3b3c2f703e0a0a3c703e266e6273703b3c2f703e0a0a3c703e4e264174696c64653b4f20444946554e4449522c205452414e534d49544952204f5520434f4c4f434152204120444953504f53492643636564696c3b264174696c64653b4f20444520544552434549524f53205155414c51554552205449504f20444520494e464f524d412643636564696c3b264174696c64653b4f2c20454c454d454e544f204f5520434f4e5445265561637574653b444f2051554520494d504c4951554520454d2056494f4c412643636564696c3b264174696c64653b4f20444f53204449524549544f532044452050524f505249454441444520494e54454c45435455414c204520494e445553545249414c2c20504154454e5445532c204d4152434153204f5520434f5059524947485420444520544954554c4152494441444520444f532050524f5052494554264161637574653b52494f5320444f53266e6273703b504c415441464f524d4153266e6273703b4f5520444520544552434549524f533b3c2f703e0a0a3c703e266e6273703b3c2f703e0a0a3c703e4e264174696c64653b4f20444946554e4449522c205452414e534d49544952204f5520434f4c4f43415220264167726176653b20444953504f53492643636564696c3b264174696c64653b4f20444520544552434549524f53205155414c51554552205449504f20444520494e464f524d412643636564696c3b264174696c64653b4f2c20454c454d454e544f204f5520434f4e5445265561637574653b444f2051554520494d504c4951554520454d2056494f4c412643636564696c3b264174696c64653b4f20414f20534947494c4f2044415320434f4d554e4943412643636564696c3b264f74696c64653b4553204520264167726176653b2050524956414349444144452e3c2f703e0a0a3c703e266e6273703b3c2f703e0a0a3c703e4f20434c49454e5445206e266174696c64653b6f2064657665206372696172206f7520656e76696172206d656e736167657320696e646573656a61646173207061726120717561697371756572207573756172696f7320282671756f743b5370616d2671756f743b292e3c2f703e0a0a3c703e266e6273703b3c2f703e0a0a3c703e266e6273703b3c2f703e0a0a3c703e31332e2044415320444953504f53492643636564696c3b264f74696c64653b4553204745524149533c2f703e0a0a3c703e266e6273703b3c2f703e0a0a3c703e4573746520444f43554d454e544f206520717561697371756572206f757472617320706f6c266961637574653b746963617320646976756c67616461732070656c6120464153542053414c4f4e2c206573746162656c6563656d206f20706c656e6f206520636f6d706c65746f2061636f72646f206520656e74656e64696d656e746f20636f6d206f20434c49454e54452c207375706572616e646f2065207265766f67616e646f20746f646f7320652071756169737175657220656e74656e64696d656e746f732c2070726f706f737461732c2061636f72646f732c206e65676f6369612663636564696c3b266f74696c64653b657320652064697363757373266f74696c64653b65732068617669646f7320616e746572696f726d656e746520656e747265206173207061727465732e3c2f703e0a0a3c703e266e6273703b3c2f703e0a0a3c703e54616e746f206f20434c49454e5445207175616e746f206120464153542053414c4f4e207065726d616e6563656d2065787072657373616d656e7465206175746f72697a61646f732061207265616c697a6172207175616c71756572206f75747261207061726365726961206f7520636f6e747261746f206465206d65736d61206e61747572657a6120636f6d20746572636569726f732c2073656d20717565206973746f20726570726573656e7465207175616c7175657220696d706c6963612663636564696c3b266174696c64653b6f206f7520266f636972633b6e75732c206569732071756520696e6578697374656e7465207175616c7175657220657370266561637574653b636965206465206578636c7573697669646164652e3c2f703e0a0a3c703e266e6273703b3c2f703e0a0a3c703e264561637574653b2076656461646120612063657373266174696c64653b6f20746f74616c206f75207061726369616c20646f2070726573656e746520696e737472756d656e746f2070656c6f20434c49454e54452c2065786365746f206e6f73206361736f7320656d2071756520686f7576657220657870726573736120636f6e636f72642661636972633b6e6369612c20706f72206573637269746f2c20646120464153542053414c4f4e2e3c2f703e0a0a3c703e266e6273703b3c2f703e0a0a3c703e4120696e63617061636964616465206f752064656d6f726120646120464153542053414c4f4e20656d2065786572636572206f752066617a65722063756d70726972207175616c71756572206469726569746f206f7520636c266161637574653b7573756c6120646f73205465726d6f732064652055736f206e266174696c64653b6f20726570726573656e746120756d612072656e267561637574653b6e636961206465737365206469726569746f206f7520636c266161637574653b7573756c612e3c2f703e0a0a3c703e266e6273703b3c2f703e0a0a3c703e4e6120686970266f61637574653b7465736520646520717565207175616c71756572206974656d2c207465726d6f206f7520646973706f73692663636564696c3b266174696c64653b6f20646573746520646f63756d656e746f20766972206120736572206465636c617261646f206e756c6f206f75206e266174696c64653b6f2061706c6963266161637574653b76656c2c2074616c206e756c6964616465206f7520696e61706c69636162696c6964616465206e266174696c64653b6f20616665746172266161637574653b20717561697371756572206f7574726f73206974656e732c207465726d6f73206f7520646973706f73692663636564696c3b266f74696c64653b6573206171756920636f6e74696461732c206f73207175616973207065726d616e65636572266174696c64653b6f20656d20706c656e6f207669676f7220652065666569746f2e3c2f703e0a0a3c703e266e6273703b3c2f703e0a0a3c703e466963616d20266167726176653b20646973706f73692663636564696c3b266174696c64653b6f20646f7320555355264161637574653b52494f53206f732063616e616973206465206174656e64696d656e746f20646120464153542053414c4f4e2c20736f6272657475646f20617175656c617320636f6e7374616e74657320646f20736974652c2070617261206120636c6172612065207072656369736120636f6d756e6963612663636564696c3b266174696c64653b6f20656e747265206173205061727465732c2072657374616e646f20636f6e76656e63696f6e61646f2c206e6f20656e74616e746f2c207175652061206d65736d6120736520646172266161637574653b20707265666572656e6369616c6d656e7465206174726176266561637574653b7320646f7320652d6d61696c733a20636f6e7461746f406661737473616c6f6e2e636f6d2e6272266e6273703b206520646f2063686174207669727475616c2070656c6f206e267561637574653b6d65726f207878787878787878787878787878787878787878782e3c2f703e0a0a3c703e3c6272202f3e0a31342e204441204c454749534c412643636564696c3b264174696c64653b4f2041504c4943264161637574653b56454c204520444f20464f524f3c2f703e0a0a3c703e266e6273703b3c2f703e0a0a3c703e4f2070726573656e746520436f6e747261746f206520612072656c612663636564696c3b266174696c64653b6f20656e747265206173207061727465732073266174696c64653b6f2072656769646f732070656c6173206c65697320646120526570267561637574653b626c696361204665646572617469766120646f2042726173696c2e3c2f703e0a0a3c703e41732070617274657320656c6567656d206f20466f726f2043656e7472616c20646120436f6d617263612064652053616c7661646f722c2045737461646f2064612042616869612c20636f6d6f2073656e646f206f20267561637574653b6e69636f20636f6d706574656e7465207061726120646972696d697220717561697371756572206c6974266961637574653b67696f7320652f6f752064656d616e646173207175652076656e68616d206120656e766f6c7665722061732050617274657320656d2072656c612663636564696c3b266174696c64653b6f20616f2075736f20652061636573736f20646120504c415441464f524d412e3c2f703e0a0a3c703e266e6273703b3c2f703e0a0a3c703e266e6273703b3c2f703e0a0a3c703e265561637574653b4c54494d4120415455414c495a412643636564696c3b264174696c64653b4f20454d3a203031204445204e4f56454d42524f20444520323031373c2f703e0a0a3c703e266e6273703b3c2f703e0a, NULL, 1, 'termos', NULL);
INSERT INTO `conteudos` (`idConteudo`, `titulo`, `conteudo`, `dataPublicado`, `ativo`, `pagina`, `imagem`) VALUES
(60, 'Qual a politica de cancelamento?', 0x3c756c3e0a093c6c693e3c7374726f6e673e43616e63656c616d656e746f20636f6d206d616973206465203820686f72617320646520616e74656365642665636972633b6e6369612070617261206f20686f72266161637574653b72696f20646f206167656e64616d656e746f3a3c2f7374726f6e673e6e266174696c64653b6f206861766572266161637574653b20636f6272616e2663636564696c3b6120646520746178613b3c2f6c693e0a093c6c693e3c7374726f6e673e43616e63656c616d656e746f20636f6d20616e74656365642665636972633b6e63696120656e74726520382065203220686f7261732070617261206f20686f72266161637574653b72696f20646f206167656e64616d656e746f3a3c2f7374726f6e673e736572266161637574653b20636f62726164612074617861206669786120646520522432302c30302c20736520686f757665722061727469737461206469726563696f6e61646f2070617261207265616c697a6172206f206174656e64696d656e746f2e205365206e266174696c64653b6f20686f75766572206172746973746120616c6f6361646f20616f2070656469646f2c206e61646120736572266161637574653b20636f627261646f3b3c2f6c693e0a093c6c693e3c7374726f6e673e43616e63656c616d656e746f20636f6d20616e74656365642665636972633b6e636961206d656e6f7220717565203220686f7261732070617261206f20686f72266161637574653b72696f20646f206167656e64616d656e746f3a3c2f7374726f6e673e736572266161637574653b20636f62726164612074617861206e6f2076616c6f7220696e74656772616c20646f2070656469646f2c20696e646570656e64656e746520646520766f75636865722c20736520686f757665722061727469737461206469726563696f6e61646f2070617261207265616c697a6172206f206174656e64696d656e746f2e205365206e266174696c64653b6f20686f75766572206172746973746120616c6f6361646f20616f2070656469646f2c206e61646120736572266161637574653b20636f627261646f3b3c2f6c693e0a093c6c693e3c7374726f6e673e436c69656e746520617573656e7465206f75206e266174696c64653b6f20646973706f6e266961637574653b76656c2c20636f6d20746f6c65722661636972633b6e636961206d266161637574653b78696d61206465203135206d696e75746f733a3c2f7374726f6e673e266e6273703b736572266161637574653b20636f62726164612074617861206e6f2076616c6f7220696e74656772616c20646f2073657276692663636564696c3b6f2c20696e646570656e64656e746520646520766f756368657220617472656c61646f20616f2070656469646f3b3c2f6c693e0a093c6c693e3c7374726f6e673e41727469737461206e266174696c64653b6f20636f6d70617265636575206f752073652061747261736f752c20636f6d20746f6c65722661636972633b6e636961206d266161637574653b78696d61206465203135206d696e75746f733a266e6273703b3c2f7374726f6e673e6e266174696c64653b6f206861766572266161637574653b20636f6272616e2663636564696c3b6120646520746178613b3c2f6c693e0a3c2f756c3e0a0a3c703e3c7374726f6e673e417320636f6272616e2663636564696c3b617320646520746178612063616e63656c616d656e746f20696e646570656e64656d2064612065786973742665636972633b6e63696120646520766f756368657220646520646573636f6e746f20617472656c61646f20616f2070656469646f2e3c6272202f3e0a3c6272202f3e0a536f6c69636974616d6f73207175652073656d7072652071756520706f7373266961637574653b76656c206f2063616e63656c616d656e746f20706f7220706172746520646f20636c69656e74652073656a61207265616c697a61646f20636f6d2061206d61696f7220616e74656365642665636972633b6e63696120706f7373266961637574653b76656c20646520666f726d61207175652061206167656e64612064612061727469737461206469726563696f6e6164612070617261206f206174656e64696d656e746f206e266174696c64653b6f2073656a61207072656a756469636164612e3c2f7374726f6e673e3c2f703e0a, NULL, 1, 'faq_cliente', NULL),
(63, 'Como posso avaliar o atendimento?', 0x3c703e4170266f61637574653b732061207265616c697a612663636564696c3b266174696c64653b6f20646f2073657276692663636564696c3b6f2c206f20636c69656e746520706f646572266161637574653b20636c6963617220736f627265206f2070656469646f206e612061626120262333393b262333393b4167656e6461646f73262333393b262333393b266e6273703b65206176616c696172206f20617274697374612e266e6273703b3c2f703e0a0a3c703e3c7374726f6e673e266e6273703b4573736520666565646261636b20266561637574653b206d7569746f20696d706f7274616e74652070617261206d616e7465726d6f73206f2070616472266174696c64653b6f206465207175616c6964616465206465206174656e64696d656e746f206520646f2073657276692663636564696c3b6f2e3c2f7374726f6e673e3c2f703e0a, NULL, 1, 'faq_cliente', NULL),
(62, 'Como cancelar o meu pedido?', 0x3c703e4261737461206972206e612061626120262333393b262333393b4167656e6461646f73262333393b262333393b2070656c6f2061706c6963617469766f2c20636c6963617220736f627265206f206167656e64616d656e746f2071756520646573656a612063616e63656c6172206520636f6e6669726d6172206f2063616e63656c616d656e746f20646f206167656e64616d656e746f2e203c7374726f6e673e4e266174696c64653b6f20646569786520646520636f6e6665726972206173207265677261732064652063616e63656c616d656e746f2e266e6273703b3c2f7374726f6e673e3c2f703e0a, NULL, 1, 'faq_cliente', NULL),
(64, 'Como saber se está agendado?', 0x3c703e4170266f61637574653b732061207265616c697a612663636564696c3b266174696c64653b6f20646f20706167616d656e746f2065206120636f6e6669726d612663636564696c3b266174696c64653b6f20646f206167656e64616d656e746f2c206f207365752073657276692663636564696c3b6f206669636172266161637574653b206e612061626120262333393b262333393b4167656e6461646f73262333393b262333393b20636f6d206f2073746174757320646520262333393b262333393b4167656e6461646f262333393b262333393b2e266e6273703b3c2f703e0a, NULL, 1, 'faq_cliente', NULL),
(65, 'Como faço um agendamento?', 0x3c703e4573636f6c6861206f2073657276692663636564696c3b6f2071756520676f737461726961206465207265616c697a61722c20646566696e61206f206c6f63616c206465206174656e64696d656e746f2c206f20646961206520686f72266161637574653b72696f2071756520646573656a61206174656e64696d656e746f206520706167756520636f6d2063617274266174696c64653b6f2e204f73206167656e64616d656e746f732073266174696c64653b6f20666569746f7320636f6d206e6f206d266961637574653b6e696d6f2033266e6273703b686f726173207061726120616c67756d61732072656769266f74696c64653b6573206520636f6d206174266561637574653b2035266e6273703b6469617320646520616e74656365642665636972633b6e6369612e266e6273703b266e6273703b417320696e666f726d612663636564696c3b266f74696c64653b657320646520706167616d656e746f20646576656d2073657220636f6c6f6361646173206e6f207072266f61637574653b7072696f2061706c6963617469766f2c20636f6d207365752063617274266174696c64653b6f206465206372266561637574653b6469746f2e266e6273703b3c2f703e0a, NULL, 1, 'faq_cliente', NULL),
(56, 'Como faço o pagamento?', 0x3c703e4f20706167616d656e746f20266561637574653b207265616c697a61646f206469726574616d656e7465206e6f2061706c6963617469766f266e6273703b646120466173742053616c6f6e2c206e612070656e267561637574653b6c74696d61266e6273703b657461706120646f206167656e64616d656e746f2c206174726176266561637574653b7320646f20636164617374726f206465207365752063617274266174696c64653b6f206465206372266561637574653b6469746f2e3c7374726f6e673e266e6273703b4f2076616c6f7220736572266161637574653b20636f627261646f20736f6d656e7465266e6273703b6170266f61637574653b732061207265616c697a612663636564696c3b266174696c64653b6f20646f2073657276692663636564696c3b6f2e3c2f7374726f6e673e3c2f703e0a, NULL, 1, 'faq_cliente', NULL),
(57, 'Tenho alergia a um produto, como aviso a Fast Salon?', 0x3c703e566f632665636972633b206465766520696e666f726d6172206e6f2063616d706f206465204f6273657276612663636564696c3b266174696c64653b6f2c206e6f206d6f6d656e746f207175652065737469766572207265616c697a616e646f206f206167656e64616d656e746f20646f2073657276692663636564696c3b6f2c2070656c6f2061706c6963617469766f2e20446573736120666f726d612c206f2070726f66697373696f6e616c2064652062656c657a61206972266161637574653b2070726570617261646f2070617261206f206174656e64696d656e746f2e266e6273703b3c2f703e0a, NULL, 1, 'faq_cliente', NULL),
(58, 'Os materiais são esterilizados?', 0x3c703e4f732070726f66697373696f6e6169732073266174696c64653b6f20617574266f636972633b6e6f6d6f73206520726573706f6e73266161637574653b766569732070656c61206573746572696c697a612663636564696c3b266174696c64653b6f2064617320737561732066657272616d656e7461732e3c2f703e0a0a3c703e4f206174656e64696d656e746f20266167726176653b73206e6f726d61732064652062696f737365677572616e2663636564696c3b6120266561637574653b20756d207072266561637574653b2d72657175697369746f2070617261206174656e646572206e6120466173742053616c6f6e266e6273703b6520746f646f73206f732070726f66697373696f6e61697320666f72616d20747265696e61646f732064652061636f72646f20636f6d2061732072656772617320766967656e7465732e3c2f703e0a0a3c703e416e74657320646520696e6963696172206f206174656e64696d656e746f2c2061206d616e69637572652064657665206162726972206469616e746520646f20636c69656e7465206f20656e76656c6f706520717565206174657374612061207265616c697a612663636564696c3b266174696c64653b6f206164657175616461206461206573746572696c697a612663636564696c3b266174696c64653b6f20646520736575206d6174657269616c2e3c2f703e0a0a3c703e456d2053616c7661646f72206120466173742053616c6f6e266e6273703b646973706f6e6962696c697a6120756d61206175746f636c61766520706172612075736f20646f732070726f66697373696f6e61697320706172636569726f732e3c2f703e0a, NULL, 1, 'faq_cliente', NULL),
(54, 'Eu preciso apresentar os materiais do serviço que vou prestar?', 0x3c703e53696d2e20546f646f73206f732070726f66697373696f6e616973206465706f6973206465206170726f7661646f73206e6f73207465737465732c2072656365626572266174696c64653b6f20756d61206c6973746120646f73266e6273703b6d61746572696169732071756520746572266174696c64653b6f20717565207465722070617261207265616c697a6172206f732073657276692663636564696c3b6f732e266e6273703b3c2f703e0a0a3c703e266e6273703b3c2f703e0a, NULL, 1, 'faq_profissional', NULL),
(55, 'Me cadastrei mas está dando \'\' Usuário Inativo\'\' quando tento fazer o login', 0x3c703e264561637574653b206e6f726d616c20717565206973736f2061636f6e74652663636564696c3b612e205061726120656e74656e646572206f206d6f7469766f206465737361206d656e736167656d2c20266561637574653b207072656369736f20656e74656e646572266e6273703b636f6d6f2066756e63696f6e61206f2070726f636573736f2064652061746976612663636564696c3b266174696c64653b6f20646f732063616e64696461746f733a266e6273703b3c2f703e0a0a3c703e4465706f6973206465206361646173747261646f2c206176616c696172656d6f7320617320696e666f726d612663636564696c3b266f74696c64653b657320646f732070726f66697373696f6e616973206520656e74726172656d6f7320656d20636f6e7461746f2070617261206d6172636172206f2074657374652070726573656e6369616c2e204e65737365207465737465206176616c696172656d6f732061207175616c69646164652074266561637574653b636e69636120646f2070726f66697373696f6e616c2e2e2e20536f6d656e7465206170266f61637574653b732061266e6273703b6176616c69612663636564696c3b266174696c64653b6f266e6273703b65206f20747265696e616d656e746f2c206f73206170726f7661646f7320746572266174696c64653b6f206f73207365757320636164617374726f73206174697661646f732065206573746172266174696c64653b6f206170746f732070617261206174656e6465722070656c6120466173742053616c6f6e2e3c2f703e0a, NULL, 1, 'faq_profissional', NULL),
(75, 'Agendei o serviço e o sistema cancelou', 0x3c703e506f6465207465722061636f6e74656369646f20646f2073657276692663636564696c3b6f206167656e6461646f206e266174696c64653b6f20746572207369646f2061636569746f20706f72206e656e68756d2070726f66697373696f6e616c2065206f2073697374656d61207465722063616e63656c61646f206f206167656e64616d656e746f206170266f61637574653b73206f20686f72266161637574653b72696f206d61726361646f20646f206174656e64696d656e746f2e266e6273703b203c7374726f6e673e4e65737365206361736f206f2073697374656d61206972266161637574653b206573746f726e6172206f2076616c6f7220696e74656772616c20646f2073657276692663636564696c3b6f20616f20636c69656e74652e266e6273703b3c2f7374726f6e673e3c2f703e0a0a3c703e3c7374726f6e673e50617261207465722063657274657a6120736520666f692065737365206f206d6f7469766f2c20266561637574653b20696e746572657373616e74652071756520636c6971756520736f627265206f2073657276692663636564696c3b6f20652076656a61206f266e6273703b6d6f7469766f266e6273703b646f2063616e63656c616d656e746f20656d266e6273703b446574616c68657320646f206167656e64616d656e746f2e266e6273703b3c2f7374726f6e673e3c2f703e0a, NULL, 1, 'faq_cliente', NULL),
(82, 'Baixe nosso aplicativo', 0x3c703e4261697865206e6f73736f2061706c6963617469766f2065206167656e6465266e6273703b6f73206e6f73736f732073657276692663636564696c3b6f732064652062656c657a6120652062656d2d657374617220652073656a61206174656e6469646f206e6f20636f6e666f72746f2064612073756120636173612e266e6273703b3c2f703e0a, NULL, 1, 'aplicativo', 'http://fastsalon.com.br/storage/20180227/27022018_mockuuupcliente.png'),
(83, 'Quais as cidades que estão recrutando os profissionais de beleza?', 0x3c703e417475616c6d656e7465266e6273703b657374616d6f7320726563727574616e646f206170656e617320656d2053616c7661646f722065204c6175726f20646520467265697461732c206e6f2045737461646f2064612042616869612e3c7374726f6e673e20456d206272657665206573746172656d6f73206e6120737561206369646164652e266e6273703b3c2f7374726f6e673e3c2f703e0a, NULL, 1, 'faq_profissional', NULL);

-- --------------------------------------------------------

--
-- Estrutura da tabela `coordenadas`
--

CREATE TABLE `coordenadas` (
  `idCoordenada` int(10) UNSIGNED NOT NULL,
  `idProfissional` int(10) UNSIGNED NOT NULL,
  `latitude` decimal(10,6) DEFAULT NULL,
  `longitude` decimal(10,6) DEFAULT NULL
) ENGINE=MyISAM DEFAULT CHARSET=latin1;

--
-- Extraindo dados da tabela `coordenadas`
--

INSERT INTO `coordenadas` (`idCoordenada`, `idProfissional`, `latitude`, `longitude`) VALUES
(9, 26, '-12.991553', '-38.459909'),
(7, 26, '-12.942915', '-38.477289'),
(6, 26, '-12.949273', '-38.496644'),
(10, 26, '-12.986493', '-38.448837'),
(11, 26, '-12.998118', '-38.449394'),
(1121, 146, '-12.967003', '-38.461900'),
(1850, 143, '-12.938756', '-38.332097'),
(593, 6, '-12.949348', '-38.382035'),
(592, 6, '-12.938139', '-38.359719'),
(591, 6, '-12.925382', '-38.323171'),
(590, 6, '-12.939980', '-38.342655'),
(589, 6, '-12.934710', '-38.331625'),
(1262, 24, '-12.951806', '-38.399294'),
(95, 48, '-42.617791', '-50.449219'),
(22, 35, '-13.006398', '-38.528616'),
(23, 35, '30.145127', '-56.250000'),
(24, 35, '20.797201', '-54.316406'),
(25, 35, '14.604847', '-56.425781'),
(38, 66, '-12.947098', '-38.493383'),
(36, 60, '-12.983148', '-38.568878'),
(37, 63, '-12.952368', '-38.493941'),
(39, 66, '-12.929866', '-38.444888'),
(40, 67, '-12.948352', '-38.494627'),
(41, 20, '-12.900313', '-38.460903'),
(42, 20, '-12.905876', '-38.460217'),
(57, 20, '-12.881488', '-38.459959'),
(44, 20, '-12.910143', '-38.447814'),
(45, 20, '-12.903597', '-38.441634'),
(46, 20, '-12.901631', '-38.421249'),
(47, 20, '-12.898200', '-38.426056'),
(48, 20, '-12.888579', '-38.415070'),
(49, 20, '-12.891256', '-38.408031'),
(50, 20, '-12.887407', '-38.415670'),
(51, 20, '-12.894268', '-38.417301'),
(52, 20, '-12.914682', '-38.413267'),
(53, 20, '-12.894728', '-38.482361'),
(54, 20, '-12.931204', '-38.471718'),
(55, 20, '-12.889876', '-38.467255'),
(56, 20, '-12.867284', '-38.475323'),
(58, 20, '-12.984904', '-38.498154'),
(59, 20, '-12.921165', '-38.498840'),
(60, 20, '-12.978046', '-38.460388'),
(61, 20, '-13.005394', '-38.457985'),
(62, 20, '-12.979300', '-38.429146'),
(63, 20, '-12.978548', '-38.432751'),
(64, 20, '-12.966838', '-38.439274'),
(65, 20, '-12.996362', '-38.473606'),
(66, 20, '-12.928694', '-38.431549'),
(67, 20, '-12.945257', '-38.415070'),
(68, 20, '-12.918990', '-38.402710'),
(69, 20, '-12.910290', '-38.371468'),
(70, 20, '-12.825443', '-38.471375'),
(71, 20, '-12.997951', '-38.523216'),
(72, 20, '-13.007819', '-38.523388'),
(1494, 20, '-13.006042', '-38.508661'),
(490, 144, '-13.007903', '-38.521308'),
(489, 144, '-12.997617', '-38.524012'),
(488, 144, '-12.992778', '-38.447696'),
(487, 144, '-12.992078', '-38.513987'),
(486, 127, '-12.993738', '-38.443748'),
(485, 126, '-12.995101', '-38.460247'),
(991, 126, '-12.980606', '-38.507548'),
(483, 126, '-12.943411', '-38.371875'),
(482, 38, '-12.993853', '-38.517253'),
(481, 38, '-13.004433', '-38.509800'),
(480, 38, '-12.969180', '-38.437702'),
(588, 6, '-12.909077', '-38.305292'),
(587, 6, '-12.897579', '-38.303678'),
(1271, 24, '-12.930053', '-38.434619'),
(585, 6, '-12.892545', '-38.318743'),
(584, 6, '-12.895230', '-38.328810'),
(1270, 24, '-12.934728', '-38.394531'),
(96, 48, '31.128199', '-48.515625'),
(97, 48, '24.447150', '-48.867188'),
(478, 15, '-12.991302', '-38.463587'),
(594, 6, '-12.952360', '-38.400918'),
(479, 38, '-12.982688', '-38.437917'),
(138, 38, '-12.986117', '-38.499777'),
(139, 38, '-12.986828', '-38.487074'),
(142, 38, '-12.981224', '-38.449137'),
(143, 38, '-12.981224', '-38.449137'),
(140, 38, '-12.991846', '-38.473170'),
(144, 38, '-13.005478', '-38.521664'),
(145, 38, '-13.005478', '-38.521664'),
(141, 38, '-12.979760', '-38.476903'),
(146, 38, '-13.005478', '-38.521664'),
(1842, 143, '-12.946368', '-38.387457'),
(149, 38, '-4.127285', '-60.996094'),
(150, 38, '-31.128199', '-63.808594'),
(151, 59, '-12.968402', '-38.491805'),
(1264, 24, '-12.976513', '-38.458617'),
(273, 130, '-12.974517', '-38.432619'),
(275, 130, '-12.951071', '-38.493320'),
(268, 130, '-12.993560', '-38.457763'),
(274, 130, '-12.947668', '-38.378144'),
(1640, 131, '-23.532587', '-46.657295'),
(1849, 143, '-12.947874', '-38.341538'),
(491, 144, '-12.996166', '-38.489687'),
(283, 127, '-12.996404', '-38.463736'),
(284, 127, '-12.994281', '-38.472821'),
(285, 127, '-12.999592', '-38.452522'),
(1809, 8, '-12.970654', '-38.490887'),
(287, 127, '-12.994606', '-38.488390'),
(288, 127, '-12.970393', '-38.490364'),
(289, 127, '-12.985699', '-38.500535'),
(290, 127, '-12.992026', '-38.521778'),
(291, 127, '-13.004311', '-38.518774'),
(292, 127, '-13.003057', '-38.531649'),
(1808, 8, '-13.885703', '-41.542654'),
(294, 127, '-13.006486', '-38.508260'),
(295, 127, '-12.985443', '-38.439690'),
(296, 127, '-12.982562', '-38.455110'),
(297, 127, '-12.968918', '-38.439141'),
(298, 127, '-12.961067', '-38.431978'),
(300, 127, '-12.958195', '-38.470060'),
(301, 127, '-12.919409', '-38.499171'),
(302, 127, '-12.925725', '-38.508569'),
(303, 127, '-12.938709', '-38.354284'),
(304, 127, '-12.950754', '-38.385527'),
(305, 127, '-12.952762', '-38.399603'),
(306, 127, '-12.971289', '-38.457330'),
(307, 127, '-12.970184', '-38.474207'),
(308, 127, '-12.968694', '-38.412864'),
(309, 127, '-12.948201', '-38.426597'),
(310, 127, '-12.939167', '-38.402369'),
(311, 127, '-12.918504', '-38.385890'),
(312, 127, '-12.928459', '-38.406489'),
(313, 71, '-12.887473', '-38.297872'),
(314, 127, '-12.909453', '-38.350782'),
(1804, 71, '-12.928686', '-38.323455'),
(841, 71, '-12.935748', '-38.331543'),
(319, 71, '-13.005650', '-38.509488'),
(320, 71, '-12.986394', '-38.501052'),
(321, 71, '-12.991412', '-38.513583'),
(323, 71, '-12.965401', '-38.474386'),
(1120, 146, '-12.974929', '-38.466724'),
(327, 71, '-12.939596', '-38.341605'),
(328, 71, '-12.954151', '-38.398997'),
(329, 71, '-12.978992', '-38.460045'),
(330, 71, '-12.982505', '-38.445798'),
(332, 38, '-13.007596', '-38.521207'),
(1820, 143, '-12.982836', '-38.448655'),
(1848, 143, '-12.947957', '-38.369004'),
(1846, 143, '-12.948353', '-38.356018'),
(1847, 143, '-12.937668', '-38.363854'),
(1843, 143, '-12.958664', '-38.394324'),
(1840, 143, '-12.954041', '-38.379536'),
(1839, 143, '-12.950885', '-38.399817'),
(1838, 143, '-12.938839', '-38.395268'),
(1837, 143, '-12.943691', '-38.410031'),
(350, 126, '-12.936718', '-38.360264'),
(351, 126, '-12.936844', '-38.360264'),
(352, 126, '-12.936886', '-38.360221'),
(353, 126, '-12.938786', '-38.383746'),
(358, 126, '-12.939483', '-38.400069'),
(392, 126, '-12.989667', '-38.498374'),
(360, 126, '-12.969697', '-38.422983'),
(361, 126, '-12.965013', '-38.441522'),
(366, 126, '-12.982523', '-38.440980'),
(373, 126, '-13.008886', '-38.485465'),
(387, 126, '-12.967763', '-38.410714'),
(371, 126, '-12.991087', '-38.473098'),
(372, 126, '-13.007345', '-38.463660'),
(374, 126, '-13.004537', '-38.506751'),
(375, 126, '-13.006545', '-38.524009'),
(376, 126, '-12.911067', '-38.336298'),
(377, 126, '-12.932818', '-38.329431'),
(378, 126, '-12.918621', '-38.384790'),
(379, 126, '-12.926538', '-38.407736'),
(380, 126, '-12.992251', '-38.521027'),
(383, 126, '-12.981947', '-38.457693'),
(393, 126, '-12.868816', '-38.277819'),
(385, 126, '-12.957760', '-38.476587'),
(394, 126, '-12.887038', '-38.295794'),
(395, 126, '-12.938468', '-38.343279'),
(413, 158, '-12.986382', '-38.490052'),
(412, 158, '-12.995239', '-38.512014'),
(411, 158, '-13.012997', '-38.479006'),
(410, 158, '-13.008537', '-38.467791'),
(409, 158, '-12.995156', '-38.473971'),
(562, 129, '-12.994944', '-38.445114'),
(408, 158, '-12.991925', '-38.454162'),
(406, 158, '-13.004774', '-38.492962'),
(497, 158, '-13.002844', '-38.453133'),
(416, 158, '-12.979091', '-38.447297'),
(492, 158, '-13.000048', '-38.524225'),
(560, 129, '-13.002895', '-38.456329'),
(502, 158, '-13.007821', '-38.505584'),
(501, 158, '-12.978260', '-38.434184'),
(503, 158, '-13.002383', '-38.508968'),
(551, 7, '-12.979756', '-38.437683'),
(524, 158, '-12.955701', '-38.400000'),
(533, 158, '-12.969063', '-38.421893'),
(548, 7, '-13.006768', '-38.470576'),
(520, 158, '-12.979614', '-38.460069'),
(527, 158, '-12.960609', '-38.409157'),
(543, 7, '-13.002336', '-38.495467'),
(574, 144, '-13.012343', '-38.469861'),
(571, 144, '-13.002558', '-38.475502'),
(572, 144, '-12.994473', '-38.462038'),
(578, 6, '-17.774475', '-41.015310'),
(579, 6, '-12.876468', '-38.287583'),
(580, 6, '-12.887261', '-38.297411'),
(581, 6, '-12.887428', '-38.310886'),
(521, 158, '-12.983517', '-38.468309'),
(1641, 131, '-23.537623', '-46.648755'),
(447, 144, '-12.980954', '-38.512504'),
(448, 144, '-13.007330', '-38.495094'),
(449, 144, '-12.987258', '-38.473808'),
(450, 144, '-13.002981', '-38.454582'),
(451, 144, '-13.003220', '-38.532829'),
(452, 144, '-13.002383', '-38.508968'),
(453, 144, '-12.984917', '-38.497560'),
(454, 15, '-13.009761', '-38.489705'),
(455, 15, '-13.005596', '-38.473013'),
(456, 15, '-13.004432', '-38.463403'),
(457, 15, '-12.996362', '-38.473692'),
(537, 158, '-12.948876', '-38.385271'),
(459, 7, '-12.991881', '-38.448270'),
(460, 7, '-12.991630', '-38.464063'),
(505, 158, '-12.998787', '-38.489785'),
(565, 129, '-12.994104', '-38.458285'),
(507, 7, '-13.000077', '-38.462689'),
(512, 7, '-13.002377', '-38.508493'),
(465, 7, '-12.978290', '-38.456651'),
(515, 158, '-12.992869', '-38.440965'),
(547, 7, '-13.008399', '-38.483903'),
(553, 7, '-13.002587', '-38.523619'),
(557, 7, '-12.970722', '-38.423212'),
(556, 7, '-12.992217', '-38.482252'),
(561, 129, '-12.990915', '-38.473961'),
(595, 6, '-12.970092', '-38.438340'),
(474, 71, '-13.001562', '-38.500727'),
(1797, 62, '-12.974836', '-38.493076'),
(563, 129, '-12.982562', '-38.455110'),
(564, 129, '-12.994104', '-38.458285'),
(596, 6, '-12.978791', '-38.458596'),
(597, 6, '-12.991838', '-38.469754'),
(598, 6, '-13.004048', '-38.456021'),
(599, 6, '-12.938250', '-38.404801'),
(600, 6, '-13.010682', '-38.492692'),
(601, 6, '-13.006835', '-38.509858'),
(602, 6, '-12.957052', '-38.353786'),
(603, 6, '-12.911228', '-38.345765'),
(604, 6, '-12.877427', '-38.270234'),
(605, 6, '-12.945407', '-38.373638'),
(606, 6, '-12.961551', '-38.397090'),
(607, 6, '-12.968577', '-38.411166'),
(608, 6, '-12.984552', '-38.439319'),
(611, 6, '-12.954483', '-38.439877'),
(612, 6, '-12.957536', '-38.429362'),
(613, 6, '-12.991762', '-38.448629'),
(614, 6, '-12.976030', '-38.428688'),
(625, 7, '-12.969343', '-38.433501'),
(1113, 146, '-12.985269', '-38.506669'),
(621, 146, '-12.993327', '-38.518411'),
(623, 146, '-12.997716', '-38.522202'),
(1090, 146, '-12.868080', '-37.951649'),
(1091, 146, '-12.925126', '-38.507086'),
(1092, 146, '-12.925002', '-38.507297'),
(1093, 146, '-12.939062', '-38.504879'),
(632, 158, '-13.002923', '-38.439508'),
(1536, 151, '-12.984172', '-38.439354'),
(1244, 13, '-12.943072', '-38.409654'),
(1537, 151, '-12.992912', '-38.445457'),
(856, 137, '-12.986389', '-38.500268'),
(831, 126, '-12.993145', '-38.447612'),
(830, 151, '-12.974345', '-38.430762'),
(649, 151, '-8.478850', '-52.456890'),
(650, 151, '-8.326826', '-52.939607'),
(651, 151, '-8.022574', '-52.347181'),
(652, 151, '-7.968221', '-52.314266'),
(803, 151, '0.095469', '-47.423342'),
(654, 151, '-8.877890', '-53.233091'),
(656, 151, '-8.946587', '-51.395372'),
(804, 151, '-6.855424', '-54.519626'),
(808, 151, '-12.939697', '-38.372131'),
(806, 151, '-12.904944', '-38.366326'),
(677, 151, '-12.953091', '-38.401301'),
(678, 151, '-12.966065', '-38.437133'),
(686, 151, '-12.990868', '-38.457645'),
(680, 151, '-12.884526', '-38.313396'),
(681, 151, '-12.886282', '-38.292054'),
(809, 151, '-12.936860', '-38.334275'),
(684, 151, '-12.911281', '-38.339418'),
(810, 151, '-12.930097', '-38.341191'),
(682, 151, '-12.886784', '-38.296254'),
(685, 151, '-13.005221', '-38.478104'),
(687, 151, '-12.991121', '-38.472751'),
(672, 151, '-12.979482', '-38.496240'),
(854, 137, '-13.002293', '-38.456114'),
(853, 137, '-12.957380', '-38.430017'),
(851, 137, '-12.928631', '-38.435820'),
(844, 93, '-13.009649', '-38.472456'),
(692, 93, '-12.940045', '-38.433161'),
(693, 93, '-12.966796', '-38.484382'),
(694, 93, '-13.017217', '-38.482775'),
(852, 137, '-12.968879', '-38.439691'),
(846, 93, '-12.945216', '-38.400501'),
(845, 93, '-12.974364', '-38.430021'),
(698, 93, '-12.990219', '-38.519988'),
(704, 93, '-13.008924', '-38.514057'),
(703, 93, '-13.003351', '-38.512099'),
(701, 93, '-12.995233', '-38.471417'),
(702, 93, '-13.004507', '-38.512142'),
(705, 93, '-12.969178', '-38.439181'),
(706, 93, '-12.961067', '-38.431978'),
(707, 93, '-12.936140', '-38.395371'),
(708, 93, '-12.937143', '-38.410478'),
(709, 93, '-12.945706', '-38.373615'),
(710, 93, '-12.937300', '-38.360058'),
(848, 124, '-12.936039', '-38.330722'),
(847, 124, '-12.935160', '-38.341794'),
(713, 93, '-12.895230', '-38.328810'),
(714, 93, '-12.895230', '-38.328810'),
(724, 166, '-12.977203', '-38.503785'),
(723, 166, '-13.387349', '-38.912817'),
(721, 166, '-12.677479', '-38.755173'),
(725, 166, '-12.991079', '-38.512864'),
(726, 166, '-12.993003', '-38.524090'),
(727, 166, '-13.008710', '-38.523990'),
(728, 166, '-13.002675', '-38.531592'),
(729, 166, '-12.996361', '-38.499748'),
(730, 166, '-12.966480', '-38.500670'),
(731, 166, '-12.971457', '-38.489555'),
(732, 166, '-12.953808', '-38.503889'),
(733, 166, '-12.950546', '-38.494319'),
(734, 166, '-12.980113', '-38.463849'),
(742, 139, '-12.976227', '-38.513315'),
(741, 139, '-12.977021', '-38.503144'),
(740, 139, '-12.994083', '-38.508079'),
(1312, 166, '-12.986487', '-38.499111'),
(743, 139, '-12.999143', '-38.523505'),
(744, 139, '-13.008927', '-38.524278'),
(745, 139, '-13.010098', '-38.494237'),
(746, 139, '-13.001902', '-38.487113'),
(747, 139, '-13.012691', '-38.469346'),
(748, 139, '-13.002739', '-38.456815'),
(749, 139, '-12.991448', '-38.472522'),
(750, 139, '-12.970706', '-38.489344'),
(751, 139, '-12.949565', '-38.384695'),
(752, 139, '-12.953079', '-38.401175'),
(753, 139, '-12.970309', '-38.438254'),
(754, 139, '-12.977335', '-38.460913'),
(755, 139, '-12.981517', '-38.445464'),
(756, 139, '-12.958934', '-38.469668'),
(757, 139, '-12.938356', '-38.361693'),
(758, 139, '-12.952075', '-38.497649'),
(759, 139, '-12.929991', '-38.431044'),
(760, 139, '-13.003220', '-38.532829'),
(761, 139, '-12.923591', '-38.508110'),
(762, 139, '-12.957052', '-38.353958'),
(763, 139, '-13.006084', '-38.509172'),
(764, 139, '-12.896171', '-38.482736'),
(765, 139, '-12.920600', '-38.497327'),
(766, 139, '-12.966608', '-38.456815'),
(767, 139, '-12.939339', '-38.421624'),
(768, 139, '-12.991030', '-38.488057'),
(769, 139, '-12.928778', '-38.519440'),
(771, 124, '-12.977348', '-38.502146'),
(772, 124, '-12.976720', '-38.512961'),
(773, 124, '-12.975800', '-38.512618'),
(774, 124, '-12.966432', '-38.500773'),
(775, 124, '-12.966349', '-38.501031'),
(776, 124, '-12.994953', '-38.506867'),
(777, 124, '-12.998298', '-38.524377'),
(778, 124, '-13.008835', '-38.523347'),
(779, 124, '-13.006996', '-38.507210'),
(780, 124, '-13.010508', '-38.491418'),
(781, 124, '-12.995455', '-38.487813'),
(782, 124, '-12.994953', '-38.487641'),
(783, 124, '-12.991607', '-38.475281'),
(784, 124, '-12.979062', '-38.463952'),
(785, 124, '-13.001811', '-38.459660'),
(786, 124, '-12.979062', '-38.464467'),
(787, 124, '-12.958654', '-38.471848'),
(788, 124, '-12.950791', '-38.492791'),
(789, 124, '-12.968691', '-38.440262'),
(790, 124, '-12.969193', '-38.437001'),
(791, 124, '-12.979062', '-38.430306'),
(792, 124, '-12.953133', '-38.399579'),
(793, 124, '-12.912058', '-38.347300'),
(794, 124, '-12.938326', '-38.361891'),
(795, 124, '-12.900178', '-38.404635'),
(796, 124, '-12.867714', '-38.473815'),
(797, 124, '-12.895325', '-38.481711'),
(798, 124, '-12.919922', '-38.498362'),
(799, 124, '-12.982167', '-38.445470'),
(800, 124, '-12.826181', '-38.469275'),
(801, 124, '-12.799080', '-38.491459'),
(802, 151, '-13.438200', '-60.139304'),
(807, 151, '-12.917690', '-38.429886'),
(811, 151, '-12.930530', '-38.342147'),
(815, 132, '-13.008653', '-38.497341'),
(827, 132, '-12.942288', '-38.404488'),
(820, 132, '-13.007150', '-38.486073'),
(823, 132, '-13.004325', '-38.524073'),
(855, 137, '-12.991191', '-38.473317'),
(1094, 146, '-12.918934', '-38.497493'),
(842, 139, '-12.991909', '-38.447740'),
(837, 71, '-13.008208', '-38.530519'),
(838, 71, '-13.008041', '-38.520262'),
(839, 71, '-12.995143', '-38.451417'),
(1095, 146, '-12.919894', '-38.498639'),
(857, 137, '-12.952317', '-38.401521'),
(1418, 146, '-12.987244', '-38.462451'),
(1417, 146, '-12.992763', '-38.473438'),
(860, 122, '-12.990576', '-38.476446'),
(861, 122, '-12.990576', '-38.476446'),
(862, 122, '-12.985893', '-38.497046'),
(863, 122, '-12.986227', '-38.496702'),
(864, 122, '-12.967158', '-38.470267'),
(865, 122, '-12.967158', '-38.470267'),
(866, 122, '-12.979536', '-38.457564'),
(867, 122, '-12.979536', '-38.457564'),
(868, 122, '-13.001950', '-38.464087'),
(869, 122, '-13.002285', '-38.463743'),
(870, 122, '-12.978777', '-38.470495'),
(871, 122, '-12.978861', '-38.470410'),
(872, 122, '-12.989888', '-38.464266'),
(873, 122, '-12.990055', '-38.464266'),
(874, 122, '-12.991728', '-38.462206'),
(881, 122, '-12.951661', '-38.485902'),
(876, 122, '-12.987044', '-38.442980'),
(884, 122, '-12.948234', '-38.462379'),
(878, 122, '-12.997833', '-38.447829'),
(882, 122, '-12.939017', '-38.484944'),
(939, 122, '-12.993971', '-38.516557'),
(886, 122, '-12.963108', '-38.487690'),
(891, 122, '-12.965113', '-38.454720'),
(889, 122, '-12.978384', '-38.430969'),
(890, 122, '-12.966920', '-38.442871'),
(893, 122, '-12.959755', '-38.430672'),
(894, 122, '-12.959922', '-38.430672'),
(895, 122, '-12.948624', '-38.425098'),
(896, 122, '-12.948624', '-38.424926'),
(897, 122, '-12.938753', '-38.413425'),
(946, 122, '-12.871960', '-38.282621'),
(899, 122, '-12.935498', '-38.403153'),
(900, 122, '-12.930646', '-38.388905'),
(901, 122, '-12.930646', '-38.388733'),
(902, 122, '-12.925125', '-38.376030'),
(903, 122, '-12.925125', '-38.375858'),
(904, 122, '-12.942357', '-38.385815'),
(905, 122, '-12.942524', '-38.385815'),
(906, 122, '-12.954403', '-38.382382'),
(907, 122, '-12.954403', '-38.382382'),
(908, 122, '-12.945201', '-38.399376'),
(909, 122, '-12.952562', '-38.410877'),
(910, 122, '-12.952730', '-38.410706'),
(911, 122, '-12.964440', '-38.415684'),
(912, 122, '-12.964607', '-38.415684'),
(913, 122, '-12.971633', '-38.423065'),
(914, 122, '-12.961429', '-38.399891'),
(915, 122, '-12.961429', '-38.399891'),
(916, 122, '-12.951726', '-38.392681'),
(917, 122, '-12.984326', '-38.518801'),
(918, 122, '-12.984326', '-38.518801'),
(919, 122, '-12.977970', '-38.509359'),
(920, 122, '-12.991854', '-38.506784'),
(921, 122, '-12.995032', '-38.488760'),
(922, 122, '-12.995199', '-38.488588'),
(1081, 71, '-13.010524', '-38.484330'),
(924, 122, '-13.004733', '-38.495798'),
(925, 122, '-13.002383', '-38.508968'),
(926, 122, '-13.010754', '-38.481550'),
(927, 122, '-13.004231', '-38.522234'),
(928, 122, '-13.004231', '-38.522062'),
(929, 122, '-13.006740', '-38.528585'),
(930, 122, '-13.006740', '-38.528757'),
(931, 122, '-13.000719', '-38.526010'),
(932, 122, '-13.000719', '-38.526010'),
(933, 122, '-13.001471', '-38.474955'),
(934, 122, '-13.001554', '-38.474870'),
(935, 122, '-13.012175', '-38.469462'),
(936, 122, '-13.012175', '-38.469462'),
(937, 122, '-12.998084', '-38.487172'),
(940, 122, '-12.913898', '-38.497086'),
(941, 122, '-12.914232', '-38.496743'),
(942, 122, '-12.927618', '-38.501893'),
(943, 122, '-12.928287', '-38.513909'),
(944, 122, '-12.941337', '-38.497430'),
(945, 122, '-12.935909', '-38.405185'),
(947, 122, '-12.871960', '-38.281934'),
(948, 122, '-12.855225', '-38.257215'),
(949, 122, '-12.855894', '-38.256528'),
(950, 122, '-12.866605', '-38.301160'),
(951, 122, '-12.866534', '-38.266840'),
(952, 122, '-12.866534', '-38.266840'),
(953, 122, '-12.883771', '-38.292761'),
(954, 122, '-12.883771', '-38.292589'),
(955, 122, '-12.879553', '-38.302296'),
(956, 122, '-12.873528', '-38.314312'),
(957, 122, '-12.873696', '-38.314312'),
(958, 122, '-12.887007', '-38.319136'),
(959, 122, '-12.898051', '-38.307120'),
(960, 122, '-12.898385', '-38.306776'),
(961, 122, '-12.856549', '-38.289267'),
(962, 122, '-12.900059', '-38.318449'),
(963, 122, '-12.923327', '-38.319195'),
(964, 122, '-12.923327', '-38.319195'),
(965, 122, '-12.929350', '-38.336361'),
(966, 122, '-12.929685', '-38.336018'),
(967, 122, '-12.941396', '-38.345288'),
(968, 122, '-12.941731', '-38.345288'),
(969, 122, '-12.945411', '-38.316448'),
(972, 122, '-12.939723', '-38.332928'),
(971, 122, '-12.931358', '-38.325031'),
(973, 122, '-12.957052', '-38.353958'),
(974, 122, '-12.948422', '-38.361080'),
(975, 122, '-12.957052', '-38.353958'),
(976, 122, '-12.948422', '-38.361080'),
(977, 122, '-12.937046', '-38.370350'),
(978, 122, '-12.947347', '-38.372575'),
(979, 122, '-12.935971', '-38.357126'),
(980, 122, '-12.935971', '-38.356954'),
(981, 122, '-12.925598', '-38.349401'),
(982, 122, '-12.925598', '-38.349401'),
(983, 122, '-12.922084', '-38.362447'),
(986, 122, '-12.894336', '-38.453847'),
(985, 122, '-12.920996', '-38.359358'),
(1108, 146, '-12.971901', '-38.509225'),
(1356, 126, '-12.900642', '-38.305436'),
(992, 126, '-12.968729', '-38.501497'),
(993, 126, '-12.979030', '-38.481922'),
(994, 126, '-12.950710', '-38.494637'),
(995, 124, '-12.944362', '-38.337955'),
(1795, 71, '-12.938145', '-38.407413'),
(1041, 156, '-12.986147', '-38.476745'),
(1130, 146, '-12.930723', '-38.496607'),
(1787, 156, '-12.966634', '-38.492725'),
(1799, 8, '-12.942198', '-38.399717'),
(1802, 71, '-12.970782', '-38.438341'),
(1735, 62, '-12.921469', '-38.397941'),
(1034, 156, '-12.991009', '-38.492231'),
(1801, 62, '-12.976441', '-38.431804'),
(1800, 8, '-12.975312', '-38.432447'),
(1014, 156, '-13.002020', '-38.523237'),
(1728, 62, '-12.946365', '-38.378935'),
(1727, 62, '-12.952381', '-38.399500'),
(1798, 8, '-12.942198', '-38.399717'),
(1019, 156, '-12.991293', '-38.509974'),
(1026, 156, '-13.003588', '-38.505683'),
(1726, 62, '-12.927979', '-38.428292'),
(1725, 62, '-12.999507', '-38.455711'),
(1028, 132, '-13.005622', '-38.510816'),
(1791, 156, '-13.003377', '-38.491264'),
(1724, 62, '-12.948414', '-38.493554'),
(1047, 156, '-12.973099', '-38.483268'),
(1722, 62, '-12.951121', '-38.496185'),
(1723, 62, '-12.948441', '-38.493539'),
(1043, 156, '-12.975107', '-38.499748'),
(1045, 62, '-12.940064', '-38.504730'),
(1050, 62, '-12.972988', '-38.506958'),
(1051, 62, '-12.969896', '-38.503016'),
(1793, 156, '-12.972866', '-38.469723'),
(1053, 156, '-13.000532', '-38.461295'),
(1736, 62, '-12.954655', '-38.503800'),
(1730, 62, '-12.901017', '-38.406066'),
(1058, 62, '-12.981908', '-38.446374'),
(1059, 62, '-12.977730', '-38.464882'),
(1060, 62, '-12.974889', '-38.475679'),
(1061, 62, '-12.967870', '-38.479792'),
(1062, 62, '-12.984916', '-38.484933'),
(1063, 62, '-12.993772', '-38.486304'),
(1731, 62, '-12.894999', '-38.475302'),
(1732, 62, '-12.865575', '-38.469818'),
(1733, 62, '-12.908381', '-38.332333'),
(1734, 62, '-12.909049', '-38.341245'),
(1737, 62, '-88.531079', '-31.670040'),
(1738, 62, '-78.397199', '-167.103164'),
(1739, 62, '-41.238414', '-82.245394'),
(1794, 126, '35.778028', '-64.561758'),
(1783, 13, '-11.892885', '-37.869663'),
(1782, 13, '-10.455470', '-38.611360'),
(1780, 13, '7.110647', '-31.231731'),
(1110, 146, '-12.956555', '-38.500669'),
(1076, 156, '-12.984383', '-38.461545'),
(1085, 71, '-12.998771', '-38.480788'),
(1101, 146, '-12.971793', '-38.510325'),
(1102, 146, '-12.973000', '-38.509059'),
(1103, 146, '-12.971762', '-38.510416'),
(1104, 146, '-12.971143', '-38.510114'),
(1105, 146, '-12.971669', '-38.509948'),
(1106, 146, '-12.972164', '-38.509119'),
(1107, 146, '-12.971824', '-38.510476'),
(1109, 146, '-12.974760', '-38.509954'),
(1111, 146, '-12.984093', '-38.500700'),
(1117, 146, '29.337890', '-78.298007'),
(1118, 146, '-12.966335', '-38.500804'),
(1115, 146, '-12.998615', '-38.488361'),
(1137, 13, '-12.977547', '-38.429558'),
(1119, 146, '-12.915273', '-38.411660'),
(1122, 146, '-12.917254', '-38.420342'),
(1132, 13, '-13.129891', '-38.953453'),
(1131, 146, '-12.998742', '-38.459098'),
(1138, 71, '-12.973124', '-38.510911'),
(1139, 71, '-12.971827', '-38.492586'),
(1140, 71, '-12.964341', '-38.500997'),
(1803, 71, '-12.977995', '-38.426691'),
(1796, 71, '-12.959847', '-38.463733'),
(1143, 71, '-12.927452', '-38.408772'),
(1146, 13, '-12.985595', '-38.499193'),
(1147, 13, '-12.984340', '-38.499042'),
(1148, 71, '-12.937449', '-38.361050'),
(1149, 71, '-12.951335', '-38.355085'),
(1150, 71, '-12.917372', '-38.350021'),
(1161, 13, '-12.990638', '-38.470008'),
(1190, 13, '-13.007749', '-38.522894'),
(1182, 13, '-13.000885', '-38.452906'),
(1163, 13, '-12.991475', '-38.470008'),
(1216, 13, '-12.969065', '-38.438457'),
(1166, 13, '-13.001176', '-38.488805'),
(1179, 13, '-12.979583', '-38.457269'),
(1177, 13, '-12.976153', '-38.457269'),
(1159, 13, '-12.970403', '-38.490049'),
(1168, 13, '-13.001092', '-38.488719'),
(1226, 39, '-12.992661', '-38.472223'),
(1193, 13, '-12.992894', '-38.524401'),
(1178, 71, '-12.897083', '-38.321489'),
(1784, 156, '-13.002373', '-38.474256'),
(1225, 13, '-12.980607', '-38.443950'),
(1201, 13, '-13.002383', '-38.508968'),
(1175, 71, '-12.916389', '-38.314573'),
(1229, 39, '-13.000235', '-38.457148'),
(1232, 39, '-12.964415', '-38.465839'),
(1231, 39, '-12.989561', '-38.497014'),
(1236, 13, '-12.955598', '-38.394948'),
(1235, 13, '-12.955598', '-38.394948'),
(1251, 69, '-12.992888', '-38.505376'),
(1238, 13, '-12.946920', '-38.381501'),
(1234, 13, '-12.938450', '-38.398810'),
(1239, 13, '-12.935878', '-38.358326'),
(1233, 13, '-12.938450', '-38.398810'),
(1240, 13, '-12.967153', '-38.410601'),
(1241, 13, '-12.992741', '-38.484218'),
(1311, 139, '-12.986138', '-38.499367'),
(1252, 69, '-13.003837', '-38.497277'),
(1254, 69, '-13.010419', '-38.488423'),
(1253, 69, '-13.009583', '-38.487309'),
(1255, 69, '-13.008956', '-38.488337'),
(1256, 69, '-13.007447', '-38.511857'),
(1257, 69, '-12.983856', '-38.500998'),
(1258, 69, '-12.982395', '-38.499699'),
(1259, 69, '-12.987608', '-38.518274'),
(1260, 69, '-12.999746', '-38.521778'),
(1261, 6, '-12.947181', '-38.348808'),
(1266, 24, '-12.949062', '-38.384634'),
(1267, 24, '-12.937584', '-38.360050'),
(1268, 24, '-12.940723', '-38.340335'),
(1272, 24, '-12.970537', '-38.434473'),
(1273, 24, '-12.945225', '-38.414848'),
(1274, 24, '-12.877773', '-38.319828'),
(1275, 24, '-12.934362', '-38.327415'),
(1280, 24, '-12.997839', '-38.521887'),
(1279, 24, '-12.990059', '-38.510996'),
(1278, 24, '-12.990058', '-38.510932'),
(1281, 24, '-13.003202', '-38.485984'),
(1282, 24, '-12.964568', '-38.506138'),
(1285, 24, '-12.922021', '-38.496668'),
(1286, 24, '-12.928599', '-38.514097'),
(1287, 93, '-11.140298', '-55.429373'),
(1288, 93, '-12.963714', '-38.502800'),
(1289, 93, '-12.971334', '-38.508325'),
(1290, 93, '-12.978234', '-38.479421'),
(1291, 93, '-12.987518', '-38.508282'),
(1292, 93, '-12.980680', '-38.497317'),
(1293, 93, '-12.996341', '-38.493862'),
(1294, 93, '-13.007694', '-38.489656'),
(1295, 93, '-13.006690', '-38.524482'),
(1296, 93, '-13.003324', '-38.463070'),
(1297, 93, '-13.002404', '-38.450968'),
(1298, 93, '-12.985720', '-38.467920'),
(1299, 93, '-12.982562', '-38.455110'),
(1300, 93, '-12.975683', '-38.461590'),
(1301, 93, '-12.936014', '-38.377669'),
(1302, 93, '-12.950506', '-38.362563'),
(1303, 93, '-12.946408', '-38.339946'),
(1304, 93, '-12.940740', '-38.332908'),
(1305, 93, '-12.923152', '-38.315871'),
(1306, 93, '-12.914556', '-38.308146'),
(1307, 93, '-12.912318', '-38.350096'),
(1308, 93, '-12.895607', '-38.347499'),
(1309, 93, '-12.914640', '-38.368678'),
(1310, 13, '-12.990343', '-38.449025'),
(1313, 166, '-13.008781', '-38.505020'),
(1314, 39, '-12.994046', '-38.447301'),
(1672, 57, '-12.990656', '-38.473111'),
(1676, 22, '-12.943810', '-38.491946'),
(1674, 57, '-12.998400', '-38.523471'),
(1673, 57, '-12.990053', '-38.472931'),
(1326, 159, '-13.008627', '-38.524591'),
(1327, 159, '-13.008627', '-38.524591'),
(1328, 159, '-13.007407', '-38.507471'),
(1329, 159, '-13.002753', '-38.456715'),
(1330, 159, '-13.002753', '-38.456715'),
(1331, 159, '-12.937501', '-38.360436'),
(1332, 159, '-12.958267', '-38.469261'),
(1333, 159, '-12.958267', '-38.469261'),
(1334, 159, '-12.899778', '-38.407479'),
(1581, 159, '-12.939786', '-38.400427'),
(1338, 139, '-12.977272', '-38.430726'),
(1337, 159, '-12.990689', '-38.471858'),
(1339, 71, '-12.994578', '-38.526099'),
(1378, 123, '-12.937502', '-38.360726'),
(1379, 123, '-12.922588', '-38.314905'),
(1380, 123, '-12.899294', '-38.313419'),
(1381, 123, '-12.887036', '-38.295480'),
(1349, 123, '-12.934867', '-38.346378'),
(1346, 123, '-12.935621', '-38.331958'),
(1668, 57, '-12.959479', '-38.470075'),
(1355, 126, '-12.995903', '-38.487854'),
(1357, 126, '-12.900056', '-38.305350'),
(1358, 126, '-12.900140', '-38.305265'),
(1361, 126, '-12.913659', '-38.360893'),
(1360, 126, '-12.904993', '-38.319684'),
(1362, 126, '-12.913659', '-38.360807'),
(1363, 126, '-12.938414', '-38.425097'),
(1375, 126, '-12.915353', '-38.451493'),
(1382, 123, '-12.885530', '-38.312732'),
(1366, 126, '-12.917695', '-38.433297'),
(1376, 126, '-12.954920', '-38.402827'),
(1368, 126, '-12.914265', '-38.416904'),
(1374, 126, '-12.955478', '-38.455653'),
(1370, 126, '-12.935628', '-38.450223'),
(1373, 126, '-12.907991', '-38.401454'),
(1372, 126, '-12.934624', '-38.466703'),
(1383, 123, '-12.876703', '-38.287240'),
(1384, 123, '-12.869209', '-38.270102'),
(1399, 123, '-12.949601', '-38.386133'),
(1386, 123, '-12.956167', '-38.397200'),
(1387, 123, '-12.938601', '-38.405011'),
(1388, 123, '-12.917687', '-38.383382'),
(1389, 123, '-12.909453', '-38.350782'),
(1390, 123, '-12.909453', '-38.350782'),
(1391, 123, '-12.909823', '-38.366044'),
(1392, 123, '-12.843586', '-38.279498'),
(1393, 123, '-12.822246', '-38.270829'),
(1394, 123, '-12.820321', '-38.288682'),
(1395, 123, '-12.957907', '-38.428456'),
(1396, 123, '-12.945566', '-38.432673'),
(1397, 123, '-12.946261', '-38.433867'),
(1398, 123, '-12.946924', '-38.375656'),
(1409, 15, '-12.993916', '-38.443054'),
(1401, 15, '-12.982562', '-38.455110'),
(1402, 15, '-12.980767', '-38.446006'),
(1403, 15, '-13.000337', '-38.452679'),
(1404, 15, '-13.006697', '-38.508414'),
(1405, 15, '-13.008160', '-38.523906'),
(1419, 146, '-12.991258', '-38.494552'),
(1407, 15, '-12.969469', '-38.438784'),
(1408, 15, '-12.988542', '-38.468493'),
(1410, 15, '-12.980053', '-38.433609'),
(1416, 15, '-12.999094', '-38.529910'),
(1474, 71, '-12.982646', '-38.520641'),
(1677, 22, '-12.987191', '-38.438647'),
(1680, 22, '-13.002768', '-38.457522'),
(1678, 22, '-12.987317', '-38.438776'),
(1475, 71, '-12.982326', '-38.517114'),
(1810, 39, '-12.989170', '-38.457972'),
(1477, 6, '-12.953865', '-38.391684'),
(1478, 6, '-13.004215', '-38.526375'),
(1479, 7, '-12.990461', '-38.438234'),
(1480, 13, '-12.970675', '-38.421192'),
(1481, 13, '-12.996602', '-38.498647'),
(1482, 13, '-13.010318', '-38.497617'),
(1483, 13, '-13.013997', '-38.485601'),
(1484, 13, '-12.922024', '-38.500774'),
(1485, 13, '-12.928549', '-38.511932'),
(1486, 13, '-12.935743', '-38.501289'),
(1487, 13, '-12.928382', '-38.492534'),
(1488, 139, '-13.002383', '-38.508968'),
(1489, 139, '-13.002383', '-38.508968'),
(1490, 20, '-12.994669', '-38.489263'),
(1491, 20, '-12.980618', '-38.446520'),
(1492, 20, '-12.992829', '-38.444460'),
(1493, 20, '-13.009325', '-38.493691'),
(1495, 146, '-13.006479', '-38.512748'),
(1496, 146, '-13.009489', '-38.495410'),
(1497, 146, '-13.006753', '-38.529165'),
(1498, 146, '-12.980492', '-38.450716'),
(1499, 146, '-12.973968', '-38.437498'),
(1500, 146, '-12.977481', '-38.427027'),
(1501, 146, '-12.984339', '-38.434923'),
(1503, 24, '-12.979283', '-38.447626'),
(1504, 24, '-12.979241', '-38.427654'),
(1505, 24, '-13.007341', '-38.529142'),
(1506, 24, '-12.980244', '-38.516439'),
(1507, 24, '-13.001655', '-38.461851'),
(1508, 24, '-12.991953', '-38.471121'),
(1781, 13, '-10.455470', '-38.611360'),
(1778, 13, '3.603643', '-32.969076'),
(1777, 13, '-53.042351', '44.445436'),
(1512, 38, '-12.995358', '-38.505512'),
(1513, 38, '-13.001714', '-38.458581'),
(1514, 38, '-12.988500', '-38.461843'),
(1515, 38, '-12.977126', '-38.428540'),
(1518, 123, '-12.972633', '-38.435950'),
(1517, 38, '-13.000711', '-38.465962'),
(1519, 123, '-12.980663', '-38.431143'),
(1520, 123, '-12.971964', '-38.425822'),
(1521, 123, '-12.945298', '-38.339529'),
(1522, 123, '-12.950527', '-38.367863'),
(1523, 123, '-12.945047', '-38.351889'),
(1836, 143, '-12.961173', '-38.407284'),
(1835, 143, '-12.952809', '-38.418528'),
(1834, 143, '-12.965690', '-38.430459'),
(1833, 143, '-12.969788', '-38.442818'),
(1832, 143, '-12.971043', '-38.418700'),
(1529, 69, '-12.993306', '-38.495386'),
(1530, 69, '-13.007105', '-38.529273'),
(1531, 69, '-13.001920', '-38.458034'),
(1532, 69, '-12.992793', '-38.468528'),
(1533, 93, '-12.979876', '-38.444683'),
(1534, 93, '-13.090972', '-38.177246'),
(1538, 151, '-13.002279', '-38.457406'),
(1539, 151, '-12.946910', '-38.386202'),
(1540, 166, '-12.994766', '-38.489040'),
(1541, 166, '-12.982890', '-38.487066'),
(1542, 166, '-13.003297', '-38.514808'),
(1543, 166, '-12.979043', '-38.515666'),
(1544, 166, '-13.001290', '-38.458331'),
(1545, 166, '-12.991756', '-38.473094'),
(1546, 122, '-12.974350', '-38.367134'),
(1547, 122, '-12.967994', '-38.354774'),
(1548, 122, '-12.956618', '-38.327480'),
(1549, 124, '-12.948976', '-38.383057'),
(1550, 126, '-13.002837', '-38.453218'),
(1551, 126, '-12.949266', '-38.351793'),
(1552, 126, '-12.950605', '-38.382177'),
(1553, 127, '-12.994742', '-38.509531'),
(1554, 127, '-13.009126', '-38.492879'),
(1555, 127, '-12.977847', '-38.429880'),
(1556, 129, '-12.985493', '-38.438171'),
(1651, 132, '-13.002407', '-38.457698'),
(1656, 132, '-12.990686', '-38.523156'),
(1559, 132, '-12.995105', '-38.489137'),
(1681, 22, '-13.002768', '-38.457522'),
(1561, 137, '-12.995338', '-38.489386'),
(1562, 137, '-13.007297', '-38.508716'),
(1563, 137, '-13.007464', '-38.526053'),
(1564, 137, '-12.997094', '-38.523478'),
(1565, 137, '-13.008468', '-38.491721'),
(1566, 144, '-12.983482', '-38.435893'),
(1567, 144, '-12.970769', '-38.442760'),
(1568, 159, '-12.998508', '-38.524943'),
(1569, 159, '-13.002815', '-38.516403'),
(1570, 159, '-13.008962', '-38.494930'),
(1571, 159, '-12.978686', '-38.432273'),
(1572, 159, '-12.969151', '-38.436908'),
(1573, 159, '-12.994410', '-38.490872'),
(1574, 159, '-12.986046', '-38.501515'),
(1575, 159, '-12.982032', '-38.445095'),
(1576, 159, '-12.978686', '-38.456253'),
(1577, 159, '-12.989726', '-38.460201'),
(1578, 159, '-12.940382', '-38.341054'),
(1579, 159, '-12.936032', '-38.329896'),
(1580, 159, '-12.899778', '-38.407479'),
(1582, 156, '-12.984307', '-38.447942'),
(1583, 156, '-12.974270', '-38.438501'),
(1584, 156, '-12.982300', '-38.431119'),
(1585, 158, '-12.974673', '-38.489813'),
(1586, 158, '-12.985378', '-38.502773'),
(1587, 158, '-13.008963', '-38.529570'),
(1588, 158, '-13.008461', '-38.518584'),
(1589, 158, '-12.941111', '-38.340186'),
(1590, 158, '-12.936426', '-38.331946'),
(1591, 39, '-13.008384', '-38.509166'),
(1592, 39, '-13.006376', '-38.525646'),
(1593, 39, '-12.981788', '-38.443763'),
(1813, 62, '-13.011718', '-38.475194'),
(1595, 39, '-12.969744', '-38.436382'),
(1619, 138, '-13.002251', '-38.455447'),
(1601, 76, '-12.952955', '-38.400132'),
(1598, 76, '-5.207276', '-38.386076'),
(1600, 76, '-16.523460', '-39.111130'),
(1602, 76, '-12.923064', '-38.384568'),
(1603, 76, '-12.949052', '-38.384797'),
(1604, 76, '-12.950056', '-38.386857'),
(1605, 76, '-12.967119', '-38.440415'),
(1606, 76, '-12.967119', '-38.440415'),
(1607, 76, '-12.978717', '-38.431031'),
(1608, 76, '-12.980636', '-38.443788'),
(1609, 76, '-12.980748', '-38.444075'),
(1618, 138, '-9.116162', '-54.616416'),
(1611, 76, '-12.981082', '-38.445104'),
(1612, 76, '-12.981417', '-38.445276'),
(1613, 76, '-12.994033', '-38.445988'),
(1614, 76, '-12.983244', '-38.445387'),
(1615, 76, '-12.982241', '-38.446417'),
(1616, 76, '-12.993949', '-38.445988'),
(1617, 76, '-12.981906', '-38.445473'),
(1620, 138, '-12.968205', '-38.471621'),
(1621, 138, '-12.955382', '-38.447909'),
(1622, 138, '-12.957917', '-38.467694'),
(1623, 138, '-12.957959', '-38.467651'),
(1624, 138, '-12.957010', '-38.464036'),
(1625, 93, '-12.974515', '-38.359143'),
(1626, 93, '-12.977730', '-38.379910'),
(1831, 143, '-12.978403', '-38.433291'),
(1830, 143, '-12.989443', '-38.476979'),
(1829, 143, '-12.993374', '-38.523842'),
(1873, 143, '-13.006923', '-38.506934'),
(1827, 143, '-13.006504', '-38.531396'),
(1826, 143, '-13.004413', '-38.521182'),
(1825, 143, '-13.000817', '-38.482901'),
(1824, 143, '-13.008679', '-38.490283'),
(1823, 143, '-13.005250', '-38.461014'),
(1822, 143, '-12.991952', '-38.464791'),
(1841, 143, '-12.937250', '-38.378445'),
(1642, 131, '-23.525308', '-46.644463'),
(1645, 4, '-13.007998', '-38.530647'),
(1644, 4, '-13.000430', '-38.522684'),
(1646, 4, '-13.005866', '-38.512236'),
(1647, 4, '-12.994576', '-38.509384'),
(1648, 4, '-12.998088', '-38.500415'),
(1649, 4, '-13.008584', '-38.502990'),
(1679, 22, '-12.995199', '-38.445892'),
(1682, 22, '-12.991185', '-38.472738'),
(1683, 22, '-12.979016', '-38.459606'),
(1684, 22, '-12.978096', '-38.428278'),
(1685, 22, '-12.969063', '-38.438406'),
(1686, 22, '-12.980856', '-38.446817'),
(1687, 22, '-12.982612', '-38.478489'),
(1688, 22, '-12.994739', '-38.490591'),
(1689, 22, '-13.002099', '-38.483810'),
(1690, 22, '-13.009625', '-38.495398'),
(1691, 22, '-12.954425', '-38.402014'),
(1692, 22, '-12.951079', '-38.382788'),
(1693, 22, '-12.960113', '-38.468618'),
(1694, 22, '-13.003220', '-38.532829'),
(1695, 22, '-12.936691', '-38.331976'),
(1696, 22, '-12.939368', '-38.357382'),
(1697, 22, '-12.998586', '-38.511877'),
(1698, 22, '-12.999517', '-38.522391'),
(1699, 22, '-13.009385', '-38.522219'),
(1700, 22, '-12.991153', '-38.502650'),
(1701, 22, '-13.006625', '-38.506341'),
(1702, 22, '-12.985717', '-38.385319'),
(1703, 22, '-12.938542', '-38.406949'),
(1704, 22, '-12.957447', '-38.430209'),
(1705, 22, '-12.954519', '-38.440594'),
(1706, 22, '-12.948037', '-38.422613'),
(1707, 22, '-12.968655', '-38.411069'),
(1708, 22, '-12.970161', '-38.422227'),
(1709, 22, '-12.936140', '-38.395371'),
(1710, 22, '-12.927918', '-38.408365'),
(1711, 22, '-12.920264', '-38.355622'),
(1712, 22, '-12.926705', '-38.342275'),
(1713, 22, '-12.895230', '-38.328810'),
(1714, 22, '-12.887426', '-38.297429'),
(1715, 22, '-12.887217', '-38.310647'),
(1716, 22, '-12.952595', '-38.456173'),
(1717, 22, '-12.963929', '-38.457374'),
(1718, 22, '-12.879394', '-38.274769'),
(1719, 22, '-12.957052', '-38.353958'),
(1775, 13, '-7.144057', '-18.741854'),
(1774, 13, '-7.144057', '-18.741854'),
(1773, 13, '-7.056841', '-18.610018'),
(1776, 13, '-53.042351', '44.445436'),
(1771, 136, '-12.900934', '-38.399639'),
(1770, 136, '-12.937070', '-38.360979'),
(1769, 136, '-12.886539', '-38.302614'),
(1768, 136, '-12.880850', '-38.315317'),
(1767, 136, '-12.908031', '-38.353209'),
(1766, 136, '-12.911670', '-38.343767'),
(1765, 136, '-12.900710', '-38.344454'),
(1811, 39, '-12.989170', '-38.457972'),
(1812, 62, '-13.003015', '-38.466751'),
(1851, 143, '-12.938003', '-38.345915'),
(1852, 143, '-12.928466', '-38.322827'),
(1853, 143, '-12.927295', '-38.334757'),
(1854, 143, '-12.926459', '-38.352009'),
(1855, 143, '-12.917089', '-38.342654'),
(1856, 143, '-12.918511', '-38.313300'),
(1857, 143, '-12.916001', '-38.327548'),
(1858, 143, '-12.920435', '-38.384453'),
(1859, 143, '-12.930223', '-38.389775'),
(1860, 143, '-12.927881', '-38.402478'),
(1861, 143, '-12.939611', '-38.423608'),
(1864, 143, '-12.981458', '-38.460831'),
(1863, 143, '-12.928903', '-38.416141'),
(1865, 143, '-12.966486', '-38.474650'),
(1868, 143, '-12.968827', '-38.458342'),
(1874, 143, '-12.973740', '-38.496085'),
(1875, 143, '-12.971063', '-38.484669'),
(1876, 143, '-12.949567', '-38.483296'),
(1970, 209, '-12.962744', '-38.453727'),
(1958, 209, '-13.003931', '-38.464851'),
(1977, 209, '-13.003848', '-38.501769'),
(1980, 228, '-20.102002', '-48.260794'),
(1957, 209, '-13.006914', '-38.476799'),
(1973, 209, '-12.974381', '-38.463833'),
(1943, 209, '-12.981407', '-38.445980'),
(1888, 209, '-12.967690', '-38.438255'),
(1972, 209, '-12.969279', '-38.478081'),
(1953, 209, '-12.991432', '-38.486467'),
(1954, 209, '-12.993450', '-38.501427'),
(1893, 209, '-13.008164', '-38.491219'),
(1895, 209, '-12.990183', '-38.519200'),
(1896, 209, '-13.001975', '-38.524264'),
(1897, 209, '-12.957564', '-38.429765'),
(1898, 209, '-12.954887', '-38.442811'),
(1899, 209, '-12.943594', '-38.448733'),
(1901, 209, '-12.937227', '-38.414834'),
(1937, 209, '-12.940383', '-38.430207'),
(1924, 209, '-12.951248', '-38.395290'),
(1905, 209, '-12.949575', '-38.382977'),
(1938, 209, '-12.965969', '-38.416732'),
(1939, 209, '-12.944949', '-38.369988'),
(1911, 209, '-12.935857', '-38.329513'),
(1963, 209, '-12.936892', '-38.360910'),
(1962, 209, '-12.950134', '-38.353424'),
(1915, 209, '-12.951954', '-38.418527'),
(1925, 209, '-12.955656', '-38.406682'),
(1917, 209, '-12.940808', '-38.404988'),
(1944, 209, '-12.993449', '-38.448861'),
(1919, 209, '-12.941184', '-38.340548'),
(1936, 209, '-12.931396', '-38.401450'),
(1956, 209, '-12.989392', '-38.474610'),
(1974, 209, '-12.932113', '-38.502448'),
(1968, 209, '-12.937394', '-38.386660'),
(1969, 209, '-12.919836', '-38.390630'),
(1967, 209, '-12.925626', '-38.356886'),
(1975, 209, '-12.975895', '-38.429937'),
(1976, 209, '-13.015090', '-38.505139'),
(1978, 209, '-13.003848', '-38.501769'),
(1979, 209, '-12.991609', '-38.458775');

-- --------------------------------------------------------

--
-- Estrutura da tabela `cupons`
--

CREATE TABLE `cupons` (
  `idCupom` int(10) UNSIGNED NOT NULL,
  `codigo` varchar(20) DEFAULT NULL,
  `valor` decimal(10,2) DEFAULT NULL,
  `ativo` tinyint(1) DEFAULT NULL,
  `validade` date DEFAULT NULL,
  `limite` int(5) DEFAULT NULL,
  `idServico` int(11) DEFAULT NULL
) ENGINE=MyISAM DEFAULT CHARSET=latin1;

--
-- Extraindo dados da tabela `cupons`
--

INSERT INTO `cupons` (`idCupom`, `codigo`, `valor`, `ativo`, `validade`, `limite`, `idServico`) VALUES
(45, 'FAST20', '20.00', 1, '2018-05-01', 1000, 39),
(46, 'FAST20', '20.00', 1, '2018-05-01', 1000, 49),
(47, 'FAST20', '20.00', 1, '2018-05-01', 1000, 50),
(48, 'FAST20', '20.00', 1, '2018-05-01', 1000, 47),
(49, 'FAST20', '20.00', 1, '2018-05-01', 1000, 43),
(75, 'Binhoviado', '20.00', NULL, '2017-08-20', 1, 61),
(53, 'CLOSET', '20.00', 1, '2018-05-03', 100, 39),
(54, 'CLOSET', '20.00', 1, '2018-05-03', 100, 39),
(55, 'CLOSET', '20.00', 1, '2018-05-03', 100, 36),
(56, 'CLOSET', '20.00', 1, '2018-05-03', 100, 45),
(57, 'CLOSET', '20.00', 1, '2018-05-03', 100, 34),
(58, 'CLOSET', '20.00', 1, '2018-05-03', 100, 35),
(59, 'CLOSET', '20.00', 1, '2018-05-03', 100, 62),
(60, 'CLOSET', '20.00', 1, '2018-05-03', 100, 40),
(61, 'TESTE20', '20.00', 1, '2018-05-04', 100, 37),
(62, 'TESTE20', '20.00', 1, '2018-05-04', 100, 39),
(63, 'TESTE20', '20.00', 1, '2018-05-04', 100, 36),
(64, 'TESTE20', '20.00', 1, '2018-05-04', 100, 40),
(65, 'TESTE20', '20.00', 1, '2018-05-04', 100, 41),
(66, 'TESTE20', '20.00', 1, '2018-05-04', 100, 34),
(67, 'DIADASMAES', '20.00', 1, '2018-06-10', 100, 37),
(68, 'DIADASMAES', '20.00', 1, '2018-06-10', 100, 39),
(69, 'DIADASMAES', '20.00', 1, '2018-06-10', 100, 36),
(70, 'DIADASMAES', '20.00', 1, '2018-06-10', 100, 34),
(71, 'DIADASMAES', '20.00', 1, '2018-06-10', 100, 40),
(72, 'DIADASMAES', '20.00', NULL, '2018-06-10', 100, 41),
(73, 'MAETOP20', '20.00', NULL, '2018-05-14', 1000, 37),
(74, 'MAETOP20', '20.00', NULL, '2018-05-14', 1000, 54);

-- --------------------------------------------------------

--
-- Estrutura da tabela `dias`
--

CREATE TABLE `dias` (
  `idDia` int(10) UNSIGNED NOT NULL,
  `idProfissional` int(10) UNSIGNED NOT NULL,
  `dia` int(2) DEFAULT NULL,
  `horaInicio` char(5) DEFAULT NULL,
  `horaFim` char(5) DEFAULT NULL
) ENGINE=MyISAM DEFAULT CHARSET=latin1;

--
-- Extraindo dados da tabela `dias`
--

INSERT INTO `dias` (`idDia`, `idProfissional`, `dia`, `horaInicio`, `horaFim`) VALUES
(1, 1, 1, '07:00', '22:00'),
(2, 1, 2, '07:00', '22:00'),
(3, 1, 3, '07:00', '22:00'),
(4, 1, 4, '07:00', '22:00'),
(5, 2, 1, '07:00', '22:00'),
(6, 2, 2, '07:00', '22:00'),
(7, 2, 5, '07:00', '22:00'),
(8, 2, 6, '07:00', '22:00'),
(9, 3, 0, '07:00', '22:00'),
(10, 3, 1, '07:00', '22:00'),
(11, 3, 2, '07:00', '22:00'),
(12, 4, 0, '10:00', '19:00'),
(13, 4, 6, '09:00', '18:00'),
(14, 5, 1, '07:00', '22:00'),
(15, 5, 2, '07:00', '22:00'),
(16, 5, 4, '07:00', '22:00'),
(978, 6, 1, '13:00', '16:00'),
(979, 6, 2, '13:00', '15:00'),
(980, 6, 3, '14:00', '20:00'),
(983, 6, 6, '10:00', '20:00'),
(982, 6, 5, '09:00', '21:30'),
(981, 6, 4, '14:00', '20:00'),
(920, 7, 4, '17:30', '21:30'),
(24, 7, 5, '07:00', '22:00'),
(25, 7, 6, '07:00', '22:00'),
(1361, 219, 3, NULL, NULL),
(1360, 219, 0, NULL, NULL),
(28, 8, 6, '07:00', '17:00'),
(29, 9, 1, '07:00', '22:00'),
(30, 9, 2, '07:00', '22:00'),
(31, 11, 0, '07:00', '22:00'),
(32, 11, 6, '07:00', '22:00'),
(33, 12, 1, '07:00', '22:00'),
(34, 12, 2, '07:00', '22:00'),
(35, 12, 3, '07:00', '22:00'),
(36, 12, 4, '07:00', '22:00'),
(37, 12, 5, '07:00', '22:00'),
(1141, 182, 2, NULL, NULL),
(1143, 183, 0, NULL, NULL),
(1144, 183, 3, NULL, NULL),
(1145, 183, 4, NULL, NULL),
(1147, 129, 3, '09:00', '17:00'),
(43, 14, 1, '07:00', '22:00'),
(44, 14, 3, '07:00', '22:00'),
(45, 14, 5, '07:00', '22:00'),
(46, 14, 6, '07:00', '22:00'),
(919, 15, 3, '09:00', '18:00'),
(918, 15, 1, '09:00', '18:00'),
(49, 16, 0, '07:00', '22:00'),
(50, 16, 1, '07:00', '22:00'),
(51, 16, 2, '07:00', '22:00'),
(52, 16, 3, '07:00', '22:00'),
(53, 16, 4, '07:00', '22:00'),
(54, 16, 5, '07:00', '22:00'),
(55, 16, 6, '07:00', '22:00'),
(56, 17, 0, '07:00', '22:00'),
(57, 17, 5, '07:00', '22:00'),
(58, 18, 0, '07:00', '22:00'),
(59, 18, 1, '07:00', '22:00'),
(60, 18, 2, '07:00', '22:00'),
(61, 18, 3, '07:00', '22:00'),
(62, 18, 4, '07:00', '22:00'),
(63, 19, 1, '07:00', '22:00'),
(64, 19, 2, '07:00', '22:00'),
(65, 19, 3, '07:00', '22:00'),
(66, 19, 4, '07:00', '22:00'),
(67, 19, 5, '07:00', '22:00'),
(68, 19, 6, '07:00', '22:00'),
(325, 62, 1, '07:30', '21:00'),
(321, 20, 4, '07:00', '19:00'),
(322, 20, 5, '07:00', '20:00'),
(323, 20, 6, '07:00', '20:00'),
(1146, 129, 1, '09:00', '17:00'),
(74, 21, 0, '07:00', '22:00'),
(75, 21, 1, '07:00', '22:00'),
(76, 21, 2, '07:00', '22:00'),
(77, 21, 3, '07:00', '22:00'),
(78, 21, 4, '07:00', '22:00'),
(79, 21, 5, '07:00', '22:00'),
(80, 21, 6, '07:00', '22:00'),
(81, 22, 4, '07:00', '22:00'),
(82, 22, 5, '07:00', '22:00'),
(83, 22, 6, '07:00', '22:00'),
(84, 23, 4, '07:00', '22:00'),
(85, 23, 5, '07:00', '22:00'),
(86, 23, 6, '07:00', '22:00'),
(1185, 4, 3, '19:00', '20:30'),
(1094, 93, 1, '09:30', '18:00'),
(1089, 24, 4, '07:00', '17:00'),
(1090, 24, 6, '07:00', '14:00'),
(1088, 24, 3, '07:00', '21:30'),
(1087, 24, 2, '07:00', '21:30'),
(1085, 24, 1, '08:00', '21:30'),
(94, 25, 2, '07:00', '22:00'),
(95, 25, 3, '07:00', '22:00'),
(96, 25, 4, '07:00', '22:00'),
(97, 25, 5, '07:00', '22:00'),
(98, 25, 6, '07:00', '22:00'),
(99, 26, 1, '07:00', '22:00'),
(100, 26, 2, '07:00', '22:00'),
(101, 26, 3, '07:00', '22:00'),
(102, 26, 4, '07:00', '22:00'),
(103, 26, 5, '07:00', '22:00'),
(104, 26, 6, '07:00', '22:00'),
(110, 28, 5, '07:00', '22:00'),
(109, 28, 4, '07:00', '22:00'),
(108, 28, 3, '07:00', '22:00'),
(111, 28, 6, '07:00', '22:00'),
(112, 29, 0, '07:00', '22:00'),
(113, 29, 2, '07:00', '22:00'),
(114, 29, 3, '07:00', '22:00'),
(115, 29, 4, '07:00', '22:00'),
(116, 29, 5, '07:00', '22:00'),
(117, 30, 6, '07:00', '22:00'),
(118, 31, 2, '07:00', '22:00'),
(119, 31, 3, '07:00', '22:00'),
(120, 31, 4, '07:00', '22:00'),
(121, 31, 5, '07:00', '22:00'),
(122, 31, 6, '07:00', '22:00'),
(123, 32, 2, '07:00', '22:00'),
(124, 32, 3, '07:00', '22:00'),
(125, 32, 4, '07:00', '22:00'),
(126, 32, 5, '07:00', '22:00'),
(127, 32, 6, '07:00', '22:00'),
(1084, 24, 0, '08:00', '21:30'),
(129, 33, 1, '07:00', '22:00'),
(130, 33, 2, '07:00', '22:00'),
(131, 33, 3, '07:00', '22:00'),
(132, 33, 4, '07:00', '22:00'),
(133, 33, 5, '07:00', '22:00'),
(134, 34, 1, '07:00', '22:00'),
(135, 34, 2, '07:00', '22:00'),
(136, 34, 3, '07:00', '22:00'),
(137, 34, 4, '07:00', '22:00'),
(138, 34, 5, '07:00', '22:00'),
(139, 34, 6, '07:00', '22:00'),
(140, 36, 0, '07:00', '22:00'),
(141, 36, 1, '07:00', '22:00'),
(142, 36, 2, '07:00', '22:00'),
(143, 37, 0, '07:00', '22:00'),
(144, 37, 1, '07:00', '22:00'),
(145, 37, 2, '07:00', '22:00'),
(146, 37, 3, '07:00', '22:00'),
(147, 37, 4, '07:00', '22:00'),
(148, 37, 5, '07:00', '22:00'),
(149, 37, 6, '07:00', '22:00'),
(1211, 191, 3, NULL, NULL),
(1210, 191, 2, NULL, NULL),
(1209, 191, 1, NULL, NULL),
(1208, 183, 3, '08:00', '16:00'),
(1015, 124, 4, '09:00', '19:30'),
(901, 126, 1, '12:00', '21:30'),
(1073, 39, 2, '09:00', '17:00'),
(1071, 39, 1, '09:00', '17:00'),
(1070, 39, 0, '09:00', '17:00'),
(261, 35, 1, '15:00', '21:30'),
(260, 35, 1, '07:00', '12:00'),
(161, 40, 1, '07:00', '22:00'),
(162, 40, 2, '07:00', '22:00'),
(163, 40, 3, '07:00', '22:00'),
(164, 40, 4, '07:00', '22:00'),
(165, 40, 5, '07:00', '22:00'),
(167, 41, 0, '07:00', '22:00'),
(168, 41, 1, '07:00', '22:00'),
(169, 41, 2, '07:00', '22:00'),
(170, 41, 3, '07:00', '22:00'),
(171, 41, 4, '07:00', '22:00'),
(172, 42, 2, '07:00', '22:00'),
(173, 42, 3, '07:00', '22:00'),
(174, 42, 4, '07:00', '22:00'),
(175, 43, 1, '07:00', '22:00'),
(176, 43, 2, '07:00', '22:00'),
(177, 43, 3, '07:00', '22:00'),
(178, 43, 4, '07:00', '22:00'),
(179, 43, 5, '07:00', '22:00'),
(180, 43, 6, '07:00', '22:00'),
(181, 44, 2, '07:00', '22:00'),
(182, 44, 3, '07:00', '22:00'),
(183, 44, 4, '07:00', '22:00'),
(184, 44, 5, '07:00', '22:00'),
(185, 44, 6, '07:00', '22:00'),
(186, 45, 0, '07:00', '22:00'),
(187, 45, 1, '07:00', '22:00'),
(188, 45, 2, '07:00', '22:00'),
(189, 45, 3, '07:00', '22:00'),
(190, 45, 4, '07:00', '22:00'),
(191, 45, 5, '07:00', '22:00'),
(192, 45, 6, '07:00', '22:00'),
(193, 46, 0, '07:00', '22:00'),
(194, 46, 1, '07:00', '22:00'),
(195, 46, 2, '07:00', '22:00'),
(196, 46, 3, '07:00', '22:00'),
(197, 46, 4, '07:00', '22:00'),
(198, 46, 5, '07:00', '22:00'),
(199, 46, 6, '07:00', '22:00'),
(200, 47, 2, '07:00', '22:00'),
(201, 47, 3, '07:00', '22:00'),
(202, 47, 4, '07:00', '22:00'),
(203, 47, 5, '07:00', '22:00'),
(204, 47, 6, '07:00', '22:00'),
(205, 48, 0, '07:00', '22:00'),
(206, 48, 1, '07:00', '22:00'),
(207, 48, 2, '07:00', '22:00'),
(208, 48, 3, '07:00', '22:00'),
(209, 48, 4, '07:00', '22:00'),
(210, 48, 5, '07:00', '22:00'),
(211, 48, 6, '07:00', '22:00'),
(212, 49, 1, '07:00', '22:00'),
(213, 49, 2, '07:00', '22:00'),
(214, 49, 3, '07:00', '22:00'),
(215, 49, 4, '07:00', '22:00'),
(216, 49, 5, '07:00', '22:00'),
(217, 49, 6, '07:00', '22:00'),
(218, 50, 0, '07:00', '22:00'),
(219, 50, 1, '07:00', '22:00'),
(220, 50, 2, '07:00', '22:00'),
(221, 50, 3, '07:00', '22:00'),
(222, 50, 4, '07:00', '22:00'),
(223, 50, 5, '07:00', '22:00'),
(224, 50, 6, '07:00', '22:00'),
(225, 51, 0, '07:00', '22:00'),
(226, 51, 1, '07:00', '22:00'),
(227, 51, 2, '07:00', '22:00'),
(228, 51, 3, '07:00', '22:00'),
(229, 51, 4, '07:00', '22:00'),
(230, 51, 5, '07:00', '22:00'),
(231, 51, 6, '07:00', '22:00'),
(232, 52, 1, '07:00', '22:00'),
(233, 52, 2, '07:00', '22:00'),
(234, 52, 3, '07:00', '22:00'),
(235, 52, 4, '07:00', '22:00'),
(236, 52, 5, '07:00', '22:00'),
(237, 53, 1, '07:00', '22:00'),
(238, 53, 2, '07:00', '22:00'),
(239, 53, 3, '07:00', '22:00'),
(240, 53, 4, '07:00', '22:00'),
(241, 53, 5, '07:00', '22:00'),
(242, 53, 6, '07:00', '22:00'),
(243, 54, 1, '07:00', '22:00'),
(244, 54, 2, '07:00', '22:00'),
(245, 54, 3, '07:00', '22:00'),
(246, 54, 4, '07:00', '22:00'),
(247, 55, 1, '07:00', '22:00'),
(248, 55, 2, '07:00', '22:00'),
(249, 55, 3, '07:00', '22:00'),
(250, 55, 4, '07:00', '22:00'),
(251, 56, 1, '07:00', '22:00'),
(1113, 57, 4, '09:00', '17:00'),
(1112, 57, 0, '09:00', '17:00'),
(254, 58, 1, '07:00', '22:00'),
(255, 58, 3, '07:00', '22:00'),
(256, 58, 5, '07:00', '22:00'),
(257, 59, 3, '07:00', '21:30'),
(258, 59, 1, '07:00', '21:30'),
(259, 59, 2, '07:00', '21:30'),
(262, 60, 0, '07:00', '21:30'),
(263, 60, 1, '07:00', '21:30'),
(264, 60, 2, '07:00', '21:30'),
(265, 60, 3, '07:00', '21:30'),
(266, 60, 4, '07:00', '21:30'),
(267, 60, 5, '07:00', '21:30'),
(268, 60, 6, '07:00', '21:30'),
(269, 61, 4, '07:00', '21:30'),
(270, 61, 5, '07:00', '21:30'),
(271, 61, 6, '07:00', '21:30'),
(272, 59, 4, '07:00', '21:30'),
(273, 59, 5, '07:00', '21:30'),
(274, 62, 2, '07:00', '21:30'),
(1060, 156, 2, '09:00', '20:00'),
(276, 62, 3, '07:00', '21:30'),
(277, 62, 4, '07:30', '21:30'),
(278, 62, 5, '08:30', '21:30'),
(279, 62, 6, '07:00', '16:30'),
(280, 63, 0, '07:00', '21:30'),
(281, 63, 1, '07:00', '21:30'),
(282, 63, 2, '07:00', '21:30'),
(283, 63, 3, '07:00', '21:30'),
(284, 63, 4, '07:00', '21:30'),
(285, 63, 5, '07:00', '21:30'),
(286, 63, 6, '07:00', '21:30'),
(287, 64, 0, '07:00', '21:30'),
(288, 64, 1, '07:00', '21:30'),
(289, 64, 2, '07:00', '21:30'),
(290, 64, 3, '07:00', '21:30'),
(291, 64, 4, '07:00', '21:30'),
(292, 64, 5, '07:00', '21:30'),
(293, 64, 6, '07:00', '21:30'),
(294, 65, 0, '07:00', '21:30'),
(295, 65, 1, '07:00', '21:30'),
(296, 65, 2, '07:00', '21:30'),
(297, 65, 3, '07:00', '21:30'),
(298, 65, 4, '07:00', '21:30'),
(299, 65, 5, '07:00', '21:30'),
(300, 65, 6, '07:00', '21:30'),
(301, 66, 0, '07:00', '21:30'),
(302, 66, 1, '07:00', '21:30'),
(303, 66, 2, '07:00', '21:30'),
(304, 66, 3, '07:00', '21:30'),
(305, 66, 4, '07:00', '21:30'),
(306, 66, 5, '07:00', '21:30'),
(307, 66, 6, '07:00', '21:30'),
(308, 67, 0, '07:00', '21:30'),
(309, 67, 1, '07:00', '21:30'),
(310, 67, 2, '07:00', '21:30'),
(311, 67, 3, '07:00', '21:30'),
(312, 67, 4, '07:00', '21:30'),
(313, 67, 5, '07:00', '21:30'),
(314, 67, 6, '07:00', '21:30'),
(315, 68, 4, '07:00', '21:30'),
(316, 68, 5, '07:00', '21:30'),
(317, 68, 6, '07:00', '21:30'),
(320, 20, 3, '07:00', '19:00'),
(319, 20, 2, '07:00', '19:00'),
(326, 22, 3, '07:00', '10:30'),
(1189, 186, 0, NULL, NULL),
(1187, 4, 5, '19:00', '20:30'),
(329, 22, 0, '07:00', '21:30'),
(938, 158, 5, '08:00', '18:00'),
(1076, 69, 0, '08:00', '18:00'),
(1337, 215, 1, NULL, NULL),
(1074, 69, 2, '08:00', '18:00'),
(334, 60, 6, '07:00', '21:00'),
(335, 70, 1, '07:00', '21:30'),
(336, 70, 2, '07:00', '21:30'),
(337, 70, 3, '07:00', '21:30'),
(338, 70, 4, '07:00', '21:30'),
(339, 70, 5, '07:00', '21:30'),
(340, 70, 6, '07:00', '21:30'),
(895, 71, 5, '07:00', '18:00'),
(894, 71, 4, '09:00', '17:00'),
(893, 71, 3, '09:00', '17:00'),
(1226, 62, 0, '07:00', '21:30'),
(345, 72, 2, '07:00', '21:30'),
(346, 72, 3, '07:00', '21:30'),
(347, 72, 4, '07:00', '21:30'),
(348, 72, 6, '07:00', '21:30'),
(349, 73, 0, '07:00', '21:30'),
(350, 73, 6, '07:00', '21:30'),
(351, 40, 0, NULL, NULL),
(352, 74, 3, '07:00', '21:30'),
(353, 74, 6, '07:00', '21:30'),
(354, 75, 1, '07:00', '21:30'),
(355, 75, 2, '07:00', '21:30'),
(356, 75, 3, '07:00', '21:30'),
(357, 75, 4, '07:00', '21:30'),
(358, 75, 5, '07:00', '21:30'),
(359, 75, 6, '07:00', '21:30'),
(1168, 138, 5, '08:00', '14:00'),
(1198, 189, 3, NULL, NULL),
(1197, 189, 2, NULL, NULL),
(1196, 189, 1, NULL, NULL),
(1195, 189, 0, NULL, NULL),
(1194, 188, 1, NULL, NULL),
(366, 77, 1, '07:00', '21:30'),
(367, 77, 2, '07:00', '21:30'),
(368, 77, 3, '07:00', '21:30'),
(369, 77, 4, '07:00', '21:30'),
(370, 77, 5, '07:00', '21:30'),
(371, 77, 6, '07:00', '21:30'),
(372, 78, 0, '07:00', '21:30'),
(373, 78, 1, '07:00', '21:30'),
(374, 78, 2, '07:00', '21:30'),
(375, 78, 3, '07:00', '21:30'),
(376, 78, 4, '07:00', '21:30'),
(377, 78, 5, '07:00', '21:30'),
(378, 78, 6, '07:00', '21:30'),
(379, 79, 1, '07:00', '21:30'),
(380, 79, 2, '07:00', '21:30'),
(381, 79, 3, '07:00', '21:30'),
(382, 79, 4, '07:00', '21:30'),
(383, 79, 5, '07:00', '21:30'),
(384, 80, 1, '07:00', '21:30'),
(385, 80, 2, '07:00', '21:30'),
(386, 80, 3, '07:00', '21:30'),
(387, 80, 5, '07:00', '21:30'),
(388, 80, 6, '07:00', '21:30'),
(389, 81, 1, '07:00', '21:30'),
(390, 81, 3, '07:00', '21:30'),
(391, 81, 5, '07:00', '21:30'),
(392, 82, 1, '07:00', '21:30'),
(393, 82, 2, '07:00', '21:30'),
(394, 82, 3, '07:00', '21:30'),
(395, 82, 4, '07:00', '21:30'),
(396, 82, 5, '07:00', '21:30'),
(397, 83, 0, '07:00', '21:30'),
(398, 83, 6, '07:00', '21:30'),
(399, 84, 0, '07:00', '21:30'),
(400, 84, 1, '07:00', '21:30'),
(401, 84, 2, '07:00', '21:30'),
(402, 84, 3, '07:00', '21:30'),
(403, 84, 4, '07:00', '21:30'),
(404, 84, 5, '07:00', '21:30'),
(405, 84, 6, '07:00', '21:30'),
(406, 85, 1, '07:00', '21:30'),
(407, 85, 2, '07:00', '21:30'),
(408, 85, 3, '07:00', '21:30'),
(409, 85, 4, '07:00', '21:30'),
(410, 85, 5, '07:00', '21:30'),
(411, 85, 6, '07:00', '21:30'),
(412, 86, 0, '07:00', '21:30'),
(413, 86, 6, '07:00', '21:30'),
(414, 87, 1, '07:00', '21:30'),
(415, 87, 2, '07:00', '21:30'),
(416, 87, 3, '07:00', '21:30'),
(417, 87, 4, '07:00', '21:30'),
(418, 87, 5, '07:00', '21:30'),
(419, 88, 1, '07:00', '21:30'),
(420, 88, 2, '07:00', '21:30'),
(421, 88, 3, '07:00', '21:30'),
(422, 88, 4, '07:00', '21:30'),
(423, 88, 5, '07:00', '21:30'),
(424, 88, 6, '07:00', '21:30'),
(425, 89, 2, '07:00', '21:30'),
(426, 89, 3, '07:00', '21:30'),
(427, 90, 1, '07:00', '21:30'),
(428, 90, 2, '07:00', '21:30'),
(429, 90, 3, '07:00', '21:30'),
(430, 90, 4, '07:00', '21:30'),
(431, 90, 5, '07:00', '21:30'),
(432, 90, 6, '07:00', '21:30'),
(433, 91, 2, '07:00', '21:30'),
(434, 91, 3, '07:00', '21:30'),
(435, 91, 4, '07:00', '21:30'),
(436, 91, 5, '07:00', '21:30'),
(437, 91, 6, '07:00', '21:30'),
(438, 92, 0, '07:00', '21:30'),
(439, 92, 5, '07:00', '21:30'),
(440, 92, 6, '07:00', '21:30'),
(441, 93, 2, '09:30', '18:00'),
(442, 93, 3, '09:30', '18:00'),
(443, 93, 0, '09:30', '18:00'),
(444, 93, 5, '09:00', '17:00'),
(1173, 184, 2, NULL, NULL),
(1019, 151, 4, '15:30', '18:30'),
(1013, 124, 0, '09:00', '19:30'),
(976, 94, 5, '13:00', '17:00'),
(977, 94, 6, '13:30', '15:00'),
(975, 94, 4, '07:00', '16:00'),
(974, 94, 3, '07:00', '19:00'),
(973, 94, 2, '07:00', '19:00'),
(453, 95, 0, '07:00', '21:30'),
(454, 95, 3, '07:00', '21:30'),
(455, 95, 4, '07:00', '21:30'),
(456, 95, 5, '07:00', '21:30'),
(457, 95, 6, '07:00', '21:30'),
(458, 96, 3, '07:00', '21:30'),
(459, 96, 4, '07:00', '21:30'),
(460, 96, 5, '07:00', '21:30'),
(461, 96, 6, '07:00', '21:30'),
(462, 97, 2, '07:00', '21:30'),
(463, 97, 3, '07:00', '21:30'),
(464, 97, 4, '07:00', '21:30'),
(465, 97, 5, '07:00', '21:30'),
(466, 97, 6, '07:00', '21:30'),
(467, 98, 1, '07:00', '21:30'),
(468, 98, 2, '07:00', '21:30'),
(469, 98, 3, '07:00', '21:30'),
(470, 98, 4, '07:00', '21:30'),
(471, 98, 5, '07:00', '21:30'),
(472, 98, 6, '07:00', '21:30'),
(473, 99, 1, '07:00', '21:30'),
(474, 99, 2, '07:00', '21:30'),
(475, 99, 3, '07:00', '21:30'),
(476, 99, 4, '07:00', '21:30'),
(477, 99, 5, '07:00', '21:30'),
(478, 100, 1, '07:00', '21:30'),
(479, 100, 2, '07:00', '21:30'),
(480, 100, 3, '07:00', '21:30'),
(481, 100, 4, '07:00', '21:30'),
(482, 100, 5, '07:00', '21:30'),
(483, 101, 2, '07:00', '21:30'),
(484, 101, 4, '07:00', '21:30'),
(485, 101, 5, '07:00', '21:30'),
(486, 101, 6, '07:00', '21:30'),
(487, 102, 0, '07:00', '21:30'),
(488, 102, 1, '07:00', '21:30'),
(489, 103, 0, '07:00', '21:30'),
(490, 103, 4, '07:00', '21:30'),
(491, 103, 5, '07:00', '21:30'),
(492, 103, 6, '07:00', '21:30'),
(493, 104, 1, '07:00', '21:30'),
(494, 104, 2, '07:00', '21:30'),
(495, 104, 4, '07:00', '21:30'),
(496, 104, 5, '07:00', '21:30'),
(497, 104, 6, '07:00', '21:30'),
(498, 105, 1, '07:00', '21:30'),
(499, 105, 2, '07:00', '21:30'),
(500, 105, 3, '07:00', '21:30'),
(501, 105, 4, '07:00', '21:30'),
(502, 105, 5, '07:00', '21:30'),
(503, 106, 1, '07:00', '21:30'),
(504, 106, 2, '07:00', '21:30'),
(505, 106, 3, '07:00', '21:30'),
(506, 106, 4, '07:00', '21:30'),
(507, 106, 5, '07:00', '21:30'),
(508, 107, 1, '07:00', '21:30'),
(509, 107, 2, '07:00', '21:30'),
(510, 107, 3, '07:00', '21:30'),
(511, 107, 4, '07:00', '21:30'),
(512, 107, 5, '07:00', '21:30'),
(513, 107, 6, '07:00', '21:30'),
(514, 108, 0, '07:00', '21:30'),
(515, 108, 1, '07:00', '21:30'),
(516, 108, 2, '07:00', '21:30'),
(517, 108, 3, '07:00', '21:30'),
(518, 108, 4, '07:00', '21:30'),
(519, 108, 5, '07:00', '21:30'),
(520, 108, 6, '07:00', '21:30'),
(521, 109, 0, '07:00', '21:30'),
(522, 109, 1, '07:00', '21:30'),
(523, 109, 2, '07:00', '21:30'),
(524, 109, 3, '07:00', '21:30'),
(525, 109, 4, '07:00', '21:30'),
(526, 109, 5, '07:00', '21:30'),
(527, 109, 6, '07:00', '21:30'),
(528, 110, 2, '07:00', '21:30'),
(529, 110, 3, '07:00', '21:30'),
(530, 110, 4, '07:00', '21:30'),
(531, 110, 5, '07:00', '21:30'),
(532, 111, 0, '07:00', '21:30'),
(533, 111, 1, '07:00', '21:30'),
(534, 111, 2, '07:00', '21:30'),
(535, 111, 3, '07:00', '21:30'),
(536, 111, 4, '07:00', '21:30'),
(537, 111, 5, '07:00', '21:30'),
(538, 111, 6, '07:00', '21:30'),
(539, 112, 1, '07:00', '21:30'),
(540, 112, 2, '07:00', '21:30'),
(541, 112, 3, '07:00', '21:30'),
(542, 112, 4, '07:00', '21:30'),
(543, 112, 5, '07:00', '21:30'),
(544, 113, 1, '07:00', '21:30'),
(545, 113, 2, '07:00', '21:30'),
(546, 113, 3, '07:00', '21:30'),
(547, 114, 0, '07:00', '21:30'),
(548, 114, 1, '07:00', '21:30'),
(549, 114, 2, '07:00', '21:30'),
(550, 114, 3, '07:00', '21:30'),
(551, 114, 4, '07:00', '21:30'),
(552, 114, 5, '07:00', '21:30'),
(553, 115, 1, '07:00', '21:30'),
(554, 115, 4, '07:00', '21:30'),
(555, 115, 5, '07:00', '21:30'),
(556, 115, 6, '07:00', '21:30'),
(557, 116, 0, '07:00', '21:30'),
(558, 116, 1, '07:00', '21:30'),
(559, 116, 2, '07:00', '21:30'),
(560, 116, 3, '07:00', '21:30'),
(561, 116, 4, '07:00', '21:30'),
(562, 116, 5, '07:00', '21:30'),
(563, 116, 6, '07:00', '21:30'),
(564, 117, 0, '07:00', '21:30'),
(565, 117, 1, '07:00', '21:30'),
(566, 117, 2, '07:00', '21:30'),
(567, 117, 3, '07:00', '21:30'),
(568, 117, 4, '07:00', '21:30'),
(569, 117, 5, '07:00', '21:30'),
(570, 117, 6, '07:00', '21:30'),
(571, 118, 0, '07:00', '21:30'),
(572, 118, 1, '07:00', '21:30'),
(573, 118, 2, '07:00', '21:30'),
(574, 118, 3, '07:00', '21:30'),
(575, 118, 4, '07:00', '21:30'),
(576, 118, 5, '07:00', '21:30'),
(577, 118, 6, '07:00', '21:30'),
(578, 119, 0, '07:00', '21:30'),
(579, 119, 1, '07:00', '21:30'),
(580, 119, 2, '07:00', '21:30'),
(581, 119, 3, '07:00', '21:30'),
(582, 119, 4, '07:00', '21:30'),
(583, 119, 5, '07:00', '21:30'),
(584, 119, 6, '07:00', '21:30'),
(585, 120, 1, '07:00', '21:30'),
(586, 120, 2, '07:00', '21:30'),
(587, 120, 3, '07:00', '21:30'),
(588, 120, 4, '07:00', '21:30'),
(589, 120, 5, '07:00', '21:30'),
(590, 121, 0, '07:00', '21:30'),
(591, 121, 3, '07:00', '21:30'),
(592, 121, 4, '07:00', '21:30'),
(593, 121, 5, '07:00', '21:30'),
(594, 121, 6, '07:00', '21:30'),
(595, 122, 1, '07:00', '21:30'),
(596, 122, 2, '07:00', '21:30'),
(597, 122, 3, '07:00', '21:30'),
(598, 122, 4, '07:00', '21:30'),
(599, 122, 5, '07:00', '21:30'),
(1050, 122, 6, '07:00', '12:00'),
(601, 123, 1, '08:00', '21:30'),
(602, 123, 4, '09:00', '21:30'),
(603, 123, 6, '08:00', '17:00'),
(604, 124, 1, '09:00', '19:30'),
(1020, 151, 5, '16:30', '17:30'),
(1018, 124, 3, '09:00', '19:30'),
(607, 125, 1, '07:00', '21:30'),
(608, 125, 2, '07:00', '21:30'),
(609, 125, 3, '07:00', '21:30'),
(610, 125, 4, '07:00', '21:30'),
(611, 125, 5, '07:00', '21:30'),
(612, 125, 6, '07:00', '21:30'),
(613, 126, 4, '07:00', '21:30'),
(614, 126, 5, '07:00', '21:30'),
(615, 126, 6, '12:00', '17:00'),
(897, 127, 2, '09:00', '19:00'),
(910, 144, 5, '13:00', '20:00'),
(618, 127, 3, '09:00', '18:00'),
(619, 127, 4, '09:00', '19:30'),
(620, 127, 5, '09:00', '19:00'),
(959, 168, 3, NULL, NULL),
(622, 128, 0, '07:00', '21:30'),
(623, 128, 1, '07:00', '21:30'),
(624, 128, 5, '07:00', '21:30'),
(625, 128, 6, '07:00', '21:30'),
(1199, 189, 4, NULL, NULL),
(972, 94, 1, '07:00', '19:00'),
(1150, 129, 5, '09:00', '19:30'),
(969, 129, 6, '07:00', '13:00'),
(970, 94, 0, '07:00', '19:00'),
(708, 130, 2, '07:00', '21:30'),
(709, 130, 3, '07:00', '21:30'),
(710, 130, 4, '07:00', '21:30'),
(707, 130, 1, '07:00', '21:30'),
(695, 131, 0, '07:00', '21:30'),
(696, 131, 1, '07:00', '21:30'),
(697, 131, 2, '07:00', '21:30'),
(698, 131, 3, '07:00', '21:30'),
(699, 131, 4, '07:00', '21:30'),
(700, 131, 5, '07:00', '21:30'),
(701, 131, 6, '07:00', '21:30'),
(706, 130, 5, '07:30', '21:30'),
(711, 130, 6, '07:00', '21:30'),
(712, 130, 0, '07:00', '21:30'),
(713, 132, 0, '09:00', '21:00'),
(714, 132, 1, '14:00', '21:00'),
(715, 132, 2, '14:00', '21:00'),
(1030, 171, 0, '07:00', '21:30'),
(717, 132, 4, '09:00', '21:00'),
(718, 132, 5, '10:00', '21:00'),
(719, 132, 6, '10:00', '21:00'),
(720, 133, 0, '07:00', '21:30'),
(721, 133, 1, '07:00', '21:30'),
(722, 133, 2, '07:00', '21:30'),
(723, 133, 3, '07:00', '21:30'),
(724, 133, 4, '07:00', '21:30'),
(725, 133, 5, '07:00', '21:30'),
(726, 133, 6, '07:00', '21:30'),
(727, 134, 0, '07:00', '21:30'),
(728, 134, 1, '07:00', '21:30'),
(729, 134, 2, '07:00', '21:30'),
(730, 134, 3, '07:00', '21:30'),
(731, 134, 4, '07:00', '21:30'),
(732, 134, 5, '07:00', '21:30'),
(733, 135, 0, NULL, NULL),
(734, 135, 1, NULL, NULL),
(735, 135, 2, NULL, NULL),
(736, 135, 3, NULL, NULL),
(737, 135, 4, NULL, NULL),
(738, 136, 1, NULL, NULL),
(739, 136, 2, NULL, NULL),
(740, 136, 3, NULL, NULL),
(741, 136, 4, NULL, NULL),
(742, 136, 5, NULL, NULL),
(1046, 137, 1, '08:00', '20:00'),
(1051, 122, 0, '07:00', '21:30'),
(1052, 174, 1, NULL, NULL),
(1053, 174, 3, NULL, NULL),
(1166, 138, 3, '09:00', '16:00'),
(1165, 138, 1, '13:00', '16:00'),
(1167, 138, 4, '14:00', '20:00'),
(750, 126, 2, '07:00', '21:30'),
(940, 158, 0, '08:00', '18:00'),
(1009, 139, 5, '08:30', '19:00'),
(1008, 139, 4, '08:30', '19:00'),
(1007, 139, 3, '08:30', '19:00'),
(1006, 139, 2, '08:30', '19:00'),
(1005, 139, 1, '08:30', '19:00'),
(757, 140, 0, NULL, NULL),
(758, 140, 6, NULL, NULL),
(759, 141, 0, NULL, NULL),
(760, 141, 1, NULL, NULL),
(761, 141, 2, NULL, NULL),
(762, 141, 3, NULL, NULL),
(763, 141, 4, NULL, NULL),
(764, 141, 6, NULL, NULL),
(998, 151, 1, '15:00', '18:00'),
(997, 169, 5, '07:00', '21:30'),
(996, 169, 4, '07:00', '21:30'),
(989, 146, 5, '09:00', '15:30'),
(990, 146, 4, '09:00', '15:30'),
(986, 146, 1, '09:00', '15:00'),
(987, 146, 2, '09:00', '15:00'),
(1181, 185, 2, NULL, NULL),
(1183, 4, 1, '19:00', '20:30'),
(1178, 76, 0, '07:00', '18:00'),
(1177, 184, 6, NULL, NULL),
(1176, 184, 5, NULL, NULL),
(1175, 184, 4, NULL, NULL),
(909, 144, 4, '10:00', '18:00'),
(908, 144, 2, '10:00', '19:00'),
(907, 144, 1, '10:00', '19:00'),
(905, 144, 0, '09:30', '19:00'),
(782, 145, 0, NULL, NULL),
(783, 145, 1, NULL, NULL),
(784, 145, 2, NULL, NULL),
(785, 145, 3, NULL, NULL),
(786, 145, 4, NULL, NULL),
(995, 169, 3, '07:00', '21:30'),
(994, 169, 2, '07:00', '21:30'),
(993, 169, 1, '07:00', '21:30'),
(992, 169, 0, '07:00', '21:30'),
(791, 147, 0, NULL, NULL),
(792, 147, 1, NULL, NULL),
(793, 147, 2, NULL, NULL),
(794, 147, 3, NULL, NULL),
(795, 147, 4, NULL, NULL),
(796, 148, 3, '07:00', '21:30'),
(797, 148, 4, '07:00', '21:30'),
(798, 148, 5, '07:00', '21:30'),
(799, 148, 6, '07:00', '21:30'),
(800, 149, 0, NULL, NULL),
(801, 149, 1, NULL, NULL),
(802, 149, 2, NULL, NULL),
(803, 150, 0, '07:00', '21:30'),
(804, 150, 1, '07:00', '21:30'),
(805, 150, 2, '07:00', '21:30'),
(806, 150, 3, '07:00', '21:30'),
(807, 150, 4, '07:00', '21:30'),
(808, 150, 5, '07:00', '21:30'),
(809, 151, 2, '15:00', '18:00'),
(1000, 151, 3, '16:00', '17:30'),
(1004, 139, 0, '08:30', '19:00'),
(1012, 124, 2, '09:00', '19:30'),
(1169, 138, 6, '14:00', '18:00'),
(1171, 184, 0, NULL, NULL),
(815, 152, 1, '07:00', '21:30'),
(816, 152, 2, '07:00', '21:30'),
(817, 152, 3, '07:00', '21:30'),
(818, 152, 4, '07:00', '21:30'),
(819, 152, 5, '07:00', '21:30'),
(820, 153, 0, NULL, NULL),
(821, 153, 1, NULL, NULL),
(822, 153, 2, NULL, NULL),
(823, 153, 3, NULL, NULL),
(824, 153, 4, NULL, NULL),
(825, 153, 5, NULL, NULL),
(826, 153, 6, NULL, NULL),
(827, 154, 0, '07:00', '21:30'),
(828, 154, 1, '07:00', '21:30'),
(829, 154, 2, '07:00', '21:30'),
(830, 154, 3, '07:00', '21:30'),
(831, 154, 4, '07:00', '21:30'),
(832, 154, 5, '07:00', '21:30'),
(833, 155, 0, '07:00', '21:30'),
(834, 155, 3, '07:00', '21:30'),
(835, 155, 5, '07:00', '21:30'),
(1227, 62, 0, '08:30', '20:00'),
(1061, 156, 4, '09:00', '20:00'),
(1078, 175, 2, NULL, NULL),
(1077, 175, 0, NULL, NULL),
(1072, 39, 3, '09:00', '17:00'),
(841, 157, 0, NULL, NULL),
(842, 157, 1, NULL, NULL),
(843, 157, 2, NULL, NULL),
(844, 157, 3, NULL, NULL),
(845, 157, 4, NULL, NULL),
(1374, 221, 1, NULL, NULL),
(937, 158, 4, '08:00', '18:00'),
(1373, 143, 6, '09:00', '15:00'),
(935, 158, 3, '08:00', '18:00'),
(934, 158, 2, '08:00', '18:00'),
(939, 158, 1, '08:00', '18:00'),
(958, 168, 2, NULL, NULL),
(1108, 159, 2, '08:00', '17:00'),
(1109, 159, 3, '08:00', '17:00'),
(1110, 159, 4, '08:00', '17:00'),
(1114, 57, 5, '12:00', '17:00'),
(1115, 177, 0, NULL, NULL),
(858, 160, 0, '07:00', '21:30'),
(859, 160, 1, '07:00', '21:30'),
(860, 160, 2, '07:00', '21:30'),
(861, 160, 3, '07:00', '21:30'),
(862, 160, 4, '07:00', '21:30'),
(863, 160, 5, '07:00', '21:30'),
(864, 160, 6, '07:00', '21:30'),
(865, 161, 0, NULL, NULL),
(866, 161, 1, NULL, NULL),
(867, 161, 2, NULL, NULL),
(868, 162, 1, NULL, NULL),
(869, 162, 2, NULL, NULL),
(870, 162, 3, NULL, NULL),
(871, 162, 4, NULL, NULL),
(872, 162, 5, NULL, NULL),
(873, 163, 1, NULL, NULL),
(874, 163, 2, NULL, NULL),
(875, 163, 3, NULL, NULL),
(876, 163, 4, NULL, NULL),
(877, 163, 5, NULL, NULL),
(878, 164, 0, NULL, NULL),
(879, 164, 2, NULL, NULL),
(880, 164, 3, NULL, NULL),
(881, 164, 4, NULL, NULL),
(882, 164, 5, NULL, NULL),
(883, 165, 0, '07:00', '21:30'),
(884, 165, 1, '07:00', '21:30'),
(885, 165, 2, '07:00', '21:30'),
(886, 165, 3, '07:00', '21:30'),
(887, 165, 4, '07:00', '21:30'),
(888, 165, 5, '07:00', '21:30'),
(889, 165, 6, '07:00', '21:30'),
(1184, 4, 2, '19:00', '20:30'),
(1095, 93, 4, '09:30', '18:00'),
(896, 127, 1, '09:00', '19:00'),
(911, 166, 0, '07:00', '20:30'),
(912, 166, 1, '07:00', '20:00'),
(913, 166, 2, '07:00', '20:30'),
(914, 166, 3, '07:00', '20:30'),
(915, 166, 4, '07:00', '20:30'),
(916, 166, 5, '07:00', '21:00'),
(917, 166, 6, '10:00', '21:30'),
(921, 7, 0, '18:30', '21:30'),
(922, 7, 1, '18:30', '21:30'),
(923, 167, 2, NULL, NULL),
(924, 167, 3, NULL, NULL),
(925, 167, 4, NULL, NULL),
(926, 167, 5, NULL, NULL),
(927, 167, 6, NULL, NULL),
(1142, 182, 4, NULL, NULL),
(1372, 143, 5, '09:00', '19:00'),
(1371, 143, 4, '09:00', '19:00'),
(1369, 143, 2, '09:00', '19:00'),
(1370, 143, 3, '09:00', '16:30'),
(1367, 143, 1, '09:00', '19:00'),
(1366, 143, 0, '09:00', '19:00'),
(1182, 185, 3, NULL, NULL),
(957, 168, 1, NULL, NULL),
(956, 168, 0, NULL, NULL),
(1031, 171, 1, '07:00', '21:30'),
(960, 168, 4, NULL, NULL),
(961, 168, 5, NULL, NULL),
(1151, 129, 5, '09:00', '19:30'),
(1016, 124, 5, '09:00', '19:30'),
(1017, 124, 6, '09:00', '19:30'),
(1021, 170, 0, NULL, NULL),
(1022, 170, 5, NULL, NULL),
(1163, 138, 0, '09:00', '16:00'),
(1164, 138, 2, '13:00', '16:00'),
(1029, 132, 3, '14:00', '21:00'),
(1028, 159, 0, '08:00', '18:00'),
(1032, 171, 2, '07:00', '21:30'),
(1033, 171, 3, '07:00', '21:30'),
(1034, 171, 4, '07:00', '21:30'),
(1035, 171, 5, '07:00', '21:30'),
(1036, 171, 6, '07:00', '21:30'),
(1037, 172, 1, '07:00', '21:30'),
(1038, 172, 3, '07:00', '21:30'),
(1039, 172, 4, '07:00', '21:30'),
(1040, 172, 5, '07:00', '21:30'),
(1041, 172, 6, '07:00', '21:30'),
(1042, 173, 0, '07:00', '21:30'),
(1043, 173, 1, '07:00', '21:30'),
(1044, 173, 2, '07:00', '21:30'),
(1045, 137, 0, '08:00', '20:00'),
(1048, 137, 2, '08:00', '20:00'),
(1049, 137, 6, '09:00', '17:30'),
(1054, 174, 4, NULL, NULL),
(1055, 156, 0, '07:00', '19:00'),
(1057, 156, 1, '09:00', '20:00'),
(1062, 156, 5, '08:00', '18:00'),
(1079, 175, 6, NULL, NULL),
(1080, 176, 0, NULL, NULL),
(1081, 176, 1, NULL, NULL),
(1082, 176, 2, NULL, NULL),
(1179, 185, 0, NULL, NULL),
(1170, 138, 6, '14:00', '18:00'),
(1172, 184, 1, NULL, NULL),
(1174, 184, 3, NULL, NULL),
(1099, 93, 6, '09:00', '15:00'),
(1193, 188, 0, NULL, NULL),
(1191, 187, 1, NULL, NULL),
(1102, 22, 2, '07:00', '21:30'),
(1190, 187, 0, NULL, NULL),
(1186, 4, 4, '19:00', '20:30'),
(1192, 187, 2, NULL, NULL),
(1107, 159, 1, '08:00', '17:00'),
(1116, 177, 1, NULL, NULL),
(1117, 177, 4, NULL, NULL),
(1118, 177, 5, NULL, NULL),
(1119, 178, 1, NULL, NULL),
(1120, 178, 2, NULL, NULL),
(1121, 178, 3, NULL, NULL),
(1122, 178, 4, NULL, NULL),
(1123, 178, 5, NULL, NULL),
(1124, 179, 0, NULL, NULL),
(1125, 179, 1, NULL, NULL),
(1126, 179, 2, NULL, NULL),
(1127, 179, 3, NULL, NULL),
(1128, 179, 4, NULL, NULL),
(1129, 179, 5, NULL, NULL),
(1130, 179, 6, NULL, NULL),
(1131, 180, 1, NULL, NULL),
(1132, 180, 2, NULL, NULL),
(1133, 180, 3, NULL, NULL),
(1134, 180, 4, NULL, NULL),
(1135, 180, 5, NULL, NULL),
(1136, 71, 1, '09:00', '18:00'),
(1137, 181, 1, NULL, NULL),
(1138, 181, 2, NULL, NULL),
(1139, 181, 3, NULL, NULL),
(1140, 181, 4, NULL, NULL),
(1149, 129, 4, '09:00', '19:30'),
(1153, 76, 1, '07:00', '18:00'),
(1154, 76, 2, '07:00', '18:00'),
(1155, 76, 3, '07:00', '18:00'),
(1156, 76, 4, '07:00', '18:00'),
(1157, 76, 5, '07:00', '18:00'),
(1158, 76, 6, '07:00', '18:00'),
(1180, 185, 1, NULL, NULL),
(1200, 190, 0, NULL, NULL),
(1201, 190, 1, NULL, NULL),
(1202, 190, 2, NULL, NULL),
(1203, 190, 3, NULL, NULL),
(1204, 190, 4, NULL, NULL),
(1205, 190, 5, NULL, NULL),
(1206, 190, 6, NULL, NULL),
(1207, 71, 0, NULL, NULL),
(1212, 191, 4, NULL, NULL),
(1213, 192, 0, NULL, NULL),
(1214, 192, 1, NULL, NULL),
(1215, 192, 2, NULL, NULL),
(1216, 192, 3, NULL, NULL),
(1217, 192, 4, NULL, NULL),
(1218, 192, 5, NULL, NULL),
(1219, 193, 0, NULL, NULL),
(1220, 193, 1, NULL, NULL),
(1221, 193, 2, NULL, NULL),
(1222, 193, 3, NULL, NULL),
(1223, 193, 4, NULL, NULL),
(1224, 193, 5, NULL, NULL),
(1225, 193, 6, NULL, NULL),
(1228, 194, 1, NULL, NULL),
(1229, 195, 0, NULL, NULL),
(1230, 195, 1, NULL, NULL),
(1231, 195, 2, NULL, NULL),
(1232, 195, 3, NULL, NULL),
(1233, 195, 4, NULL, NULL),
(1234, 195, 5, NULL, NULL),
(1235, 196, 0, NULL, NULL),
(1236, 196, 1, NULL, NULL),
(1237, 196, 2, NULL, NULL),
(1238, 196, 3, NULL, NULL),
(1239, 196, 4, NULL, NULL),
(1240, 196, 5, NULL, NULL),
(1241, 196, 6, NULL, NULL),
(1243, 197, 0, NULL, NULL),
(1244, 197, 1, NULL, NULL),
(1245, 197, 3, NULL, NULL),
(1246, 197, 4, NULL, NULL),
(1247, 197, 5, NULL, NULL),
(1248, 197, 6, NULL, NULL),
(1249, 198, 0, NULL, NULL),
(1250, 198, 1, NULL, NULL),
(1251, 198, 2, NULL, NULL),
(1252, 198, 3, NULL, NULL),
(1253, 198, 4, NULL, NULL),
(1254, 198, 5, NULL, NULL),
(1255, 198, 6, NULL, NULL),
(1256, 199, 0, NULL, NULL),
(1257, 199, 1, NULL, NULL),
(1258, 199, 2, NULL, NULL),
(1259, 199, 3, NULL, NULL),
(1260, 199, 4, NULL, NULL),
(1261, 199, 5, NULL, NULL),
(1262, 38, 0, '08:30', '17:30'),
(1263, 38, 1, '08:30', '12:00'),
(1264, 38, 2, '08:30', '18:00'),
(1265, 38, 4, '08:30', '18:00'),
(1266, 38, 3, '08:30', '12:00'),
(1267, 200, 0, NULL, NULL),
(1268, 200, 1, NULL, NULL),
(1269, 200, 2, NULL, NULL),
(1270, 200, 3, NULL, NULL),
(1271, 200, 4, NULL, NULL),
(1272, 201, 0, NULL, NULL),
(1273, 201, 1, NULL, NULL),
(1274, 201, 3, NULL, NULL),
(1275, 201, 5, NULL, NULL),
(1276, 202, 0, NULL, NULL),
(1277, 202, 1, NULL, NULL),
(1278, 202, 2, NULL, NULL),
(1279, 202, 3, NULL, NULL),
(1280, 202, 4, NULL, NULL),
(1281, 202, 5, NULL, NULL),
(1282, 202, 6, NULL, NULL),
(1283, 203, 0, NULL, NULL),
(1284, 203, 1, NULL, NULL),
(1285, 203, 2, NULL, NULL),
(1286, 203, 3, NULL, NULL),
(1287, 204, 0, NULL, NULL),
(1288, 204, 2, NULL, NULL),
(1289, 204, 4, NULL, NULL),
(1290, 204, 5, NULL, NULL),
(1291, 205, 0, NULL, NULL),
(1292, 205, 1, NULL, NULL),
(1293, 205, 2, NULL, NULL),
(1294, 205, 3, NULL, NULL),
(1295, 205, 4, NULL, NULL),
(1296, 205, 5, NULL, NULL),
(1297, 206, 0, NULL, NULL),
(1298, 206, 1, NULL, NULL),
(1299, 206, 2, NULL, NULL),
(1300, 206, 3, NULL, NULL),
(1301, 206, 4, NULL, NULL),
(1302, 207, 1, NULL, NULL),
(1303, 207, 6, NULL, NULL),
(1304, 208, 0, NULL, NULL),
(1305, 208, 1, NULL, NULL),
(1306, 208, 2, NULL, NULL),
(1307, 208, 3, NULL, NULL),
(1308, 208, 4, NULL, NULL),
(1309, 208, 5, NULL, NULL),
(1310, 209, 1, NULL, NULL),
(1383, 209, 3, '08:30', '21:30'),
(1386, 209, 5, '08:30', '21:30'),
(1385, 209, 4, '08:30', '21:30'),
(1389, 222, 1, NULL, NULL),
(1388, 209, 6, '08:30', '14:00'),
(1316, 210, 1, NULL, NULL),
(1317, 210, 6, NULL, NULL),
(1318, 211, 0, NULL, NULL),
(1319, 211, 1, NULL, NULL),
(1320, 211, 2, NULL, NULL),
(1321, 211, 3, NULL, NULL),
(1322, 212, 0, NULL, NULL),
(1323, 212, 1, NULL, NULL),
(1324, 212, 2, NULL, NULL),
(1325, 212, 3, NULL, NULL),
(1326, 212, 4, NULL, NULL),
(1327, 213, 1, NULL, NULL),
(1328, 213, 2, NULL, NULL),
(1329, 213, 3, NULL, NULL),
(1330, 213, 4, NULL, NULL),
(1331, 213, 5, NULL, NULL),
(1332, 214, 1, NULL, NULL),
(1333, 214, 4, NULL, NULL),
(1335, 69, 1, '08:30', '18:00'),
(1338, 215, 6, NULL, NULL),
(1339, 216, 0, NULL, NULL),
(1340, 216, 1, NULL, NULL),
(1341, 216, 2, NULL, NULL),
(1342, 216, 3, NULL, NULL),
(1343, 216, 4, NULL, NULL),
(1344, 216, 5, NULL, NULL),
(1345, 217, 0, NULL, NULL),
(1346, 217, 1, NULL, NULL),
(1347, 217, 2, NULL, NULL),
(1348, 217, 3, NULL, NULL),
(1349, 217, 4, NULL, NULL),
(1350, 218, 0, NULL, NULL),
(1351, 218, 1, NULL, NULL),
(1352, 218, 2, NULL, NULL),
(1353, 218, 3, NULL, NULL),
(1354, 218, 6, NULL, NULL),
(1355, 71, 5, '09:00', '18:00'),
(1356, 39, 6, '07:00', '16:00'),
(1358, 8, 5, '08:00', '17:00'),
(1362, 219, 4, NULL, NULL),
(1363, 219, 5, NULL, NULL),
(1364, 219, 6, NULL, NULL),
(1365, 220, 4, NULL, NULL),
(1375, 221, 2, NULL, NULL),
(1376, 221, 3, NULL, NULL),
(1377, 221, 4, NULL, NULL),
(1378, 221, 5, NULL, NULL),
(1381, 209, 0, '08:30', '16:00'),
(1382, 209, 2, '08:30', '21:30'),
(1390, 222, 2, NULL, NULL),
(1391, 222, 3, NULL, NULL),
(1392, 222, 4, NULL, NULL),
(1393, 223, 0, NULL, NULL),
(1394, 223, 1, NULL, NULL),
(1395, 223, 2, NULL, NULL),
(1396, 224, 0, NULL, NULL),
(1397, 224, 1, NULL, NULL),
(1398, 225, 0, NULL, NULL),
(1399, 225, 1, NULL, NULL),
(1400, 225, 2, NULL, NULL),
(1401, 225, 3, NULL, NULL),
(1402, 225, 4, NULL, NULL),
(1403, 225, 5, NULL, NULL),
(1404, 225, 6, NULL, NULL),
(1405, 226, 1, NULL, NULL),
(1406, 226, 2, NULL, NULL),
(1407, 226, 4, NULL, NULL),
(1408, 227, 0, NULL, NULL),
(1409, 227, 1, NULL, NULL),
(1410, 227, 2, NULL, NULL),
(1411, 227, 3, NULL, NULL),
(1412, 227, 4, NULL, NULL),
(1413, 227, 5, NULL, NULL),
(1414, 228, 4, NULL, NULL),
(1415, 229, 0, NULL, NULL),
(1416, 229, 2, NULL, NULL),
(1417, 229, 6, NULL, NULL),
(1418, 230, 0, NULL, NULL),
(1419, 230, 1, NULL, NULL),
(1420, 230, 2, NULL, NULL),
(1421, 230, 3, NULL, NULL),
(1422, 230, 5, NULL, NULL),
(1423, 230, 6, NULL, NULL),
(1424, 231, 0, NULL, NULL),
(1425, 231, 1, NULL, NULL),
(1426, 231, 2, NULL, NULL),
(1427, 231, 3, NULL, NULL),
(1428, 231, 4, NULL, NULL),
(1429, 231, 5, NULL, NULL),
(1430, 232, 0, NULL, NULL),
(1431, 232, 1, NULL, NULL),
(1432, 232, 2, NULL, NULL),
(1433, 232, 3, NULL, NULL),
(1434, 232, 4, NULL, NULL),
(1435, 232, 5, NULL, NULL),
(1436, 232, 6, NULL, NULL),
(1437, 233, 1, NULL, NULL),
(1438, 233, 2, NULL, NULL),
(1439, 233, 3, NULL, NULL),
(1440, 233, 4, NULL, NULL),
(1441, 233, 5, NULL, NULL),
(1442, 234, 0, NULL, NULL),
(1443, 234, 1, NULL, NULL),
(1444, 234, 2, NULL, NULL),
(1445, 234, 3, NULL, NULL),
(1446, 234, 4, NULL, NULL),
(1447, 234, 5, NULL, NULL),
(1448, 234, 6, NULL, NULL),
(1449, 235, 0, NULL, NULL),
(1450, 235, 1, NULL, NULL),
(1451, 235, 2, NULL, NULL),
(1452, 235, 3, NULL, NULL),
(1453, 235, 4, NULL, NULL),
(1454, 235, 5, NULL, NULL),
(1455, 235, 6, NULL, NULL),
(1456, 236, 1, NULL, NULL),
(1457, 236, 2, NULL, NULL),
(1458, 236, 3, NULL, NULL),
(1459, 236, 4, NULL, NULL),
(1460, 236, 5, NULL, NULL),
(1461, 237, 1, NULL, NULL),
(1462, 237, 2, NULL, NULL),
(1463, 237, 3, NULL, NULL),
(1464, 237, 4, NULL, NULL),
(1465, 237, 5, NULL, NULL),
(1466, 238, 0, NULL, NULL),
(1467, 238, 1, NULL, NULL),
(1468, 238, 2, NULL, NULL),
(1469, 238, 3, NULL, NULL),
(1470, 238, 4, NULL, NULL),
(1471, 239, 1, NULL, NULL),
(1472, 239, 2, NULL, NULL),
(1473, 239, 4, NULL, NULL),
(1474, 239, 5, NULL, NULL),
(1475, 240, 0, NULL, NULL),
(1476, 240, 1, NULL, NULL),
(1477, 240, 2, NULL, NULL),
(1478, 240, 3, NULL, NULL),
(1479, 240, 4, NULL, NULL),
(1480, 240, 5, NULL, NULL),
(1481, 240, 6, NULL, NULL),
(1482, 241, 0, NULL, NULL),
(1483, 241, 1, NULL, NULL),
(1484, 241, 2, NULL, NULL),
(1485, 241, 3, NULL, NULL),
(1486, 241, 4, NULL, NULL),
(1487, 241, 5, NULL, NULL),
(1488, 241, 6, NULL, NULL),
(1489, 242, 1, NULL, NULL),
(1490, 242, 2, NULL, NULL),
(1491, 242, 3, NULL, NULL),
(1492, 242, 4, NULL, NULL),
(1493, 243, 0, NULL, NULL),
(1494, 243, 1, NULL, NULL),
(1495, 243, 2, NULL, NULL),
(1496, 243, 3, NULL, NULL),
(1497, 243, 4, NULL, NULL),
(1498, 243, 5, NULL, NULL),
(1499, 244, 0, NULL, NULL),
(1500, 244, 1, NULL, NULL),
(1501, 244, 2, NULL, NULL),
(1502, 244, 3, NULL, NULL),
(1503, 244, 4, NULL, NULL),
(1504, 244, 5, NULL, NULL),
(1505, 244, 6, NULL, NULL),
(1506, 245, 0, NULL, NULL),
(1507, 245, 3, NULL, NULL),
(1508, 245, 5, NULL, NULL);

-- --------------------------------------------------------

--
-- Estrutura da tabela `faixaexperiencia`
--

CREATE TABLE `faixaexperiencia` (
  `idFaixaExperiencia` int(10) UNSIGNED NOT NULL,
  `idProfissional` int(10) UNSIGNED NOT NULL,
  `faixa` varchar(50) DEFAULT NULL
) ENGINE=MyISAM DEFAULT CHARSET=latin1;

-- --------------------------------------------------------

--
-- Estrutura da tabela `observacoes`
--

CREATE TABLE `observacoes` (
  `idObservacao` int(10) UNSIGNED NOT NULL,
  `idAgendamento` int(10) UNSIGNED NOT NULL,
  `observacao` text,
  `dataHora` timestamp NULL DEFAULT CURRENT_TIMESTAMP
) ENGINE=MyISAM DEFAULT CHARSET=latin1;

--
-- Extraindo dados da tabela `observacoes`
--

INSERT INTO `observacoes` (`idObservacao`, `idAgendamento`, `observacao`, `dataHora`) VALUES
(71, 392, '', '2018-03-01 00:08:46'),
(72, 393, '', '2018-03-03 17:38:29'),
(73, 399, '', '2018-05-05 23:26:43'),
(74, 405, '', '2018-07-11 17:25:20');

-- --------------------------------------------------------

--
-- Estrutura da tabela `profissionais`
--

CREATE TABLE `profissionais` (
  `idProfissional` int(10) UNSIGNED NOT NULL,
  `nome` varchar(100) DEFAULT NULL,
  `email` varchar(100) DEFAULT NULL,
  `senha` varchar(20) DEFAULT NULL,
  `cpf` char(11) DEFAULT NULL,
  `telefone` char(11) DEFAULT NULL,
  `celular` char(11) DEFAULT NULL,
  `sexo` tinyint(1) DEFAULT '0',
  `dataNascimento` date DEFAULT NULL,
  `cep` varchar(10) DEFAULT NULL,
  `logradouro` varchar(200) DEFAULT NULL,
  `numero` int(10) DEFAULT NULL,
  `complemento` varchar(200) DEFAULT NULL,
  `bairro` varchar(100) DEFAULT NULL,
  `cidade` varchar(100) DEFAULT NULL,
  `uf` char(2) DEFAULT NULL,
  `ativo` tinyint(1) DEFAULT '0',
  `dataCadastro` timestamp NULL DEFAULT CURRENT_TIMESTAMP,
  `referencias` text,
  `formacao` text,
  `certificados` text,
  `psEmail` varchar(100) DEFAULT NULL,
  `psToken` varchar(100) DEFAULT NULL,
  `nota` int(1) DEFAULT '3',
  `bairrosAtuacao` text,
  `tempoProfissao` int(1) DEFAULT NULL,
  `trabalhando` tinyint(1) DEFAULT '0',
  `idMoip` varchar(16) DEFAULT NULL,
  `rg` varchar(20) DEFAULT NULL,
  `orgaoExpedidor` varchar(10) DEFAULT NULL,
  `dataEmissao` date DEFAULT NULL,
  `sobrenome` varchar(100) DEFAULT NULL,
  `access_token_moip` varchar(255) DEFAULT NULL
) ENGINE=MyISAM DEFAULT CHARSET=latin1;

--
-- Extraindo dados da tabela `profissionais`
--

INSERT INTO `profissionais` (`idProfissional`, `nome`, `email`, `senha`, `cpf`, `telefone`, `celular`, `sexo`, `dataNascimento`, `cep`, `logradouro`, `numero`, `complemento`, `bairro`, `cidade`, `uf`, `ativo`, `dataCadastro`, `referencias`, `formacao`, `certificados`, `psEmail`, `psToken`, `nota`, `bairrosAtuacao`, `tempoProfissao`, `trabalhando`, `idMoip`, `rg`, `orgaoExpedidor`, `dataEmissao`, `sobrenome`, `access_token_moip`) VALUES
(71, 'Aline Carvalho', 'alicabeleireira@gmail.com', 'no_password', '03070436579', '7186530191', '71993367786', 1, '1988-10-15', '40718200', 'Rua Ágdo Ciríaco Eleutério', 341, 'casa', 'Plataforma ', 'Salvador', 'BA', 1, '2017-10-27 01:14:49', 'Laurita Cabeleireira, Bairro Periperi, referências Laurita \n(71) 986685548. \nSalão Corpo a Corpo, Corredor da Vitória, referência Nelson (71)33362794.', 'Curso técnico de Cabeleireiro Profissional, Senac Ba.\nCurso de Penteados e Tranças, Senac Ba.\nCurso Corte Técnicas Avançadas, Senac Ba.', 'Sim', '', '', 0, 'Disponível para todos os bairros.', 7, 0, 'MPA-6C7A4700A17C', '', '', '0000-00-00', 'Oliveira', '5442088a7d7342e090653af4a6cd63e1_v2'),
(6, 'FABIANA FIGLIAGI CUNHA', 'fabianafcunha@gmail.com', 'no_password', '91145759572', '7135613490', '71988069592', 1, '1976-10-02', '41603110', 'Rua José Augusto Tourinho Dantas', 1620, 'CASA 1001', 'Praia do Flamengo ', 'Salvador', 'BA', 1, '2017-08-03 21:05:15', 'Desde minha formação só atuo como autônoma.', 'Sim, sou certificada pelo Instituto Embelleze.', 'Sim, bem como também designer de sobrancelhas.', '', '', 0, 'Praia do Flamengo, Stella Mares, Ipitanga, Lauro de Freitas, Paralela, AV.ACM, Pituba, Jd. Armação, Costa Azul, Itapuã, Patamares, Imbuí e todos que estiverem nesses arredores dos bairros já citados.', 4, 0, 'MPA-A638B4A193FB', '', '', '0000-00-00', 'CUNHA', '77c61250179b43e2a88fac0446295133_v2'),
(4, 'Ivonete Dos Santos', 'ivonete.1988.1@gmail.com', 'no_password', '04087269540', '71987060688', '71987060688', 1, '1988-05-06', '40220110', 'Travessa Apolinário Santana', 93, '', 'Engenho Velho da Federação', 'Salvador', 'BA', 1, '2017-08-03 15:14:09', 'graca iguatemi', 'nao', 'nao experiencias em carteira', '', '', 0, 'rio vermelho graca barra corredor vitoria campo grande e adjecencias', 7, 0, 'MPA-933F5BEEE38F', '', '', '0000-00-00', 'Silva', '787a606eb74545c29b0d09587c87985c_v2'),
(43, 'Lailane Da cruz costa (Desativado)', 'lailane.costa@gmail.com', 'no_password', '02910291029', '7198137936', '71981379363', 1, '1991-01-25', '42700000', 'Rua Israel santos conceiçao N°16', 16, 'Proximo ao jose ramos', 'Itinga', 'Lauro de Freitas', 'BA', 0, '2017-09-14 13:26:42', 'Saloes de bairros', 'Nao', 'Nao', '', '', 0, 'Itapoa, piata,sao Cristóvão, lauro de freitas,vilas do atlântico, villas de Abrantes.', 7, 0, '', '', '', '0000-00-00', '', ''),
(7, 'Elisabete Moraes De Souza', 'betinhamoraes2008@hotmail.com', 'no_password', '01651265585', '7133457975', '71991122703', 1, '1983-04-16', '41830260', 'Rua Maranhão', 420, '', 'Pituba', 'Salvador', 'BA', 1, '2017-08-03 21:23:56', 'Nas casas das clientes, camarote do nana carnaval 2017, miss continente 2017', 'Sim', 'Sim', '', '', 0, 'Amaralina, Pituba, Rio Vermelho, Stiep, Costa Azul, Ondina, Barra, Graça, Brotas, Garibaldi', 3, 0, 'MPA-EAC99E0AD96B', '', '', '0000-00-00', 'Neves', 'b2d53eac034849e1ab153635d3a600a3_v2'),
(8, 'RAILUCIA RODRIGUES DE', 'railuciarodrigues05@gmail.com', 'no_password', '02207632598', '7134037901', '71987829195', 1, '1984-12-05', '40387220', 'Rua Excelsior', 345, '', 'Boa Vista de São Caetano', 'Salvador', 'BA', 1, '2017-08-04 00:36:00', '', 'tenho formação de curso de depilação', 'ainda não  preciso solicitar', '', '', 0, 'todos possiveis  na regiao metropolitana', 7, 0, 'MPA-6819967900A8', '', '', '0000-00-00', 'JESUS', '110d890016674a6799b0ea3eab2f10c2_v2'),
(13, 'Ana Paula De Meneses (Desativado)', 'apct95@gmail.com', 'no_password', '09365539790', '7133127148', '71992667121', 1, '1978-12-02', '40415525', 'Avenida Jericó', 1, 'Atrás do Senai', 'Bonfim', 'Salvador', 'Ba', 0, '2017-08-06 20:40:25', 'Beleza. Com,VIP Hair, Jô Cabeleiros..', '', 'Ceprom', '', '', 0, 'Bonfim, Pituba, Barra, Ribeira , Centro, Graça, Horto Florestal Paralela, Cidade Jardim, Itaigara,Imbuí, vila Laura, Brotas, Caminho Das Árvores...', 7, 0, 'MPA-CA136F563349', '', '', '0000-00-00', 'Bispo', 'b949b12380084d69818f0db51e50e4f6_v2'),
(14, 'JOSEANE DE MEDEIROS (Desativado)', 'naftaliaser_@hotmail.com', 'no_password', '03711146597', '7130511785', '71988493225', 1, '1987-07-03', '42700000', 'PJ. VIDA NOVA CAMINHO 26 QUADRA 22', 31, '', 'VIDA NOVA', 'Lauro de Freitas', 'BA', 0, '2017-08-07 05:19:02', 'COMO AUTÔNOMA', 'SIM', 'SIM', '', '', 0, 'LAURO DE FREITAS', 3, 0, 'MPA-C48080555D88', '', '', '0000-00-00', 'COSTA', 'd62937bcb70f4cd88130f3a6226a92a0_v2'),
(15, 'Miramar De Oliveira (Desativado)', 'miraaoliveiraa@gmail.com', 'no_password', '06293162528', '7133411367', '71993568153', 1, '1993-12-08', '41905885', 'Rua Miguelito', 27, 'Ap 302', 'Nordeste', 'Salvador', 'BA', 0, '2017-08-07 17:55:51', 'Massoclim\nPituba fisio\nNovo ser \nSauípe spa\nGriffe do corpo', 'Sim', 'Sim', '', '', 0, 'Amaralina\nPituba', 4, 1, 'MPA-729D900E1754', '', '', '0000-00-00', 'Santos', '307f322322b24d329f6571757fb40fe2_v2'),
(139, 'Regiane Grego Dos', 'regianegrego@hotmail.com', 'no_password', '04254037503', '7188323410', '71985325393', 1, '1989-09-16', '40435840', 'ssa', 46, '2 andar', 'massaranduba', 'Salvador', 'BA', 1, '2018-02-17 14:08:36', '', '', '', '', '', 3, 'qualquer um', 7, 0, 'MPA-C9FE289C9865', '1316357600', 'ssp-ba', '1989-08-13', 'Santos', '422cb377d20844b88c8042bae89ddfee_v2'),
(41, 'Marcio Jose Silva De (Desativado)', 'marcioyesmarcio@hotmail.com', 'no_password', '00554777550', '7130138617', '71992011612', 0, '1981-05-21', '41250500', 'Conjunto Morada dos Campos', 88, 'Bloco 99 apartamento 201', 'São Marcos', 'Salvador', 'BA', 0, '2017-09-07 00:51:06', 'Rafael coiffeur \nMarcio coiffeur', 'Sou especialista em loiras, mexas platinadas, mexas peroladas, ombrehair', 'Sim', '', '', 0, 'Pituba\nBarra\nGraça\nRio vermelho \nCaminho das árvores \nItaigara\nVilas do Atlântico \nHorto florestal', 7, 1, 'MPA-DBB8F61F79CD', '', '', '0000-00-00', 'Oliveira', '75c8baf274ba4b0b987a9775b849c0f5_v2'),
(20, 'MARCIA CRISTINA BRITO CONCEIÇÃO (Desativado)', 'lluas2@hotmail.com', 'no_password', '58696598504', '7187520069', '71993252929', 1, '1970-02-13', '41290540', 'Conjunto Pirajá', 3, 'APARTAMENTO', 'Pirajá', 'Salvador', 'BA', 0, '2017-08-10 15:45:11', 'SUSSUARANA, PIRAJÁ, CAJAZEIRAS, ILHA', 'SIM, CABELEIREIRA', 'SIM', '', '', 0, 'TODOS BAIRROS DE SALVADOR E REGIÃO ASSIM COMO TAMBÉM AS ILHAS', 7, 0, 'MPA-6CA55ACEA2F0', '', '', '0000-00-00', 'SOUZA', 'ae27a984516c4349961dc99c75e1d8f6_v2'),
(22, 'Lorena Rocha', 'lorenarocha7@outlook.com.br', 'no_password', '01424634505', '7592416041', '71991723004', 1, '1984-07-11', '41600820', 'Rua Herbet José de Souza', 163, 'Condominio Village Petromar', 'Stella Maris ', 'Salvador', 'BA', 1, '2017-08-11 12:01:26', 'Maquiadora Free Salvador e Interior da Bahia,  Maquiadora do Balé Herrique Oliver.Atendimento  personalizado.', 'Sim', 'Sim', '', '', 0, 'Onde for preciso.', 6, 0, 'MPA-2124F4A2274F', '', '', '0000-00-00', 'Rocha', 'cec347adc6324f779ae0c3e144ceb727_v2'),
(146, 'Edilene Santana sil', 'leydefontess@gmail.com', 'no_password', '01991119526', '7186009080', '71987058691', 1, '1985-11-13', '41280210', 'Diamante', 106, 'Cs 2 andar', 'Marechal Rondon', 'Salvador', 'BA', 1, '2018-02-19 19:01:48', 'Graça e barra', 'Nao', 'Nao', '', '', 3, 'Barra pituba sao rafael itaigara graça', 7, 0, 'MPA-CB5F3F3EDB36', '1268121525', 'Ssp', '0000-00-00', 'Santana', 'ab9210c81e1840d3a673f4847bfa208a_v2'),
(24, 'Elizangela Da Silva', 'elizangelaasa@oi.com.br', 'no_password', '71689109572', '7188087074', '71993100743', 1, '1978-05-13', '41370045', 'Avenida Aliomar Baleeiro', 120, 'Condomínio sao Paulo bloco 15, apt 403', 'Jardim Nova Esperança ', 'Salvador', 'BA', 1, '2017-08-13 03:26:35', 'Salão de beleza Arrazus shopping ponto Alto ,centro de beleza e estetita Preference shpping ponto alto', 'Possuo curso de cabeleleira em geral todas as especialidades \nDesing de sobrancelhas \nMicropigmentação de sobrancelhas com tecnicas fio a fio / esfumada / compactada \nAlongamento de cilios \nLimpesa de pele facial .', 'Sim todos .', '', '', 0, 'Toda região metropolitana de salvador e lauro de freitas porque possuo moto para me deslocar em meus atendimentos', 7, 0, 'MPA-236FF454DE40', '', '', '0000-00-00', 'Machado', 'bccd01b8210a4b65aa18896d071206ac_v2'),
(57, 'Aline de Souza Pinto (Desativado)', 'liusouza30@hotmail.com', 'no_password', '79303978587', '7132301707', '71985368534', 1, '1980-11-30', '41210130', 'Rua Belo Horizonte', 28, '5', 'Tancredo Neves', 'Salvador', 'BA', 0, '2017-09-28 22:55:09', 'Pituba, Paulo VI, Graça. Barra', 'Sim', 'Não', '', '', 0, 'Pituba ou itaigara', 7, 1, '', '', '', '0000-00-00', '', ''),
(237, 'Barbara', 'barbaraverissimo4@gmail.com', 'no_password', '86026498516', '7133829415', '71989532030', 1, '1994-12-03', '40315360', 'Madalena Paraguassu', 72, 'Fundo', 'Pau Miúdo', 'Salvador', 'BA', 0, '2018-07-19 12:56:35', 'Trabalho a domicílio', 'Sim, curso de alongamento de unhas', 'Curso de Escovista', NULL, NULL, 3, NULL, 0, 0, 'MPA-D19CDE059274', '1443728780', 'SSP BA', '0000-00-00', 'Veríssimo', 'b4d59603d8744291a5f05fee301eda5f_v2'),
(145, 'Gabriela Santos', 'gabi2014.santos65@gmail.com.br', 'no_password', '07992798546', '7199372677', '71999339751', 1, '1997-02-16', '41400025', 'da Vitória da Ceasa', 22, 'Casa', 'CEASA ', 'Salvador', 'BA', 0, '2018-02-19 18:25:31', 'n', 'Sim', 'Sim', '', '', 3, 'n', 6, 0, 'MPA-135933960408', '1570123527', 'Ba', '0000-00-00', 'Santos', '84f17d0c57c845eb9d3450665b43ab03_v2'),
(62, 'Marciana', 'jvsousajesuselindo@outlook.com.br', 'no_password', '05738536576', '7132570934', '71987242928', 1, '1988-06-16', '41291165', 'Rua Ana Ariane', 201, 'Bl 64', 'Pirajá ', 'Salvador', 'BA', 1, '2017-10-16 14:50:42', 'Sempre trabalhei em domicílio', 'Sim', 'Sim', '', '', 0, 'Pituba \nOrla\nBoca do rio \nImbui \nParalela', 7, 0, 'MPA-0EEC553F5491', '', '', '0000-00-00', 'Rodrigues', '4bd2083a0cd5457fb072a86a54685bbf_v2'),
(39, 'Adriana Nunes De', 'adriananunes14@outlook.com.br', 'no_password', '01078029539', '7134504093', '71993849546', 1, '1984-04-15', '41120530', 'Rua Três de Julho', 21, 'Casa', 'Pernambués', 'Salvador', 'BA', 0, '2017-08-28 16:37:54', 'Cabula, Pituba, pernambués', 'Não', 'Não', '', '', 0, 'Cabula,pernambués,Alphaville', 7, 0, 'MPA-684023C29CAB', '', '', '0000-00-00', 'Araújo', '5c447aaf50b94af0ab2430ea1140c5c2_v2'),
(30, 'Marília (Desativado)', 'marilia.perfer5@gmail.com', 'no_password', '24059048534', '7196068127', '71996068127', 1, '1958-12-23', '41250500', 'Conjunto Morada dos Campos', 99, 'Rua Professor Arnaldo Silveira 88', 'São Marcos', 'Salvador', 'BA', 0, '2017-08-18 02:10:55', 'Autônoma', 'Senac', 'Senac', '', '', 0, 'São Marcos', 7, 0, 'MPA-0A7BC1DE54F8', '', '', '0000-00-00', 'Ferreira', '6d023a8dae404c63b669453695d4c275_v2'),
(38, 'Thalita Navarro (Desativado)', 'thalita_datoli@hotmail.com', 'no_password', '01356079571', '7188746072', '71988746072', 1, '1985-11-27', '40286270', 'Rua Doutor Armando Tourinho', 1004, 'Bloco 22, apto 101', 'Brotas', 'Salvador', 'BA', 0, '2017-08-25 18:06:41', '', 'Cabeleireiro (Escola Iracy Machado); Terapia Capilar (Escola Iracy Machado), As Chaves das Mechas (L\'oreal), As chaves da cor (L\'Oréal) e Corte e modelagem de escova com tendências atuais (Senac).', 'Sim.', '', '', 0, 'Brotas, Itaigara, Costa Azul, Barra, Cidade Jardim.', 0, 0, 'MPA-0DD2EE9A963C', '', '', '0000-00-00', 'Datoli', '583166ee781041c99813eb73bc576871_v2'),
(32, 'Jéssica Dos Santos (Desativado)', 'jessicabastos400@gmail.com', 'no_password', '85873246599', '7132155435', '71993995507', 1, '1992-12-27', '40230165', '2ª Travessa Souza Uzel', 40, 'casa', 'Federação', 'Salvador', 'BA', 0, '2017-08-18 17:27:43', 'Salão Alkymia,Salão Performace,Salão Bec,Salão Imperial make hair,Salão mais você', 'sim,depilação', 'sim!', '', '', 0, 'centro,Pituba,Lúcaia,Itaigara,Rio vermelho,amaralina', 7, 0, 'MPA-CA2747FE2930', '', '', '0000-00-00', 'Bastos', 'b618009c08e94e0eadc5d5068f547d3a_v2'),
(123, 'Sarah Amorim (Desativado)', 'sarah.amorim62@gmail.com', 'no_password', '05712647516', '7133774073', '71991907613', 1, '1989-06-13', '42739130', 'Rua Lídia Celestino de Souza Quadra 01 Lote 18', 18, 'Jardim Centenário', 'Itinga', 'Lauro de Freitas', 'BA', 0, '2018-01-17 18:35:35', 'Novo Ser \nMassoClim\nEquilíbrio do Corpo', 'Formação Tecnológica Estética e Cosmetologia\nMassoterapia', 'Sim', '', '', 0, 'Itapuã \nBarra\nRio Vermelho \nOndina\nGraça \nCorredor da Vitoria \nVillas do Atlântico \nEstrada de Coco \nItinga', 5, 1, 'MPA-19A42FA45765', '1435825772', 'SSP', '2016-10-31', 'Amorim', 'b72bb98cc1054905b83ad09ea01edd91_v2'),
(78, 'Débora (Desativado)', 'drmakes@hotmail.com', 'no_password', '05325779575', '7130165631', '71993657744', 1, '1990-04-23', '41100000', 'Rua Thomaz Gonzaga', 162, 'Rua Tomás Gonzaga, condomínio Jardim Europa. Ed. Espanha. Apartamento. 02', 'Pernambués', 'Salvador', 'BA', 0, '2017-11-07 12:59:57', '', 'Sim! Embeleze', '', '', '', 0, 'Cabula, Pituba, brotas, imbui, Rio vermelho, itaigara, Costa azul', 4, 0, 'MPA-A629F3AC337E', '946458847', 'Estado da ', '2008-07-25', 'Reis', '2f3d5fa4faa64a0788f584fa459f7011_v2'),
(142, 'Jessica', 'jessicasantossilva22@gmail.com', 'no_password', '02504397518', '7134896924', '7187041765', 1, '1989-09-02', '41100420', 'Mário Kertesz', 94, NULL, 'Pernambués', 'Salvador', 'BA', 0, '2018-02-19 14:21:48', 'Depil derme', 'Manicure', NULL, NULL, NULL, 3, NULL, 7, 0, 'MPA-2F5B5BC8BD3E', '0989407837', 'Sspba', '0000-00-00', 'Silva', '2389e37eaa1c44348e877a1b12cb0585_v2'),
(143, 'Danile  Silva', 'danile.estetica@gmail.com', 'no_password', '03879586578', '7186129789', '71993633029', 1, '1990-11-08', '41260430', 'rua sao roque travessa Vila Mar', 2, 'Casa E', 'Canabrava ', 'Salvador', 'BA', 1, '2018-02-19 15:09:28', 'Domicílio', 'Sim', 'Sim', '', '', 3, 'Imbuí, boca do Rio, Alphaville I, Alphaville Il, Paralela, pituba, lepac, patamares, stiep, itapuã, piatã.', 3, 0, 'MPA-372E9E380C12', '1128725657', 'Ssp', '0000-00-00', 'Silva', '1719d513fc694180aaa9e69498bc03b8_v2'),
(52, 'Juliete', 'julie.lima@hotmail.com', 'no_password', '05736980584', '7132524289', '71987553518', 1, '1991-02-05', '41510000', 'Rodovia BA-526', 5, 'Apartamento bl 05 torre 04 ap 02', 'São Cristóvão ', 'Salvador', 'BA', 0, '2017-09-21 14:04:46', '', '', '', '', '', 0, 'Lauro de freitas,são Cristóvão,mussurunga,itapuã e regiões próximas', 7, 0, 'MPA-23A12E48C9C7', '', '', '0000-00-00', 'Lima', '09fb15e1e8a4447388875398ae09c82f_v2'),
(105, 'Alessandra Maria Da Rocha', 'ale.amr.rocha@gmail.com', 'no_password', '29133898804', '1155109384', '11982047954', 1, '1982-04-27', '05776450', 'Rua Manuel Moreira de Sá', 9, 'B', 'Vila Franca', 'São Paulo', 'SP', 0, '2017-11-29 12:15:27', 'Sou autônoma', 'Cursando Instituto Embelleze', 'Desing de sobrancelhas', '', '', 0, 'Morumbi, Vila Andrade,\nGranja Viana,', 2, 0, 'MPA-FCC86317DA39', '266255358', 'SSP', '2017-01-11', 'Inácio', 'a87718b7eba24ceaa50ddb22f9aede54_v2'),
(48, 'Larissa Menezes (Desativado)', 'larissaseibert0@gmail.com', 'no_password', '03935093543', '7399115372', '73991153720', 1, '1993-09-26', '41770395', 'Rua Edístio Pondé', 226, 'APT 503', 'Stiep', 'Salvador', 'BA', 0, '2017-09-16 16:29:15', 'Só trabalhei de forma autônoma', 'Sim. Formada pelo Senac e com cursos de especialização em técnicas.', 'Possuo', '', '', 0, 'De preferência nas localidades próximas a minha residência. \nMas tenho disponibilidade para qualquer local', 3, 0, 'MPA-C71355F78F3B', '', '', '0000-00-00', 'Santos', '62e2db3b5c4b4ee8aa469959105d2778_v2'),
(236, 'Vera', 'vera.terapeuta@hotmail.com', 'no_password', '36764426520', '7193881761', '71993881761', 1, '1965-09-23', '40283220', 'Rodolfo Pimentel', 0, 'Ed. San Giovanni', 'Daniel Lisboa', 'Salvador', 'BA', 0, '2018-07-17 18:40:37', 'Salão Una, Clinica Renu e Hotel Sheratton', 'Sim. Técnica em estética.', 'Sim', NULL, NULL, 3, NULL, 7, 0, 'MPA-1E304C5BA4F1', '0224016440', 'sspba', '0000-00-00', 'Mattos', 'aa6cc870c807485ba115286de46f43bc_v2'),
(69, 'Simone De Sousa', 'simoness44@hotmail.com', 'no_password', '79953964572', '7185003206', '71985003206', 1, '1978-05-25', '40220865', 'Avenida Passos', 30, 'e', 'Engenho Velho da Federação', 'Salvador', 'BA', 1, '2017-10-24 19:47:59', 'Eliana salão de beleza,salão chanel', 'Sim', 'Curso de mega hair,manicure', '', '', 0, 'Próximos', 6, 1, 'MPA-BF16580025B4', '', '', '0000-00-00', 'Santos', '0a01dbaeb2c140c5a792ca9bee7def70_v2'),
(233, 'Marla Cristina ', 'marlacristina22@hotmail.com', 'no_password', '01313873594', '71986456242', '71986456242', 1, '1984-08-15', '40220020', 'Eraldo', 10, NULL, 'Engenho Velho da Federação', 'Salvador', 'BA', 0, '2018-07-11 21:46:37', 'Mary Salão de Beleza', 'Sim', 'Sim', NULL, NULL, 3, NULL, 7, 0, 'MPA-CD81819A9630', '0884083888', 'Ssp', '0000-00-00', 'Santana', '614cc67a7ff245ed85c9e7aad3ead0f2_v2'),
(234, 'Kauanne ', 'kauannemaltez16@gmail.com', 'no_password', '86454199550', '71988916979', '71988916970', 1, '1999-12-03', '40323295', 'Cosme e Damião', 28, NULL, 'Iapi', 'Salvador', 'BA', 0, '2018-07-15 07:20:11', NULL, 'Maquiagem profissional', 'Sim', NULL, NULL, 3, NULL, 0, 0, 'MPA-71AF6E39CB5F', '1585348406', 'Sspba', '0000-00-00', 'Maltez', '77f34e4ac3404215b24f584e57195c8b_v2'),
(235, 'Cid ', 'cidjunior1990@gmail.com', 'no_password', '02993907565', '71986593272', '71986593272', 0, '1990-03-12', '40283680', 'Wilson Sanches', 14, 'Brotas', 'Daniel Lisboa', 'Salvador', 'BA', 0, '2018-07-17 15:44:09', 'A domicílio', 'Cabeleireiro Masculino', 'Sim', NULL, NULL, 3, NULL, 0, 0, 'MPA-21EEA6037413', '1210143801', 'Ssp', '0000-00-00', 'Jorge', '4eff97f5118749d0bd41158b98a11869_v2'),
(104, 'Nariane Alves Pessoa Do', 'narii.pessoa@hotmail.com', 'no_password', '06624860561', '7199290831', '71988914763', 1, '1995-02-22', '40760620', 'Rua Quatorze de Julho', 231, 'casa', 'Coutos', 'Salvador', 'BA', 0, '2017-11-29 06:45:50', 'Salão Luanda, Faby Coiffeur e Salão Amanda.', 'Não. Toda minha experiência é pratica, desde 2007.', 'Não. Toda minha experiência é prática, desde 2007.', '', '', 0, 'Todos os bairros do suburbio, Barra, Ondina, Garibaldi, Pituba, Boca do Rio, Imbuí, Brotas e Resgate.', 7, 0, 'MPA-A15A0FB718F4', '1441835288', 'ssp', '2014-02-05', 'Nascimento', '60228aa8df504d6fa0652fe8f109056c_v2'),
(120, 'Michele Santos De', 'santana.michele13@gmail.com', 'no_password', '03289815595', '7199201090', '71992010909', 1, '1987-10-13', '41706750', 'Rua Doutor Thadeu Pacheco Neves', 0, '', 'Boca do Rio', 'Salvador', 'BA', 0, '2018-01-07 23:54:17', 'Sou autonoma.', 'Tenho curso de Alongamento e permanente de cilios e curso faculdade de estética e cosmética.', 'sim.', '', '', 0, 'Sem restrição de bairros.', 2, 0, 'MPA-EE5121B041C3', '0944229310', 'sspba', '2015-10-03', 'Santana', '296f881583914828b86c27f66fd2c6b6_v2'),
(166, 'Wiliane  De  Oliveira', 'wilianeoliveira@yahoo.com.br', 'no_password', '06318043586', '7187614447', '71991367011', 1, '1995-04-20', '40050300', 'Rua Arquimedes Gonçalves', 153, 'apart. 203', 'Nazaré', 'Salvador', 'BA', 1, '2018-02-24 14:03:51', '', 'embelleze,senac', 'embelleze,senac', '', '', 3, 'nazare,tororo,lapa,piedade,graça,iguatemi,bela vista,federaçao,brotas,garcia,campo grande,graça,politeama,barris,canela,vitoria,vila laura,barbalho,baixa dos sapateiros,pelourinho,comercio,santo antonio alem do carmo,caixa dagua, baixa de quintas,engenho velho da federação,barra,ondina,rio vermelho.', 5, 0, 'MPA-C0F4CBD1CAED', '1404310479', 'ssp ba', '2015-11-10', 'Silva', 'f043203d99ee4683a93852051edf2011_v2'),
(157, 'Tatiane', 'thianegomes5406@gmail.com', 'no_password', '03239967529', '7191142202', '7191142202', 1, '1988-05-01', '41181140', 'dos Jatobás', 301, NULL, 'Cabula VI', 'Salvador', 'BA', 0, '2018-02-21 13:17:31', 'Salao de beleza eline\nSalao de beleza fernandes coiffer\nSalao beleza chick', 'Sim', NULL, NULL, NULL, 3, NULL, 7, 0, 'MPA-A897BED8F6A0', '0946207844', 'Dstba', '0000-00-00', 'Gomes', '4578dda9001f4e28a8646d50d98bcdfd_v2'),
(149, 'Eliana ', 'elianasouza3410@gmail.com', 'no_password', '32060743800', '11957446122', '11949921744', 1, '1985-03-28', '04937160', 'Manuel Laranjeira', 202, NULL, 'Vila Bom Jardim', 'São Paulo', 'SP', 0, '2018-02-20 10:29:11', 'Ja estou como manicure a 16 anos e ja trabalhei em 3 salao no bairro agora trabalho pra mim ja a 6 anos', 'Sim. Epilacao e unhas de gel', 'Sim', NULL, NULL, 3, NULL, 7, 1, 'MPA-97663881C4B6', '504895230', 'Ssp', '0000-00-00', 'Pereira de souza', '6936ae9674a042228e9b202c0de1e493_v2'),
(148, 'Daniela Santos', 'danirodriguesmakeup@gmail.com', 'no_password', '03149360501', '7188499226', '71988499226', 1, '1988-03-15', '41110410', 'Rua Minas Gerais', 64, '3 andar', 'Pernambués', 'Salvador', 'BA', 0, '2018-02-19 22:15:52', 'Trabalho como profissional autônoma,  atendendo em residência e hotéis.', 'Sim.', 'Sim.', '', '', 3, 'Salvador e região metropolitana', 3, 0, 'MPA-B597A57F99FA', '897398543', 'SAP BA', '2009-01-07', 'Rodriguea', '63c6b80884284622af6f73e2586c6225_v2'),
(103, 'Helena Matta De Souza', 'franca.helena25@gmail.com', 'no_password', '06748092540', '7132354483', '71999981052', 1, '1996-09-25', '40170060', 'Rua Doutor Helvécio Carneiro Ribeiro', 277, 'Edf. suica, apt. 201', 'Ondina', 'Salvador', 'BA', 0, '2017-11-26 03:24:21', '', '', '', '', '', 0, 'Ondina, Barra, Rio vermelho, Pituba, Graça, Federação, Itaigara, Canela, Brotas, Amaralina', 0, 0, 'MPA-7599DA48DD6F', '1204597952', 'SSP-BA', '2011-11-29', 'França', 'e462da0e51354478b785106ad0dcad11_v2'),
(230, 'Mariana', 'marifontoura.estetica@gmail.com', 'no_password', '07480100507', '71985033337', '71992117324', 1, '1997-08-22', '41315090', 'dos Oratorianos', 15, NULL, 'Dom Avelar', 'Salvador', 'BA', 0, '2018-07-05 14:06:57', 'Salão e Clínica de Estética', 'Graduanda em Cosmetologia e Estética', 'Design de Sobrancelhas, Maquiagem', NULL, NULL, 3, NULL, 3, 1, 'MPA-CCEE587ED691', '1120561809', 'SSP', '0000-00-00', 'Fontoura', '73be8954b9d14a4fbab566241eb56a9d_v2'),
(76, 'Valleide Belmonte', 'valleideoficial@gmail.com', 'no_password', '35947713500', '7192910651', '71992910651', 1, '1974-06-24', '41706690', 'Avenida Octávio Mangabeira', 7349, 'Edficio Galera apto 205', 'Pituaçu', 'Salvador', 'BA', 1, '2017-11-06 22:44:10', 'Salao próprio', 'Maquiagem- Senac -ES', 'Sim', '', '', 0, 'Boca do Rio, Imbuí, Piatã, Patamares, Costa Azul, Armação, Pituaçu, Stiep, Itapuã, Pituba', 7, 0, 'MPA-BB5BD98F8251', '1806023-49', 'SSPBA', '2004-03-08', 'Gonçalves', 'c228629c12ce496b9713262aa8ad77ef_v2'),
(231, 'Aline', 'aline-capelli@live.com', 'no_password', '12752998732', '21970360623', '21970360623', 1, '1987-12-21', '22733000', 'Cândido Benicio', 0, NULL, 'Tanque', 'Rio de Janeiro', 'RJ', 0, '2018-07-05 18:08:17', 'Degradé (tijuca/Barra da tijuca)', 'Cursos profissionais de cabeleireiro ', 'Sim', NULL, NULL, 3, NULL, 6, 0, 'MPA-5CEE30B9EF34', '220932867', 'Detran', '0000-00-00', 'Costa', '361122b9d22c4fdd9e46c266c27d4f73_v2'),
(232, 'Thais', 'thai-th@hotmail.com', 'no_password', '04699632556', '71986150511', '71986150511', 1, '1992-12-25', '41220610', 'Sebastião Mascarenhas', 0, NULL, 'Mata Escura ', 'Salvador', 'BA', 0, '2018-07-09 01:59:25', 'Sempre trabalhei como autonoma, já fiz free lance para alguns saloes renomados de salvador, maiores informacoes por inbox!', 'Cabeleireiro  ( desde 2008) - Maquaigem (Desde 2014)', 'Sim ', NULL, NULL, 3, NULL, 7, 0, 'MPA-117D110AA3F2', '1254883274', 'Ssp ba', '0000-00-00', 'De Cerqueira Santos', 'd5e45263285a449198a5f56f471a6bb4_v2'),
(82, 'CONCEIÇÃO JULITA DE', 'queirozconca@gmail.com', 'no_password', '81330065549', '7198878767', '71991107828', 1, '1978-03-10', '40450131', 'Rua José Geraldo Veloso Gordilho', 212, 'FUNDO', 'Uruguai', 'Salvador', 'BA', 0, '2017-11-07 18:25:42', 'Centro Estético Beauty Bahia \nCentro Estético e Spar Abml', 'Curso de formação de nivel médio', 'Não', '', '', 0, 'BARRA', 7, 0, 'MPA-3D944500F412', '0951433601', 'SSP-BA', '2010-05-10', 'QUEIROZ', '428acae10d0d42d9831aae717939aa85_v2'),
(83, 'Carolina Borges Dos', 'carolinabo@gmail.com', 'no_password', '01105429598', '7133837842', '71986234281', 1, '1983-01-23', '41680066', 'Rua Ibipitanga ', 120, 'CONDOMINIO SALVADOR VILLE', 'Patamares ', 'Salvador', 'BA', 0, '2017-11-07 20:13:39', 'trabalho em domicílio, ja maquiei noivas, debutantes, madrinhas dentre outras convidadas.', 'Sim. Possuo um curso de maquiagem profissional pelo SENAC da Bahia.', 'Sim', '', '', 0, 'Paralela, Imbuí, Itapoan, Itaigara, Caminho das Árvores, Pituba, Barra, Ondina, Iguatemi, Av. Tancredo Neves,', 3, 0, 'MPA-E5D99D7CFE07', '0726735590', 'SSP', '2013-10-22', 'Santos', 'e6ff58ab612d4539a842d89e8cc50673_v2'),
(85, 'Graciele', 'graciele.fonseca98@gmail.com', 'no_password', '86116775527', '7134504346', '71984187658', 1, '1998-04-07', '41130695', 'Rua Sete de Outubro', 42, 'Próximo academia de Moacir', 'Pernambués', 'Salvador', 'BA', 0, '2017-11-08 04:40:06', 'Luza Cosméticos -Atendente', 'Sim', 'Sim', '', '', 0, 'Cabula, Trancredo Neves, Mata Escura, São Marcos, Pituba', 4, 0, 'MPA-F5549D82D868', '1641670053', 'SSP', '2009-11-12', 'Santos', '4684d0cb3f3548eba46f73514dcc0f04_v2'),
(86, 'Laís', 'laisoliveira51@gmail.com', 'no_password', '01864292580', '7198758848', '71987588488', 1, '1986-10-22', '41905000', 'Rua do Norte', 93, '', 'Nordeste', 'Salvador', 'BA', 0, '2017-11-08 10:22:52', '', 'Sim. No instituto Embelleze', 'Sim.', '', '', 0, 'Amaralina, Rio Vermelho, Pituba', 0, 0, 'MPA-5CA192C1785B', '1356686621', 'SSP/BA', '2017-09-09', 'Oliveira', '8f0cf2fc24434a8082a1d4b0eaa609ca_v2'),
(87, 'Ana Carolina Da Franca', 'carolinaschaper@gmail.com', 'no_password', '07896088550', '7192643508', '71992643509', 1, '1999-04-13', '41650010', 'Avenida Orlando Gomes', 2002, 'Cond villa tropical', 'Piatã', 'Salvador', 'BA', 0, '2017-11-08 15:49:02', 'Trabalho autônomo', 'Não', 'Não', '', '', 0, 'Piatã, Alphaville, imbui, patamares, stiep', 0, 0, 'MPA-EE8181E7BC87', '2017728500', 'Ssp', '2017-01-21', 'Schaper', 'bea0676967f14f1f9aea00ce17df3c71_v2'),
(88, 'NEILZA RODRIGUES', 'neilza.rodrigues@gmail.com', 'no_password', '00512308527', '7132729848', '71993380568', 1, '1976-10-11', '40280240', 'R. NATAL, 105', 105, 'Fundos', 'Parque Bela Vista', 'Salvador', 'BA', 0, '2017-11-08 16:23:38', 'Trabalho à domicilio.', 'Sim.', 'Sim', '', '', 0, 'Fico à disposição da empresa.', 2, 0, 'MPA-1CBC243B1714', '2062934025', 'Ssp/ba', '2013-03-13', 'MOREIRA', '256c9c04754b4c6f82bf3455871d3896_v2'),
(102, 'Lindomar Santos', 'lindomarnegra@hotmail.com', 'no_password', '00945652526', '7185523425', '77185522983', 0, '1982-05-09', '40830410', 'Rua Juracy Magalhães', 35, 'BLOCO D APT 202 PARIPE', 'Paripe ', 'Salvador', 'BA', 0, '2017-11-23 15:02:38', 'vison centro de beleza, fina stampa, villa beauty, etc...', 'colorista, make penteados, desing de sobrancelha', 'sim', '', '', 0, 'costa azul, pituba,', 7, 1, 'MPA-2690C1D55591', '06913927706', 'PEDRO MELL', '2014-03-27', 'Leite', '130ed693b49a4728a4a836ae19752f27_v2'),
(90, 'Magali De Jesus', 'magadejdomingues16@hotmail.com', 'no_password', '03808224584', '7199356883', '71986815229', 1, '1990-10-31', '40325770', 'Rua Juazeiro', 27, 'casa', 'Liberdade', 'Salvador', 'BA', 0, '2017-11-09 16:42:16', '', 'Curso - Manicure e Pedicure INSTITUIÇÃO - ESCOLA DE CABELEIREIRO DA BAHIA', 'SIM', '', '', 0, 'TODOS OS BAIRRO DA CIDADE DE SALVADOR', 1, 0, 'MPA-FE5A5C97E144', '1116845601', 'SSP', '2014-10-08', 'Domingues', 'c26e9eddd6734109b7bb108360740c16_v2'),
(93, 'Jessica Do Nascimento Bernardo (Desativado)', 'jeubernardo25@gmail.com', 'no_password', '05932490543', '7187190318', '71985225080', 1, '1992-07-24', '41330030', 'Quadra f final de linha cajazeiras 11', 1, 'Apartamento 203', 'Cajazeiras 11', 'Salvador', 'BA', 0, '2017-11-11 17:16:21', 'No Salao bela face ,na barra\nNo Salao corte layte imbui\nNo salao top bell ,boca do rio\nNa esmalteria super vaidosa na ondina\nNo salao conceito d beleza imbui', 'Sim', '', '', '', 0, 'Todos', 7, 0, 'MPA-1D81D69D6C8A', '1284025047', 'SSPBA', '2009-01-20', 'Rocha', '89e59525941c4fffacefa7f717b4d723_v2'),
(94, 'Laísa Passos', 'laisapassosc@hotmail.com', 'no_password', '86396275503', '7191213048', '71987991240', 1, '1997-08-24', '40310300', 'Rua Professor Soeiro', 29, '', 'Pau Miúdo', 'Salvador', 'BA', 1, '2017-11-12 14:06:26', 'Brotas, Engenho Velho de Brotas, Pernambués, Iguatemi, Lapa, Pau Miúdo, Suburbana, São Sebastião do Passé.', 'Sim', 'Sim', '', '', 0, 'Caixa d\'água, Cidade Nova, Pernambués, Brotas, IAPI, Liberdade, Pau Miúdo, Engenho Velho de Brotas, Barros Reis, Barra, Cabula, Pituba, Itaigara, Imbuí, Corredor Da Vitória, Vila Laura, Lapa, Barbalho, Caminho das Árvores, Horto Bela Vista, Rio vermelho', 3, 0, 'MPA-4B3B6E460542', '1495443590', 'ssp', '2017-02-17', 'Cruz', 'b34a383c5b834566bcc1bd484560b74e_v2'),
(95, 'Thalis De Oliveira', 'ofthalis@gmail.com', 'no_password', '07559805574', '7199254071', '71992540715', 1, '1999-02-03', '41330000', 'Conjunto Cajazeiras X', 11, '', 'Cajazeiras', 'Salvador', 'BA', 0, '2017-11-12 16:43:56', 'Luciana Rufino Beauty Center, Universo Beleza e Bem Estar, Studio Janda Alves, Instituto Social Yorimá, Embelleze.', 'Sim', 'Sim\nMaquiagem Profissional\nMaquiagem Profissional Avançado\nExtensão de Cílios\nDesign de Sobrancelhas\nDepilação Egípcia', '', '', 0, 'Cajazeiras, Boca da Mata, Águas Claras, Castelo Branco, Fazenda Grande, Paralela, Imbui, Boca do Rio, São Rafael, Pituba, Cabula, Mussurunga, São Cristóvão, Itapuã, Patamares.', 4, 1, 'MPA-8539819EDD09', '1635653681', 'SSP BA', '2014-09-18', 'Freitas', 'a7e31be554804b91b4078cf11acb3297_v2'),
(96, 'Claudia', 'claudinhabagaceira6@gmail.com', 'no_password', '03101139546', '7133068225', '71982830449', 1, '1988-11-06', '41220600', 'Vila Haiti ', 63, 'E', 'Mata Escura ', 'Salvador', 'BA', 0, '2017-11-13 18:06:47', 'Alphaville\n Pituba\nOrlando gomes\nPiata', '', 'Sim', '', '', 0, 'Alphaville\nPituba', 7, 0, 'MPA-D935216DFD94', '1208640020', 'Ssp', '2014-12-13', 'Santos', '68f782076a274295b2132d6c2f39411a_v2'),
(97, 'Tamires Batista', 'tamires.batistalima@yahoo.com', 'no_password', '04285631555', '7196050497', '71983348005', 1, '1987-11-23', '41250520', 'Conjunto Colina do Pituaçu', 3, 'APARTAMENTO', 'São Marcos', 'Salvador', 'BA', 0, '2017-11-13 18:11:55', 'SÓ A DOMICILIO.', 'CABELEIREIRO, DEPILAÇÃO E DESIGNER DE SOBRANCELHAS.', 'CABELEIREIRO, DEPILAÇÃO E DESIGNER DE SOBRANCELHAS.', '', '', 0, 'COLINAS DE PITUAÇU, PARALELA.', 7, 0, 'MPA-9F5FC73A026C', '1393053947', 'SSP', '2015-02-06', 'Lima', 'e6840cdfe2524c29a0249ce9dc7824d2_v2'),
(98, 'Renata Da Paixão', 'renata_paixao1@hotmail.com', 'no_password', '03304047506', '7185118519', '71988798743', 1, '1988-04-29', '41310320', 'Rua Jacob de Carvalho', 31, 'Casa', 'Águas Claras', 'Salvador', 'BA', 0, '2017-11-14 01:29:32', 'Home care\nEstudio de pilates vida', 'Massagem relaxante\nMassagem modeladora\nMassagem terapêutica\nMassagem desportiva', 'Sim', '', '', 0, 'Todos', 1, 0, 'MPA-9D595FC182A0', '1143335309', 'SSP', '2016-03-08', 'Oliveira', 'cc547c2ce8ed4e6cbc45678a71356d7d_v2'),
(141, 'Adriele ', 'adriele.santos06@outlook.com', 'no_password', '06468503507', '7188460623', '71986315896', 1, '1994-12-06', '42703650', 'Ibicaraí ', 59, NULL, 'Centro', 'Lauro de Freitas', 'BA', 0, '2018-02-18 18:43:15', 'Harmonia spa express - Aeroporto Internacional Salvador', 'Técnico em massoterapia ', 'Sim ', NULL, NULL, 3, NULL, 3, 0, 'MPA-11E41751A5DB', '15233361760', 'Ba', '0000-00-00', 'Santos', '196a8244b86d4ec9b11eb0bbdcd7ae0b_v2'),
(151, 'Anatalia (Desativado)', 'natalia.se18@hotmail.com', 'no_password', '05958463519', '7132860791', '71987021749', 1, '1994-10-05', '41615440', 'da Paz', 10, 'Itapuã', 'Alto do Coqueirinho', 'Salvador', 'BA', 0, '2018-02-20 16:16:53', '', 'Cuso design de sobrancelha \nDepilação', 'Sim\nDesign de sobrancelha e Depiladora', '', '', 3, 'Itapuã,Barra, Vilas do Atlântico, Lauro de Freitas,Patamares, Piatã, Jaguaribe,', 0, 1, 'MPA-EC733023F9E4', '1413439667', 'Ssp ba', '0000-00-00', 'SENA DOS SANTOS', '8b812d2d421b4f978cc8497b9f7af71e_v2'),
(100, 'Flávia Bispo', 'flavia.rchl@gmail.com', 'no_password', '06744396510', '7198804433', '71988044334', 1, '1993-10-28', '41250390', 'Travessa Cirlene Silva', 1030, 'Casa', 'Vila mar', 'Salvador', 'BA', 0, '2017-11-14 15:31:00', 'Riachuelo, dona rosa, ske, eggos calçados', 'Não', 'Não', '', '', 0, 'Vilma, boca do rio trobogy, cajazeiras, são Rafael, são  marcos, itaigara, Pituba', 6, 0, 'MPA-B9096AABFF2E', '1592750168', 'Riachuelo', '2014-12-09', 'Cerqueira', '833c76b86d4b44ffa3761b5de445c1a0_v2'),
(101, 'Laís Garcia Reis (Desativado)', 'llaisgrs@gmail.com', 'no_password', '04838481586', '7186259250', '71992971176', 1, '1993-08-29', '40718040', 'Rua David Ferreira da Silva', 219, 'Casa 5', 'Plataforma', 'Salvador', 'BA', 1, '2017-11-15 23:37:40', 'ML - Salão de Beleza \nJk - Salao de Beleza e Cosméticos \nAnielle - Salão de Beleza', 'Não', 'Sim', '', '', 0, 'Pituba - Rio Vermelho - Barra - Graça - Campo Grande - \n\nDemais bairros propostos pelo Fast Salon', 6, 0, 'MPA-9DB8BAF2A2A1', '1340435535', 'Ssp-Ba', '2012-02-22', 'Santos', 'eb5b40bd4d1d4b21b994d66436508f17_v2'),
(107, 'Luiz Alberto Camillo Da', 'l.camillo@globo.com', 'no_password', '00879974796', '2134064538', '21993198663', 0, '1969-04-03', '23095010', 'Rua Aurizona', 47, '', 'Campo Grande', 'Rio de Janeiro', 'RJ', 0, '2017-12-01 16:03:24', 'Atuação como freelancer.', 'Sim.', 'Sim.', '', '', 0, 'Campo Grande (RJ)  e Guaratiba (RJ)', 7, 0, 'MPA-D38DF814005C', '043448190', 'IFP', '1977-04-22', 'Silva', '6dc2e54886d2411eb6aa743b066e82e7_v2'),
(165, 'Mariana Santos', 'marianasramos@live.com', 'no_password', '02974472540', '7133882459', '71986622718', 1, '1990-07-25', '40335640', 'Avenida Dois Irmãos', 5, 'Casa', 'Pero Vaz', 'Salvador', 'BA', 0, '2018-02-23 01:00:52', 'Studio M', 'Sim. Instituto embelleze', 'Sim, cabeleireiro e designer de sombrancelhas', '', '', 3, 'Todos', 3, 0, 'MPA-C633289997A7', '1193190550', 'Ssp', '2015-08-26', 'Ramos', '4140f1d61f95495bb0f8e3d4b7013736_v2'),
(109, 'Rebeca Santos', 'rebeca.miny@hotmail.com', 'no_password', '06541004544', '7133015649', '73988538078', 1, '1998-03-12', '41130000', 'Rua Thomaz Gonzaga', 376, '', 'Pernambués', 'Salvador', 'BA', 0, '2017-12-05 20:48:12', 'Studio K (Itabuna)\nBárbara beauty Style (Itabuna)', 'Si.', 'Sim', '', '', 0, 'Todos', 4, 1, 'MPA-ADDB5AEFB49E', '1610506464', 'BA', '2017-05-04', 'Leal', 'd30a8e20c9e34d38aaf6dfcc72580b08_v2'),
(110, 'Gertrudes Oliveira De Jesus', 'g7oliveira@gmail.com', 'no_password', '77994566553', '7192475296', '71988973983', 1, '1973-11-16', '42700160', 'Rua Marise Rodrigues dos Santos Bahia', 1005, '', 'Centro', 'Lauro de Freitas', 'BA', 0, '2017-12-07 13:08:19', 'Papillon, em Brotas no centro de beleza João Reis ( estágio em setembro de 2017).', 'Sim. \nDepilação EDUK /método quadrantes.\nDesigner de sobrancelha Jerusa Lima.\nCongresso de Depilação- 19/11/2017- Feira de Santana', 'sim', '', '', 0, 'Lauro de Freitas e Salvador', 0, 0, 'MPA-C58B33A65922', '443014990', 'ssp', '2011-07-11', 'Reis', '1aa9a4b2ec9e4c4c8e2982ef293676bb_v2'),
(135, 'Patricia', 'patriciasantos.1808@gmail.com', 'no_password', '47763153865', '1197124092', '1197124092', 1, '1994-08-18', '06700245', 'Tornoplex', 185, 'Casa2', 'Jardim Leonor', 'Cotia', 'SP', 0, '2018-02-12 13:45:32', 'Spazio ', 'Sim', 'Sim', NULL, NULL, 3, NULL, 5, 0, 'MPA-0B5B37EBBBFB', '415526425', '86520', '0000-00-00', 'Ferreira de Souza Santos ', '1d2e3b8ca3f5422ca77d431f8ae08a05_v2'),
(133, 'Laís', 'laisdejesusbezerra@outlook', 'no_password', '03592179586', '7182515581', '17981056727', 1, '1991-05-07', '42840000', 'Lui morada nobre', 0, 'Casa', 'Vilas de Abrantes', 'Camacari', 'Ba', 0, '2018-02-06 22:26:38', 'Na contém 1 g', 'Vi curso na contém 1g', 'Sim', NULL, NULL, 3, 'Qualquer bairro', 1, 0, NULL, '1439537372', 'Salvador b', '2017-09-12', NULL, NULL),
(134, 'Jaqueline Dos Santos', 'jaqueline_tec_@hotmail.com', 'no_password', '15259604741', '7198655340', '71986553406', 1, '1994-01-12', '41250581', 'Alameda Jequitibá (Bsq Imperial)', 100, '', 'São Marcos ', 'Salvador', 'BA', 0, '2018-02-08 04:32:33', '', 'Fisioterapia cursando 6° SEMESTRE E MASSOTERAPIA', 'SIM', '', '', 3, 'TODOS', 1, 0, 'MPA-F6EC72E2C068', '1478911328', 'ssp', '2017-05-25', 'Miranda', '6965afb035bc4d3ea330383c1f752eca_v2'),
(113, 'DALVA DE OLIVEIRA QUEIROZ', 'dalvaqsantos@gmail.com', 'no_password', '02342872844', '7198878352', '71988783523', 1, '1963-01-22', '42704560', 'Rua São MartinsRUA ALMIRANTE TAMANDARE', 53, 'CASA', 'Vila Praiana', 'Lauro de Freitas', 'BA', 0, '2017-12-08 17:15:20', '', 'curso profissionalizante de massoterapia', 'tenho declaração, termino em março de 2018', '', '', 0, 'itapuan, Lauro de Freitas', 0, 0, 'MPA-70D625116647', '13723854', 'ssp', '2017-10-02', 'SANTOS', 'ffd64bc8e3e84391bad900ef32c01935_v2'),
(221, 'Josiane santos Andrade', 'morenaestrela2108@gmail.com', 'no_password', '83379819549', '71981055125', '71988332392', 1, '1982-08-21', '40470000', 'Voluntários da Pátria', 329, NULL, 'Lobato', 'Salvador', 'BA', 0, '2018-05-22 20:21:01', 'Lobato para mim mesma', 'Extensão de cílios, Micropgmentacão,Megarista', 'Sim', NULL, NULL, 3, NULL, 6, 1, 'MPA-AA74E24F968D', '0847062953', '01/03/2016', '0000-00-00', 'Andrade', 'a4e86b213fa1442889cdaca720b8d063_v2'),
(115, 'Vanessa Santos', 'vanessa.s.llima@hotmail.com', 'no_password', '05672781586', '7132333362', '71987295825', 1, '1993-07-14', '40350290', 'Rua José Falcão', 22, 'Travessa Ramos', 'Fazenda Grande do Retiro', 'Salvador', 'BA', 0, '2017-12-17 23:57:24', '', 'Sim', 'Sim', '', '', 0, 'Não tenho preferência.', 0, 0, 'MPA-A98C6733DE09', '1254717692', 'SSP', '2009-12-17', 'Lima', 'd65368ea1070443ab18493e1e09c19d7_v2'),
(116, 'Joselene Santos Do', 'joselene_n@hotmail.com', 'no_password', '80160069572', '7187016652', '71996411272', 1, '1980-05-24', '40243190', 'Rua Monte Belém do Meio', 2, 'Rest. D. Marilene', 'Engenho Velho de Brotas', 'Salvador', 'BA', 0, '2017-12-21 16:18:24', 'Depila zen, Instituto Elegance, Inssjt.', 'Sim possuo', 'Sim.', '', '', 0, 'Todos', 7, 0, 'MPA-0A7A5F55D47E', '0743615387', 'SSP', '2007-08-24', 'Nascimento', '7640c5e3dffe408d86d332c104912022_v2'),
(117, 'Monique Silva', 'msilvafigueiredo@gmail.com', 'no_password', '10456077707', '2126074533', '21994608013', 1, '1983-08-10', '24470280', 'Rua Paiva de Andrade', 12, 'Casa 4', 'Porto do Rosa ', 'São Gonçalo', 'RJ', 0, '2017-12-25 15:02:20', 'Salão Verônica EU e Ela.\nClínca Centromede.\nCentro comunitáro Conjunto da Marinha\nUnifisio', 'SIm.', 'SIm.', '', '', 0, 'Todos da minha região e adjacentes', 1, 0, 'MPA-8EDBACFF8C60', '20066389-6', 'Detro', '2007-02-27', 'Figueiredo', 'be3426f3ae37492095a4618f90f15b7f_v2'),
(118, 'TACILA B. DE', 'tacila.azevedo91@gmail.com', 'no_password', '02640071580', '7191301932', '71986877802', 1, '1991-07-14', '40155030', 'Rua Ranulfo de Oliveira', 48, '', 'Jardim Apipema', 'Salvador', 'BA', 0, '2018-01-03 13:24:18', 'Atendimento Domiciliar', 'Estudante de Fisioterapia em Andamento', 'Sim', '', '', 0, 'Jardim Apipema, Chame Chame, Barra, Graça, Campo Grande, Corredor da Vitoria, Ondina, Pituba, Garibaldi', 1, 0, 'MPA-836F955E6170', '1303907208', 'ssp', '2015-11-23', 'AZEVEDO', '7cf724e2121b417ebe5213d97e10dd10_v2'),
(119, 'Tamires Silva De', 'santanatamires_@outlook.com', 'no_password', '85915370500', '7193489765', '71993311495', 1, '1997-05-24', '41195210', 'Rua Edi Calazans', 7, 'Casa', 'Barreiras', 'Salvador', 'BA', 0, '2018-01-04 01:36:31', '', 'Curso de depilação', 'Sim', '', '', 0, 'Todos', 0, 0, 'MPA-88B9BE3863DA', '1524387690', 'Ssp', '2013-06-06', 'Santana', '8f8bf8de2ed44d25953e6d39beb56c82_v2'),
(219, 'Carine', 'carineaguerreiro@yahoo.com.br', 'no_password', '06719038532', '7133128634', '71993822982', 1, '1993-08-11', '40444300', 'da Galiléia de Cima', 166, 'Edifício laranja', 'Roma', 'Salvador', 'BA', 0, '2018-05-08 23:04:31', 'Apenas a domicílio', 'Sim', 'Sim', NULL, NULL, 3, NULL, 1, 0, 'MPA-0473728E97DB', '1479232637', 'SSA', '0000-00-00', 'Guerreiro', 'fe527b9fbc3946fda67f7057f954c3a8_v2'),
(220, 'Raiana', 'raianaoliveira87@gmail.com', 'no_password', '04345714583', '71987000043', '71987000043', 1, '1992-04-24', '41810815', 'Manoel Andrade (Lot P Ville)', 55, '410', 'Pituba ', 'Salvador', 'BA', 0, '2018-05-12 16:51:27', 'Studio Raiana Oliveira', 'Desing de sobrancelhas \nmicropigmentação de sobrancelhas', 'Sim', NULL, NULL, 3, NULL, 4, 0, 'MPA-3C02BAE92DE7', '1443259349', 'Ssp', '0000-00-00', 'Reis oliveira', 'b6ac04f7d70145309aad821f69e46f2b_v2'),
(122, 'Lais souza', 'lais_souza95@hotmail.com.br', 'no_password', '06633585586', '7133127782', '71993106568', 1, '1995-07-05', '40444000', 'Rua Henrique Dias', 61, '', 'Roma', 'Salvador', 'BA', 1, '2018-01-09 17:26:55', 'Clinica Esbelty, Novo Ser no aeroporto, eventos de massagem !', 'Formação em técnica em massoterapia pela Unime Lauro de Freitas !', 'Sim', '', '', 0, 'Pituba, Barra, stiep, paralela, toda orla de salvador, cidade baixa, itaigara, iguatemi, bela vista, Vitória, graca, toda região de Salvador', 4, 0, 'MPA-C59B7569F1D5', '1477586709', 'Ssp', '2014-12-28', 'Santos', 'ce9f38be2bf8441aaf14c5211d1e15b7_v2'),
(124, 'Sara Dos Santos', 'sarahiezy2@gmail.com', 'no_password', '02388013577', '7135212466', '71986380078', 1, '1986-10-06', '40760430', 'Rua Campo Franca', 22, '', 'Coutos', 'Salvador', 'BA', 1, '2018-01-18 00:31:47', 'Spa Harmonia,Bella Corpus e Rosa Alves.', 'ENSINO SUPERIOR COMPLETO EM ESTÉTICA E COSMÉTICA', 'SIM', '', '', 0, ',BARRA , ONDINA, RIO VERMELHO, GRAÇA, AV. PAULO VI, CAMINHO DAS ÁRVORES, RIBEIRA,CABULA,BARBALHO, NAZARÉ, CIDADE BAIXA: COMÉRCIO,ÁGUA DE MENINOS RIBEIRA , BONFIM, MARES, CALÇADA, URUGUAI, SUBÚRBIO FERROVIÁRIO:ESCADA, ITACARANHA, PLATAFORMA,PRAIA GRANDE,PERIPERI, COUTOS, PARIPE, BASE NAVAL .', 5, 1, 'MPA-C9D2EA1001F3', '955067480', 'SSP/BA', '2015-09-25', 'Conceição', '750d9797de754c409c8bdea83ca26d1e_v2'),
(125, 'Luciana', 'lucianasoares957@yahoo.com', 'no_password', '01961254565', '7186513263', '71982817637', 1, '1985-05-27', '40810714', 'Rua fé em Deus', 24, 'Ass 20 de novembro', 'Paripe', 'Salvador', 'Ba', 0, '2018-01-18 19:38:14', 'Por conta propria', 'Sim', 'Sim', '', '', 0, 'Todos de Salvador', 7, 0, 'MPA-6A8DAC406CFB', '0911163506', 'Ssp', '2017-03-31', 'Soares', '30d89477a5a443c99377b200254bd06b_v2'),
(126, 'Juliana Silva', 'juliana.sog@gmail.com', 'no_password', '04401168569', '7193470677', '71993470677', 1, '1989-06-17', '41615210', 'Rua das Acácias', 16, '', 'Alto do Coqueirinho', 'Salvador', 'BA', 1, '2018-01-21 12:45:05', 'Com penteado e maquiagem trabalho com uma equipe que atende a domicílio', 'Sim,de maquiagem e penteado', 'Sim', '', '', 0, 'Itapuã, Piatã,Pituacú,Jardim Armação,Costa Azul,Stiep,pituba,Ondina,Rio Vermelho,Barra...', 4, 0, 'MPA-7130E685F654', '1470338106', 'SSP', '2014-12-19', 'Oliveira', 'a80af882d64e41a18fcf06ac596cedda_v2'),
(127, 'Gabriele Bonfim', 'gabiele946@gmail.com', 'no_password', '04006618530', '7134601362', '71993361392', 1, '1995-11-30', '41100000', 'Rua Thomaz Gonzaga', 301, 'condominio sao judas tadeu', 'Pernambués', 'Salvador', 'BA', 1, '2018-01-23 22:02:17', 'salão imperial na ondina, salão nacional no imbui. e forneço meus serviços como autônoma em casas e hotéis de salvador', 'sim, de penteado e maquiagem , de spar pés e mãos, corte, e colorimetria.', 'possuo todos os certificados dessas áreas', '', '', 0, 'Qualquer bairro', 5, 0, 'MPA-31BB1B611858', '1143141520', 'estado da ', '2015-08-13', 'Oliveira', '741b9097b976428a9e99eb9faf7a4bed_v2'),
(128, 'Fernanda Santos', 'ffefeh@gmail.com', 'no_password', '06972542596', '7388127296', '73988127296', 1, '1998-05-07', '40230370', 'Rua Engenheiro Afonso Oliva', 1900, 'CONDOMINIO PARQUE SAO BRAZ', 'Federação', 'Salvador', 'BA', 0, '2018-01-24 15:17:43', '', 'Não', 'Não', '', '', 0, 'Federação, Ondina, Barra, Itaigara, Rio Vermelho, Graça, Campo Grande, Nazaré e Graça', 3, 0, 'MPA-567E344C8B01', '1386518921', 'SSP', '2016-10-20', 'Oliveira', 'ae1a39993488429f8c347972134b99e9_v2'),
(129, 'Angelica Hozana de França (Desativado)', 'angelica.hozana@gmail.com', 'no_password', '05256473506', '7134525651', '71991140550', 1, '1989-08-25', '41830620', 'Paradiso', 31, 'Ap 1203 ', 'Pituba', 'Salvador', 'BA', 0, '2018-01-29 19:33:07', 'Dou Aula atualmente na Escola de Maquiagem Pintura Make up e dei aula na Emebelleze e Projeta Cursos  ', 'Sim na Embeleze de Brotas e Curso de  especialização no pintura makeup e Curso de Especializaçao ', 'Sim 3 cursos', '', '', 3, 'n', 5, 1, 'MPA-2F6DB1CA2A6E', '1143277694', 'Sspba', '0000-00-00', 'Hozana', 'c0e9054ee575459ba336f64ace021a80_v2'),
(131, 'Rafael (teste)', 'rafael@fastsalon.com.br', 'no_password', '01597619566', '7133896443', '71992601094', 0, '1983-03-01', '41710790', 'Bombeiro Eliezer Alexandrino', 178, 'Ap 103', 'Boca do Rio', 'Salvador', 'BA', 1, '2018-01-29 21:07:04', 'Fast Salon', 'Não', 'Sim', '', '', 3, 'Barra Funda', 7, 0, 'MPA-F8AA808EEEF6', '07174584-07', 'Ssp/Ba', '0000-00-00', 'Neri', '20b8078949da4327adb3afb0f40c67a7_v2'),
(132, 'Roberto', 'roberto.tovazzi@hotmail.it', 'no_password', '86342262551', '71994141769', '71994141769', 0, '1988-08-11', '41950200', 'Capitão Aristeu', 10, '', 'Rio Vermelho', 'Salvador', 'BA', 1, '2018-02-05 13:49:00', 'Pousada La Capela, Arembepe, Camacari, Bahia\nAtendimento a Domicilio em varios condominios(Le Parc, Alphaville) ', 'certificado de curso em massagem relaxante\ncertificado de curso em massagem Californiana\ncertificado de curso em massagem Balinesa\ncertificado de curso em massagem Esportiva', 'Sim, possuo todos os certificado dos curso elencado acima ', '', '', 3, 'n', 4, 0, 'MPA-C58511801632', 'G147717-K', 'CGPI/DIREX', '0000-00-00', 'Tovazzi', '123dfd254062485fba0fb2504028761a_v2'),
(136, 'Carine Santos', 'carinesantos2907@gmail.com', 'no_password', '81724950568', '71986672621', '71988653263', 1, '1981-03-13', '41500660', 'Aliomar Baleeiro', 12, 'Apartamento 202 , bloco 18', 'São Cristóvão', 'Salvador', 'BA', 1, '2018-02-15 21:57:19', 'Instituto Beleza Natural', 'Sim! Cabeleireiro e Design Sombrancelha', 'Sim', '', '', 3, 'n', 7, 0, 'MPA-8FF07CFE107E', '862692679', 'Ssp', '0000-00-00', 'Santos', '7249b81930824d38b18227ec54d878c2_v2'),
(137, 'Adejane Oliveira (Desativado)', 'adejane.cruz@gmail.com', 'no_password', '82129533515', '7132127591', '71986269704', 1, '1981-07-16', '41253260', 'Antônio Carlos Magalhães', 299, 'Casa', 'São Marcos', 'Salvador', 'BA', 0, '2018-02-15 23:43:42', 'Pituba,Itaigara,São Rafael.', 'Sim', 'Nao', '', '', 3, 'São Rafael,Patamares,Paralela,Brotas,Pituba,Itaigara.', 7, 1, 'MPA-9AFBD8F21719', '989744248', 'Ssp', '0000-00-00', 'Oliveira ', '594b6ffdb5284a7e9f67200e7b46897a_v2'),
(138, 'Vanusa Calasans (Desativado)', 'vanutcal@hotmail.com', 'no_password', '71571256504', '7134313976', '71988424122', 1, '1971-04-01', '41110010', 'Renato Cincurá', 250, 'Casa', 'Pernambués', 'Salvador', 'BA', 0, '2018-02-16 03:26:49', 'Trabalhei mais como autonoma', 'Escovista\nManicure \nDepilador', 'Sim senac Aracaju', '', '', 3, 'n', 7, 0, 'MPA-6F4B4DA4564A', '351596267', 'Ssp ba', '0000-00-00', 'Caladans', '32bf64463a7e49c398e198d9bf6b8cc8_v2'),
(144, 'Taianne Calmon', 'taicalmon22@gmail.com', 'no_password', '02607318548', '71993544988', '71988966202', 1, '1987-08-19', '40230650', 'Miguel Lemos', 101, '', 'Federação ', 'Salvador', 'BA', 1, '2018-02-19 16:14:40', 'Trabalho a domicílio ', 'Sim', 'Sim', '', '', 3, '', 3, 0, 'MPA-D1313EA7A223', '1151750409', 'Ssp', '0000-00-00', 'Calmon ', '1c006a1226e84e96a2d7821f640dfdea_v2'),
(161, 'Simone', 'simoneandrade151@hotmail.com', 'no_password', '81089112572', '7287096826', '7188898871', 1, '1975-11-13', '40280056', 'Nova Brasília', 26, 'Igreja Brasil para cristo', 'Parque Bela Vista', 'Salvador', 'BA', 0, '2018-02-21 18:21:41', '', '', '', '', '', 3, 'n', 3, 0, 'MPA-2F22413F3904', '826354556', 'SspBa', '0000-00-00', 'Andrade', 'e214f966d3af4d61bec6fdade4445d65_v2'),
(162, 'Erica Souza (Desativado)', 'ericassouza@hotmail.com', 'no_password', '03566040550', '7132183430', '71985135695', 1, '1984-09-04', '40711320', 'Getúlio Vargas', 176, '', 'Alto da Terezinha', 'Salvador', 'BA', 0, '2018-02-21 19:04:22', 'Sempre trabalhei pra mim mesmo', 'nao', 'Nao', '', '', 3, 'm', 7, 0, 'MPA-1E12E4EA2ECE', '08.802.043-62', 'Ssp/Ba', '0000-00-00', 'silva souza', 'd3f6b9131f7340d8935c94ef14ec14cc_v2'),
(159, 'Ana Paula (Desativado)', 'paula-pedro2011@hotmail.com', 'no_password', '81357494572', '7198031193', '71981314957', 1, '1983-05-11', '41231315', '55 ', 80, 'Casa 80', 'Jardim Santo Inácio ', 'Salvador', 'BA', 0, '2018-02-21 16:57:01', 'Sim', 'Sim', 'Sim', '', '', 3, 'Cabula, Cajazeiras, Itapoan, Pituba, Barra, Ondina,e outros não tenho restrições de barrio.', 7, 1, 'MPA-FC37DFAE8F97', '08775969-13', 'SSP', '0000-00-00', 'Paula', 'adcace8299094404acc382cb56e79d69_v2'),
(154, 'Maria Aparecida Dias Da', 'm.aparecidac10@gmail.com', 'no_password', '64074757591', '7132306022', '71982002397', 1, '1972-11-10', '40471065', 'Josnes leste', 0, '7', 'Lobato', 'Salvador', 'BA', 0, '2018-02-20 19:54:06', 'Clinic, studio 4 etc', 'Sim', 'Sim', '', '', 3, 'Pituba, itaigara, barra, stiep, graça', 7, 1, 'MPA-266B5D9476F1', '0415330467', '02102009', '2009-10-02', 'Silva', 'f47e583fc44b4ec3ac791b8928bd593a_v2'),
(155, 'Rosangela Santos', 'rosangela_bahiana@hotmail.com', 'no_password', '81773609572', '7198266006', '71981643099', 1, '1983-06-18', '40275220', 'Rua Engenheiro José Anasoh', 54, 'casa', 'Campinas de Brotas', 'Salvador', 'BA', 0, '2018-02-20 21:18:02', 'em itapuan', 'sim cabeleiro e manicure', 'sim', '', '', 3, 'brotas', 1, 0, 'MPA-A3CE75652792', '08367490-06', 'sspba', '2016-08-10', 'Sousa', 'bbdb7193e2d4442a8d61ba1af5f271af_v2');
INSERT INTO `profissionais` (`idProfissional`, `nome`, `email`, `senha`, `cpf`, `telefone`, `celular`, `sexo`, `dataNascimento`, `cep`, `logradouro`, `numero`, `complemento`, `bairro`, `cidade`, `uf`, `ativo`, `dataCadastro`, `referencias`, `formacao`, `certificados`, `psEmail`, `psToken`, `nota`, `bairrosAtuacao`, `tempoProfissao`, `trabalhando`, `idMoip`, `rg`, `orgaoExpedidor`, `dataEmissao`, `sobrenome`, `access_token_moip`) VALUES
(156, 'Thaise Calmon', 'thaise.cor@gmail.com', 'no_password', '05448825559', '7130210132', '71993166144', 1, '1993-02-12', '40210341', 'Rua Caetano Moura', 86, 'Apto 204', 'Federação', 'Salvador', 'BA', 1, '2018-02-21 00:07:09', 'Já trabalhei em salões de beleza físico, trabalho com escova, selante, mexas, reconstrução, hidratações profundas, maquiagem, penteados.', 'Sim, fiz curso de caneleiro, varios workshops, convenções, curso de maquiagem, automaquiagem, penteado e etc..', 'Sim a maioria.', NULL, NULL, 3, 'Federação, Barra, Rio Vermelho, Pituba. Possuo veículo próprio e posso estender os bairros se necessário.', 7, 0, NULL, '1494920069', 'SSP', '2015-07-11', NULL, NULL),
(158, 'Patricia  Michele  De', 'micheleayesha@hotmail.com', 'no_password', '01875169954', '7133624661', '71991802260', 1, '1975-05-06', '40221225', 'Rua Santa Isabela', 100, 'Torre A APTO 2402', 'Engenho Velho da Federação', 'Salvador', 'BA', 0, '2018-02-21 15:21:02', 'Curitiba', 'Sou micropigmentadora de sombrancelhas, design  e alongamento de cílios', 'Micropigmentacao  de sombrancelhas', '', '', 3, 'Rio vermelho, itaigara, horto florestal, pituba, caminho das arvores e arredores', 7, 0, 'MPA-D27B2873BAC3', '1211729290', 'Ba', '2000-03-01', 'Souza', 'e851ab80b54a478a8298f35f14aebb40_v2'),
(160, 'Glasiele Gleice Da Paixão', 'bimba22k@hotmail.com', 'no_password', '05336157554', '7183050532', '71991110662', 1, '1991-05-13', '41295000', 'Rua Vinte e Quatro de Agosto', 49, '', 'Pirajá', 'Salvador', 'BA', 0, '2018-02-21 16:57:32', 'Trabalhei a domicílio em vários bairros e até cidades metrópolitanas tbm', 'Sim sou formada pelo instituto Embelleze', 'Possuo sim', '', '', 3, 'No momento sem preferências, com tanto  q não seja tão distante do bairro onde resido', 1, 0, 'MPA-3A2F20762CB8', '1322064040', 'Ssp Ba00', '2015-09-03', 'Lima', '7adf82c61f9749ac9e016f6aaebcd931_v2'),
(163, 'Lais alves Pereira', 'laizalvees@hotmail.com', 'no_password', '05448120504', '71988385486', '71988385486', 1, '1993-12-17', '40710410', 'Pedro Fonseca', 0, '', 'Escada', 'Salvador', 'BA', 0, '2018-02-21 21:39:14', 'Salao', 'Nao', 'N', '', '', 3, 'n', 6, 0, 'MPA-4EB0EAF6CC6B', '1405758473', 'Ssp', '0000-00-00', 'Alves', 'df4ed65ab922450ebeaead209d4d3240_v2'),
(164, 'Daiane Santos de Jesus (Desativação)', 'dai.sdj@hotmail.com', 'no_password', '06636002514', '71992129194', '71992129194', 1, '1994-06-28', '41100011', 'Nelson de Souza Sampaio', 59, 'Apartamento 004 ed59 cond.vivendas do Iguatemi ', 'Pernambués ', 'Salvador', 'BA', 0, '2018-02-21 22:57:49', 'No castelle para Edipo Oliveira ', 'Finalizando o curso de cabeleireiro profissional em maio.', 'Em maio concluirei o curso.', '', '', 3, 'Pituba, Iguatemi, Rio Vermelho, Barra, Ondina', 3, 1, 'MPA-A3FC6D50D715', '2001064497', 'Ssp', '0000-00-00', 'Santos de jesus ', '5998eecb5e5d40149109ed319165d5bf_v2'),
(167, 'Iara Thalita', 'thalita.adans@gnail.com', 'no_password', '01954749538', '71992579777', '71992579777', 1, '1987-06-21', '40800580', 'da Lua', 16, 'Casa Branca', 'Paripe', 'Salvador', 'BA', 0, '2018-02-24 23:48:11', 'Instituto Embelleze\nAutônoma', 'Maquiador profissional, designer de sobrancelhas, especialização em penteados', 'Sim. ', NULL, NULL, 3, NULL, 3, 0, 'MPA-1C1604CD54D1', '1007569484', 'SSP BA', '0000-00-00', 'Adans', 'b7103dd5c37e47b9b703b9055baff0d1_v2'),
(168, 'Kamyla', 'kamyla_nascimento@live.com', 'no_password', '86421788505', '7134014412', '71981223599', 1, '1998-06-14', '40715725', 'Serrinha', 0, 'Primeiro andar', 'Itacaranha', 'Salvador', 'BA', 0, '2018-02-25 12:47:42', NULL, 'Embelleze', 'Sim', NULL, NULL, 3, NULL, 1, 0, 'MPA-97125542F4F6', '1612692907', '20/11/2015', '0000-00-00', 'Lima', 'c558d26e772243529092bb9a481c6f92_v2'),
(169, 'Fernanda', 'nanda.laudano@gmail.com', 'no_password', '04771636532', '7132187381', '71987017282', 1, '1989-12-01', '40325000', 'Rua Brigadeiro Pessoa da Silva', 6, 'Casa', 'Liberdade', 'Salvador', 'BA', 0, '2018-02-25 20:54:20', '', 'Sim.', 'Sim', '', '', 3, 'Pituba, Itaigara, Barra, ondina, Horto florestal, Bonfim, Ribeira,Corredor da Vitória, Graça, Canela, Imbui.', 7, 1, 'MPA-A31E835CAB80', '1284290620', 'Ssp/ba', '2014-02-21', 'Laudano', 'b2713ce585344696b2467db081a79e0f_v2'),
(222, 'Cleomiran ', 'cleo_bomfim@yahoo.com', 'no_password', '43191606572', '71986052102', '71986052102', 1, '1970-05-17', '40470630', 'Afrânio Peixoto', 2237, 'Casa', 'Lobato', 'Salvador', 'BA', 0, '2018-05-24 16:15:14', NULL, 'Cabeleireira completo, depilação, colorimetria,design de sobrancelha e micropigmentação,...', 'Sim', NULL, NULL, 3, NULL, 7, 0, 'MPA-3DA367CE84A4', '0324175515', 'Ssp', '0000-00-00', 'Bomfim', 'c66eb3445684410e88bf82e9c72c782a_v2'),
(171, 'MARI CELIA BERNARDO', 'mariceliabernardo@hotmail.com', 'no_password', '97720496515', '7191318200', '71991373523', 1, '1978-07-24', '42800510', 'Favela Rodoviária', 350, 'RUA NOVA VITORIA', 'Centro', 'Camaçari', 'BA', 0, '2018-02-27 00:38:10', 'SALAO SOCILA CAMAÇARI', 'SIM', 'SIM', '', '', 3, 'REGIAO METROPOLITANA SE SALVADOR', 4, 0, 'MPA-F5F23EF5D0C7', '071261970', 'ssp ba', '2013-04-25', 'VIEIRA', '80af8458086c489d9b2cd4b4b39023b6_v2'),
(172, 'Laís Da Silva', 'laie_95@outlook.com', 'no_password', '06216576542', '7133981904', '71992431160', 1, '1995-04-30', '40718040', 'Rua David Ferreira da Silva', 219, 'Antes do cemitério', 'Plataforma', 'Salvador', 'BA', 0, '2018-02-27 05:15:33', 'Sempre autônoma', 'Especialização em penteado.\nCursos de maquiagem', 'Sim', '', '', 3, 'Área metropolitana de Salvador', 3, 0, 'MPA-DC7CB21A84B0', '1471787226', 'Ssp', '2013-06-03', 'Souza', 'b2c1b4a200ac4e019e7b3cd650843405_v2'),
(173, 'Patrícia Rodrigues De', 'patriciasouza1989@live.com', 'no_password', '04729894561', '7198640862', '71986408622', 1, '1989-04-30', '41706770', 'Rua Emiliano Galiza', 0, '', 'Boca do Rio', 'Salvador', 'BA', 0, '2018-02-27 15:42:53', 'Sou dona do Salão Patrícia Souza Beleza e Estética a 4 anos e trabalhava a domicílio antes', 'Sim', 'Sim', '', '', 3, 'Todos', 7, 1, 'MPA-EE7B678C8ED3', '1505218128', 'Ssp', '2007-05-27', 'Souza', '02f58d61a95f4f2695b5f89ce62dda5f_v2'),
(174, 'Gleice', 'gleicegsouzas@gmail.com', 'no_password', '85998691598', '71987238759', '71987238759', 1, '1994-11-29', '41290610', 'Visconde Pirajá', 64, NULL, 'Pirajá', 'Salvador', 'BA', 0, '2018-02-27 20:41:54', NULL, NULL, NULL, NULL, NULL, 3, NULL, 1, 0, 'MPA-8BD9B82DE5D3', '1609299892', 'Ssp', '0000-00-00', 'Souza', 'b7f22ea5b54e4d79817c5f933c0d974a_v2'),
(175, 'Juliana Brandão', 'juli_brand@hotmail.com', 'no_password', '01876946563', '71999709832', '71991599832', 1, '1984-03-20', '41710690', 'da Maçonaria', 0, 'N 11', 'Boca do Rio', 'Salvador', 'BA', 0, '2018-02-28 13:13:28', 'Espaço Novo Ser / Projeta Curses', 'Sim', 'Sim', NULL, NULL, 3, NULL, 7, 0, 'MPA-B9CB64C57BA3', '0918800170', 'SSP-BA', '0000-00-00', 'Santos', 'a08268aadb924829833043d8f63c2069_v2'),
(176, 'Tatiane', 'tatibispo2009@gmail.com', 'no_password', '22407398866', '11975906250', '11975906250', 1, '1981-11-19', '07272000', 'Bela Vista', 547, NULL, 'Jardim Leblon', 'Guarulhos', 'SP', 0, '2018-02-28 13:38:41', 'Meu salao e embelleze', 'Sim', 'Sim', NULL, NULL, 3, NULL, 4, 1, 'MPA-DC1F95281AC5', '300727537', 'Sp', '0000-00-00', 'Bispo', 'dab16f37f479455fa28d42a3bfa387f5_v2'),
(177, 'Larissa', 'laii-12@hotmail.com', 'no_password', '86119160507', '71988129100', '71991232561', 1, '1999-02-10', '41235005', 'Doutor Artur Gonzales', 0, NULL, 'Pau da Lima ', 'Salvador', 'BA', 0, '2018-03-01 12:29:47', 'Salão de beleza, escola de maquiagem', 'Maquiagem profissional, design de sobrancelha, penteados, especialização em noivas ', 'Sim', NULL, NULL, 3, NULL, 4, 0, 'MPA-586960649907', '1387958437', 'SSP', '0000-00-00', 'Oliveira', 'd3d59a5843d84f9fa6b2e19d09738d74_v2'),
(178, 'Mailane', 'maylane.costa@hotmail.com', 'no_password', '02877069583', '73991420824', '73988352735', 1, '1989-02-03', '45600530', 'Nossa Senhora das Graças', 85, NULL, 'Mangabinha', 'Itabuna', 'BA', 0, '2018-03-01 18:30:21', 'La luna', 'Sim', 'Sim', NULL, NULL, 3, NULL, 7, 1, 'MPA-005E500B935D', '1422147100', 'Rg', '0000-00-00', 'Souza', '1997da2e0e6f4b6d9b03ddbc1679c3fe_v2'),
(179, 'Gilzimere', 'merenobrega@hotmail.com', 'no_password', '08272769409', '84998314824', '84981392888', 1, '1990-06-18', '40110200', 'Doutor Clemente Ferreira', 122, 'Ap 201', 'Canela', 'Salvador', 'BA', 0, '2018-03-01 22:10:01', 'Aldineide paiva studio hair', 'Maquiador profissional \nDesign de sobrancelhas\nCabeleireiro profissional\nPenteados', 'Cabeleireiro \nMaquiador\nPenteado\nDesign de sobrancelha', NULL, NULL, 3, NULL, 4, 0, 'MPA-D12CF4FC617B', '3149734', 'ITEP', '0000-00-00', 'Nóbrega de Medeiros', '3207ac3e1b0343f79cf98de14eb799b7_v2'),
(180, 'Sabrina', 'sabrinamarinhodj@hotmail.com', 'no_password', '05341190696', '3134963575', '31982805443', 1, '1981-01-18', '31530302', 'Érico Veríssimo - de 2262 ao fim - lado par', 2818, 'Casa', 'Santa Mônica ', 'Belo Horizonte', 'MG', 0, '2018-03-03 13:01:31', 'Sim', 'Sim', 'Sim', NULL, NULL, 3, NULL, 4, 0, 'MPA-AA90AA0ACFC0', 'MG12001195', 'Ssp', '0000-00-00', 'Marinho', 'f16ff72746e2445391234c4f9f8e5e8e_v2'),
(181, 'Flavia', 'flavia.e.tati@hotmail.com', 'no_password', '92307108572', '71988538694', '71988538695', 1, '1976-09-27', '41342010', 'L', 0, 'Qd F bl 104 ap 204', 'Cajazeiras', 'Salvador', 'BA', 0, '2018-03-03 20:59:12', NULL, 'Sim', 'Sim', NULL, NULL, 3, NULL, 3, 0, 'MPA-1EF820496B70', '0669728411', 'SSPBA', '0000-00-00', 'Gomes', 'ebc159b27f64496fb2730f7c6d17aa12_v2'),
(182, 'naiana', 'naiana.santana18@gmail.com', 'no_password', '05357007500', '7188393122', '7193079228', 1, '1992-12-25', '41386680', 'Cleriston Andrade', 71, 'casa', 'Sete de Abril', 'Salvador', 'BA', 0, '2018-03-05 03:30:26', 'Pintura de mulher', 'sim', 'sim', NULL, NULL, 3, NULL, 2, 0, 'MPA-439F7416EA21', '1358681651', 'ssp', '0000-00-00', 'santana', '94aaa3b040074183aa6fb8b793821287_v2'),
(183, 'Joice Mendes dos Santos Santana  (Desativação)', 'joycemendys@gmail.com', 'no_password', '82454655500', '7192588076', '71988541215', 1, '1985-04-03', '40352580', 'Frei Dagoberto', 18, 'Primeiro andar', 'Fazenda Grande do Retiro', 'Salvador', 'BA', 0, '2018-03-05 11:05:01', 'Clinica de estética , empresas, atendimentos em domicílio ', 'Sim', 'Sim', '', '', 3, 'Barra, Graça,  Ondina, Pituba, Itaigara', 7, 0, 'MPA-BE51269DAB6E', '833392212', 'Ssp', '0000-00-00', 'Mendes ', 'd5db046334ec49159d6ec0b1a192656c_v2'),
(185, 'Bruna ', 'brunalailaclana@gmail.com', 'no_password', '12732187798', '2124356259', '21980279409', 1, '1989-03-25', '22730521', 'André Rocha', 521, NULL, 'Taquara', 'Rio de Janeiro', 'RJ', 0, '2018-03-07 02:53:11', 'Spa das sobrancelhas', 'Esteticista graduada', 'Sim', NULL, NULL, 3, NULL, 3, 1, 'MPA-232EDE01C3AC', '232900902', 'Detran', '0000-00-00', 'Laila', 'a3bd933952b14b25a94118e7ee8c9de7_v2'),
(186, 'Daniele', 'danipereira.2006@hotmail.com', 'no_password', '31365445879', '1137715498', '11977548714', 1, '1982-09-21', '05638010', 'General Cavalcanti de Albuquerque', 972, 'Casa', 'Jardim Londrina', 'São Paulo', 'SP', 0, '2018-03-08 14:14:14', 'Spa das Sobrancelhas', 'Sim', 'Sim', NULL, NULL, 3, NULL, 1, 1, 'MPA-3AC376C6A997', '436431245', 'SSD', '0000-00-00', 'Carvalho', 'c0e5b902bbad4c1aa3993c899d157c1c_v2'),
(187, 'Thayane ', 'ezthay@hotmail.com', 'no_password', '03545797546', '11963330912', '11963330912', 1, '1990-09-04', '06786500', 'José Rodrigues Filho', 136, NULL, 'Vila Indiana', 'Taboão da Serra', 'SP', 0, '2018-03-08 14:14:36', 'Spa das sobrancelhas', 'Sim designer micropigmentador depilacao e cabelereiro ', 'Sim', NULL, NULL, 3, NULL, 7, 1, 'MPA-960839E8A3CE', '584302', 'Ssp', '0000-00-00', 'Ribeiro', '3ee9b3fe5b83499fba40047e34de937f_v2'),
(188, 'Ana suze ', 'suzehair@hotmail.com', 'no_password', '06930741752', '2133137228', '21986493801', 1, '1977-03-25', '23066400', 'Altolândia', 340, 'Casa 01', 'Campo Grande', 'Rio de Janeiro', 'RJ', 0, '2018-03-09 15:33:22', 'Barra e recreio', 'Sim', 'Sim', NULL, NULL, 3, NULL, 7, 1, 'MPA-1806F9CF8FB7', '107386302', 'Detran', '0000-00-00', 'De paula', '0fc5bfcc6ba14e1c9bec2097ee7f57bb_v2'),
(189, 'Karina ', 'souzakarina5429@gmail.com', 'no_password', '37989446871', '1135343353', '11958491434', 1, '1989-02-19', '05350000', 'Escola Politécnica', 5351, 'Casa', 'Rio Pequeno', 'São Paulo', 'SP', 0, '2018-03-11 21:32:22', NULL, 'Manicure/pedicure (cursando)', 'Estou cursando ', NULL, NULL, 3, NULL, 0, 0, 'MPA-ED9B3D905847', '446530219', 'Ssp', '0000-00-00', 'Souza', '2d941b7add6a435e9ca4d6d30daec751_v2'),
(229, 'William', 'will.santana@outlook.com.br', 'no_password', '05087190545', '71986440481', '71991420083', 0, '1993-04-29', '41322220', 'Tancredo Neves', 3, 'Casa', 'Castelo Branco ', 'Salvador', 'BA', 0, '2018-06-15 14:25:05', NULL, 'Academy wahl ', 'Sim ', NULL, NULL, 3, NULL, 3, 1, 'MPA-6F05AFA30E4E', '1192520238', 'Ssp', '0000-00-00', 'Santana', '368e1083e8d74af8b0de9882a5c510f2_v2'),
(191, 'Rosana Maria Dos Santos', 'rousinha123@hotmail.com', 'no_password', '82301590500', '7132523118', '71986471299', 1, '1981-02-28', '42738785', 'Lucimar S Dias', 0, NULL, 'Itinga', 'Lauro de Freitas', 'BA', 0, '2018-03-13 18:58:25', 'Segredos Da Beleza\n', 'Unhas em Gel e Fibras de Vidro', NULL, NULL, NULL, 3, NULL, 7, 1, 'MPA-94A8BAB8CA02', '0672018225', 'SSP-BA', '0000-00-00', 'Rufino', 'fbed86d9b3f942909beb18d27845830f_v2'),
(192, 'Evelyn', 'evelynellensx@gmail.com', 'no_password', '05811470576', '7133715663', '71992688795', 1, '1991-10-24', '41710020', 'Lavínia Magalhães', 44, NULL, 'Boca do Rio', 'Salvador', 'BA', 0, '2018-03-20 22:32:39', 'Estagiei pela faculdade; Espaço Holambras de maneira autônoma', 'Sim. Sou graduada em Estética e Cosmética pela Unifacs, desde 2015', 'Sim . ', NULL, NULL, 3, NULL, 6, 0, 'MPA-7AFCBD1A7F9C', '1205046852', 'SSP-BA', '0000-00-00', 'Xavier', '505753315a13411489ca6e62f4ce9468_v2'),
(228, 'Felipe', 'felipe@fastsalon.com.br', 'no_password', '83917470500', '71993283782', '7194882382', 0, '1998-06-29', '40325650', 'Oriental', 90, 'Casa', 'Liberdade', 'Salvador', 'BA', 1, '2018-06-14 04:19:59', 'Nao', 'Som', 'Nao', NULL, NULL, 3, NULL, 7, 1, 'MPA-DDEFAC8DEEBC', '73837282', 'Ssp', '0000-00-00', 'Teste', '99bdb3f872464745a7316633b79e9138_v2'),
(194, 'Jaiane', 'roque.mesquita@yahoo.com', 'no_password', '06219075536', '71987151593', '71981732600', 1, '1994-04-19', '40410400', 'Barão da Vila da Barra', 227, NULL, 'Calçada', 'Salvador', 'BA', 0, '2018-03-27 00:53:48', 'Salao talento', 'Sim', NULL, NULL, NULL, 3, NULL, 3, 0, 'MPA-2D801986F888', '1531803903', 'Bahia', '0000-00-00', 'Souza', '56dcd75f15ed4a14815e1948418d46a3_v2'),
(195, 'Gêisa', 'geisasilvao@hotmail.com', 'no_password', '01697449573', '7133891109', '71992732556', 1, '1994-05-17', '40313460', 'Trasíbulo Ferraz', 54, 'Casa 1', 'Cidade Nova', 'Salvador', 'BA', 0, '2018-03-27 01:10:39', 'Wl posto centenário, cafeteria vilas gourmet, tokai express e orgânico comercial de alimentos.', 'Sim, mas não na área de beleza; possuo cursos de atendimento ao cliente, operadora de telemarketing, recepcionista, informática básica e auxiliar administrativo.', 'Sim de todos citados acima.', NULL, NULL, 3, NULL, 2, 0, 'MPA-93BFD70A68C6', '1275747515', 'SSP-BA', '0000-00-00', 'Da Silva Oliveira', 'cb10df5ac6974e6187af0bf359e4f839_v2'),
(227, 'Larissa', 'lariialmeida21@gmail.com', 'no_password', '05246503577', '7132380772', '7186350395', 1, '1997-05-09', '41342670', '5-E', 0, 'Em frente ao cerma ', 'Cajazeiras', 'Salvador', 'BA', 0, '2018-06-14 01:22:57', NULL, 'Instituto Mix De Profissões \nCurso: Maquiagem e Designer De Sobrancelhas ', NULL, NULL, NULL, 3, NULL, 0, 0, 'MPA-7ADC0ABED313', '1579750028', 'Bahia', '0000-00-00', 'Marinho', 'a41842594aef4aa386c66a2394b352ff_v2'),
(197, 'Naomi', 'naomininck11@gmail.con', 'no_password', '04209284564', '7130356801', '71992194870', 1, '1998-06-18', '40130030', 'Princesa Isabel', 0, '549 apt 102', 'Barra', 'Salvador', 'BA', 0, '2018-03-28 11:14:34', 'Freelancer', 'Sim', 'Sim', NULL, NULL, 3, NULL, 2, 0, 'MPA-53BB9E13277A', '40130030', 'Ssp', '0000-00-00', 'Ninck', '523b5bf7c0614450895c281d6c13cb95_v2'),
(223, 'Wanderléia', 'wanderteka@gmail.com', 'no_password', '02205281526', '7199366938', '71986982061', 1, '1984-07-05', '41250579', 'Bosque Imperial (Cond Bsq Imperial)', 0, 'Bl 31 APT 02', 'São Marcos ', 'Salvador', 'BA', 0, '2018-05-24 23:48:10', 'Salvador', 'Sim', 'Sim', NULL, NULL, 3, NULL, 7, 1, 'MPA-5E09E74794FB', '1308287267', 'Ssp ba', '0000-00-00', 'Souza santos', '0534565ec7a54d43b78734eae52d2ea0_v2'),
(199, 'Cintia ', 'cintiasilviahairstylist@gmail.com', 'no_password', '26551656838', '0000000000', '11980893002', 1, '1976-10-18', '01032010', 'Riskallah Jorge', 103, '85', 'Centro', 'São Paulo', 'SP', 0, '2018-04-03 00:48:59', 'Saloes e escola de cabeleireiro', 'Corte e xor', 'Colorimetria e corte', NULL, NULL, 3, NULL, 1, 0, 'MPA-9609A897DCE4', '308870839', 'SP', '0000-00-00', 'Pereira da Silva', '3f42de38d6c4481cb62022515aadffac_v2'),
(200, 'Gildete', 'pretagil7@hotmail.com', 'no_password', '22662283823', '11988041414', '11986266790', 1, '1983-10-20', '05884320', 'Eunice Soares da Cunha', 0, NULL, 'Jardim do Colégio', 'São Paulo', 'SP', 0, '2018-04-05 19:26:29', 'Soho itaim e jardim sul', 'Soho e teruya', 'Sim tambem sou micropigmentadora', NULL, NULL, 3, NULL, 1, 0, 'MPA-0944EBC425F7', '427849810', 'Ssp', '0000-00-00', 'Sikva', 'd01f36b2c3314886b1d4882fe82dce1b_v2'),
(201, 'Cleidiane', 'cleidianesilva95@hotmail.com', 'no_password', '86051231501', '7132320632', '71987989363', 1, '1995-09-05', '41207370', 'Agenor Matos', 46, '1 andar', 'Tancredo Neves', 'Salvador', 'BA', 0, '2018-04-06 11:05:11', NULL, 'Designer de sobrancelha no Instituto embelleze', NULL, NULL, NULL, 3, NULL, 0, 0, 'MPA-C327DF64220F', '1344514146', 'ssp', '0000-00-00', 'Silva', '3204c61e69b34971826ebbdbc5f49ba1_v2'),
(202, 'Juliana', 'julijferreira@gmail.com', 'no_password', '03339072566', '7134862331', '71999886313', 1, '1987-12-19', '40230320', 'Engenheiro Jaime Zaverucha', 1007, 'Conj 14, bl D, ap 102', 'Federação', 'Salvador', 'BA', 0, '2018-04-06 13:07:23', 'Autônoma', 'Não', 'Não', NULL, NULL, 3, NULL, 3, 0, 'MPA-D92362FA665B', '1137658193', 'SSP', '0000-00-00', 'Ferreira', 'e44c3a6722c4430ca486dc99cbeb35c3_v2'),
(203, 'Daniele', 'dani182@me.com', 'no_password', '02640275585', '7192494042', '71992494042', 1, '1986-02-19', '41830050', 'Octávio Mangabeira', 0, NULL, 'Pituba', 'Salvador', 'BA', 0, '2018-04-10 03:22:24', 'Resort Vale Suiço -Sul de Minas\n- Renascer Sp', 'Sim, \nMassagem relaxante, ayurvedica, drenagem linfatica', 'Sim ', NULL, NULL, 3, NULL, 4, 1, 'MPA-ABAD5102B627', '0929892410', 'Ssp Ba', '0000-00-00', 'Santos', 'dffe9ecf7ad24e9897bb91ac41b3cbf8_v2'),
(226, 'Mieiam', 'md57_sp@hotmail.com', 'no_password', '01878032852', '11962485797', '11962485797', 1, '1955-01-03', '04159120', 'Saúde', 40, NULL, 'Vila das Mercês', 'São Paulo', 'SP', 0, '2018-06-10 12:34:10', NULL, 'Sim drenagem linfatica e massagem redutora', 'Sim', NULL, NULL, 3, NULL, 7, 0, 'MPA-2FBCA8BF912C', '13214508-x', 'Sp', '0000-00-00', 'Marcondes', '8d9e4457ce43494394a0e623c53c5491_v2'),
(205, 'Patricia', 'paty.rod27@gmail.com', 'no_password', '36264477826', '1125694153', '11982213063', 1, '1988-04-16', '08081340', 'Chuva de Ouro', 136, 'Casa 5', 'Parque Paulistano', 'São Paulo', 'SP', 0, '2018-04-11 18:09:33', 'Salão especializado em cabelos loiros no Tatuapé', 'Sim especialização em cabelos loiros', 'Sim', NULL, NULL, 3, NULL, 7, 0, 'MPA-C4AA5C829812', '40708857x', 'Ssp', '0000-00-00', 'Rodrigues de Brito', '6e6144e738344fa99820a8f0a45b8ef3_v2'),
(206, 'Alberto ', 'alberto.cfilho1@gmail.com', 'no_password', '06656026508', '7532421527', '75982194708', 0, '1998-07-15', '40170720', 'do Jardim Zoológico', 104, NULL, 'Ondina', 'Salvador', 'BA', 0, '2018-04-11 19:42:21', 'Ala Masculina Barbearia', 'Curso de Barbeiro', '', NULL, NULL, 3, NULL, 0, 1, 'MPA-10FE6AE73933', '1441822208', 'SSPBA', '0000-00-00', 'Cerqueira', '76cabf3578584740af1d83e3d74f352b_v2'),
(207, 'Washington', 'bobyloste15@gmail.com', 'no_password', '85234834549', '71987335897', '71987335897', 0, '1994-02-26', '40830560', 'Acre', 0, NULL, 'Paripe', 'Salvador', 'BA', 0, '2018-04-16 19:40:27', 'Confraria da barba alphavile 1 \nBarbearia N7\nVivaz social barbeshoop\nEntre outras de bairros', '', 'Barbeiro', NULL, NULL, 3, NULL, 7, 1, 'MPA-EB7C80C6D847', '1428460071', 'Barbeiro-c', '0000-00-00', 'Santos', '8c99d7f30ad34f25962c153c6a6f1248_v2'),
(208, 'Silvana ', 'vannah_almeiida@hotmail.com', 'no_password', '85984246503', '7133981422', '71991174755', 1, '1997-11-30', '40711300', 'Coqueiral', 275, 'E', 'Alto da Terezinha', 'Salvador', 'BA', 0, '2018-04-21 18:17:36', 'São Cristóvão\nItapuã\nPlataforma\nParipe\nCampo grande\nSan Martin\nJoana Angélica', 'Curso de depilação no instituto Embelleze', 'Possuo', NULL, NULL, 3, NULL, 1, 0, 'MPA-1A763DF05AE3', '1371237360', 'SSP BA', '0000-00-00', 'Almeida', 'df06c454ed8a4a1e9d5a5eef57e3ecc9_v2'),
(209, 'VAL NASCIMENTO', 'walsinghamoliveir@gmail.com', 'no_password', '03044859506', '7192779355', '71986340355', 0, '1986-08-05', '40415060', 'Duarte da Costa', 84, 'Prox ao joia lanchonete', 'Bonfim', 'Salvador', 'BA', 1, '2018-04-22 18:28:48', 'Barbearia da hora ,barber boss , barbearia do denis , confraria da barba. Etc...', 'Sim', 'Sim', '', '', 3, 'K', 7, 1, 'MPA-982FD73DF8E0', '1123737711', 'Ssp.  Ba', '0000-00-00', 'Nascimento', 'e32c4f4b4d6145fd82c633fc0bb3fc71_v2'),
(210, 'Abraão', 'abraaoreis881@gmail.com', 'no_password', '04537370564', '71996485086', '71996485086', 0, '1988-02-10', '42700974', 'Boca da Mata, 03-B ', 1, 'Bairro', 'Portão ', 'Lauro de Freitas', 'BA', 0, '2018-04-23 18:31:31', 'Império Barbearia e vilas Barbearia..', NULL, NULL, NULL, NULL, 3, NULL, 7, 1, 'MPA-331B268F5EBA', '09121494', 'Ssp', '0000-00-00', 'Barbeiro', '2bf333b7494b42cc9fc2866621dd7ebd_v2'),
(224, 'Ana paula', 'anapaula_santos92@hotmail.com', 'no_password', '04770289502', '71987097323', '71996395118', 1, '1992-03-09', '40354122', 'dos Libertadores', 51, NULL, 'Fazenda Grande do Retiro', 'Salvador', 'BA', 0, '2018-05-25 13:47:50', 'Salao de beleza Novo Corte \n', 'Curso de manicure \nCurso de unhas de fibra de vidro\nCurso de escovista e aplicação de química. ', 'Sim', NULL, NULL, 3, NULL, 7, 1, 'MPA-90F81DB545C6', '1427232318', 'Ssp', '0000-00-00', 'SouzA', 'ae421490b518423eb70b6c5d5a0e73d3_v2'),
(212, 'Camila', 'ccamparelli@gmail.com', 'no_password', '38048083876', '1125347883', '11985169370', 1, '1990-05-18', '09790110', 'Fernando Ferrari', 287, NULL, 'Ferrazópolis', 'São Bernardo do Campo', 'SP', 0, '2018-04-26 03:37:01', 'Estudio da Sobrancelha, Estudio Mais', 'Sim', 'Sim', NULL, NULL, 3, NULL, 3, 0, 'MPA-4055AD4FA572', '46314837', 'Ssp', '0000-00-00', 'Camparelli', 'a5288996d0094feda57340003eb1bbdd_v2'),
(213, 'Calina', 'calinaligia2415@gmail.com', 'no_password', '02310150541', '71999980734', '71999283788', 1, '1987-09-04', '40250060', 'Baixa do Silva', 73, NULL, 'Cosme de Farias', 'Salvador', 'BA', 0, '2018-04-26 12:06:24', NULL, 'Não', 'Não', NULL, NULL, 3, NULL, 2, 1, 'MPA-11D72E6B34F4', '1209833972', 'Ssa', '0000-00-00', 'Santos', 'ea450a0dde764b0fa9cd45e865185032_v2'),
(214, 'Cinira', 'csuisso45@gmail.com', 'no_password', '11111609888', '11960825847', '11960825847', 1, '1971-03-13', '08485130', 'Dona Eloá do Valle Quadros', 0, '12c', 'Conjunto Habitacional Santa Etelvina II', 'São Paulo', 'SP', 0, '2018-04-29 16:47:25', 'Marcia Maria Santa Beleza Cibelle Coifeur', 'Manicure. Esmaltação em gel, alongamento de unhas', 'Sim', NULL, NULL, 3, NULL, 7, 0, 'MPA-0DD4DC920BD3', '207702111', 'Sspsp', '0000-00-00', 'Suisso', '89eeaf173ca4416796a450cf7621d1c0_v2'),
(216, 'Suzane', 'suzanetnsouza@gmail.com', 'no_password', '10923387722', '21990242842', '21990242842', 1, '1986-05-19', '24715412', 'Madeira de Freitas - até Quadra 81', 0, 'Lote 27 quadra 54', 'Jardim Catarina ', 'São Gonçalo', 'RJ', 0, '2018-05-02 17:30:48', NULL, NULL, NULL, NULL, NULL, 3, NULL, 1, 0, 'MPA-7920E35FC1B2', '216452573', 'Detran', '0000-00-00', 'Souza', 'bc5d89bb8a1e4c03a0b3338ab76b6104_v2'),
(225, 'Tarcisio', 'myllavisko@gmail.com', 'no_password', '86139503531', '71987558907', '71987558907', 0, '1995-08-25', '41635390', 'Beijupirá ', 0, 'Casa', 'Itapuã ', 'Salvador', 'BA', 0, '2018-05-26 14:57:22', NULL, 'Barbeiro Profissional', 'Sim', NULL, NULL, 3, NULL, 4, 1, 'MPA-26C83DCC2A1E', '1614910731', 'Ssp', '0000-00-00', 'Castro', '39bd0ffde24c442b9991b9314b3d455c_v2'),
(217, 'Margarida', 'magabaiana@hotmail.com', 'no_password', '46073493568', '7133663010', '71991344023', 1, '1968-10-28', '41260145', 'Mata Atlântica I (Cj M Atlântica I)', 62, 'bloci 26b apto 303', 'Canabrava ', 'Salvador', 'BA', 0, '2018-05-02 17:39:42', 'Fera Palace Hoteis\nComcoha Hotel Forcas Armadas\nClubes de Corridas\nAcademia Classica\nAcademia Well\nEventos', 's', 'sim', NULL, NULL, 3, NULL, 7, 0, 'MPA-6D09ACBF2229', '0268654166', 'Sspba', '0000-00-00', 'Maria do Nascimento', 'dfec1dfcba5f4cfea745a47633b6b72c_v2'),
(218, 'Suzane Brito Maia', 'suzanebm@gmail.com', 'no_password', '01504001524', '7132635497', '71992367938', 1, '1986-03-06', '40226590', 'Teixeira Mendes', 0, 'Avenida Rosa n44 casa 05 - Federação', 'Alto das Pombas', 'Salvador', 'BA', 0, '2018-05-04 00:39:56', 'Salão Nina, Espaço Performance, Socila, Nalva Maison e Spazziojardins', 'Cabeleira', 'Color Discovery L’ Oréal  Sobrancelhas, Workshop Lé Charme’s Profissional - Técnica de Merchas Surf Chic Platinada, Palestra: Em busca de Melhor Imagem e A imagem na Moda. ', NULL, NULL, 3, NULL, 4, 1, 'MPA-D646866CA707', '1201396344', 'SSP', '0000-00-00', 'Brito ', '834efd9953b34d6aa38f7f2e931d9596_v2'),
(238, 'Jéssica', 'jessica_miranda06@hotmail.com', 'no_password', '41228371890', '11968773859', '11968773859', 1, '1993-10-06', '06810005', 'João Paulo II - até 480 - lado par', 0, 'Casa', 'Parque Pirajussara ', 'Embu das Artes', 'SP', 0, '2018-07-20 23:52:04', 'Domicílio', 'Sim', 'Nao', NULL, NULL, 3, NULL, 6, 0, 'MPA-554C19C923FA', '392048632', 'Ssp', '0000-00-00', 'Miranda', '3616a4ec23be451b84fca0bc9ad8ccef_v2'),
(239, 'ELAINE', 'elainecsgobi@hotmail.com', 'no_password', '28960606855', '1131100025', '11966493311', 1, '1980-05-26', '09271050', 'Macedônia', 295, NULL, 'Parque Capuava', 'Santo André', 'SP', 0, '2018-07-22 18:19:58', 'Salão atitude, mas faço atendimentos domicílio e em meu espaço fixo em casa.', 'Sim, técnico em estética e cursando graduação em biomedicina', 'Sim possuo.', NULL, NULL, 3, NULL, 4, 0, 'MPA-593AB2C0525E', '304824203', 'SSP', '0000-00-00', 'Sgobi', '4fd0c93aedd545c6b8b43859c9423997_v2'),
(240, 'Nayara', 'nerisnayara22@hotmail.com', 'no_password', '05020898570', '7132141427', '71991406590', 1, '1992-04-29', '40386100', 'Josino Azevedo', 86, NULL, 'Boa Vista de São Caetano', 'Salvador', 'BA', 0, '2018-07-23 21:51:32', NULL, 'Curso em Depilação Profissional - Instituto Embelleze', 'Curso em Design de Sobrancelhas - Instituto Embelleze', NULL, NULL, 3, NULL, 3, 0, 'MPA-A22F03CDB1EC', '1203140290', 'SSP', '0000-00-00', 'Neris', '8a9aeefaef754b21935fcad39cb1eb1d_v2'),
(241, 'rafael', 'rafaelrodrigo03884@gmail.com', 'no_password', '83870229500', '71982738066', '71982738066', 0, '1986-09-06', '40315320', 'Formosa', 0, 'rotula do abacaxi', 'Cidade Nova', 'Salvador', 'BA', 0, '2018-07-25 02:01:17', 'Barber truck', 'SIM', 'SIM', NULL, NULL, 3, NULL, 2, 1, 'MPA-4BF682FE14A6', '0948355867', 'salvador', '0000-00-00', 'rodrigo', '02ae378050494d6aa201cfd42fe0ea6a_v2'),
(242, 'Yurica', 'yurica_yokho@hotmail.com', 'no_password', '01397337010', '5433126628', '54991798059', 1, '1990-02-23', '99010130', 'Benjamin Constant', 862, NULL, 'Centro', 'Passo Fundo', 'RS', 0, '2018-07-26 03:50:42', 'Já tive meu próprio salão por 13 anos. Agora estou no salão Duo por 7 meses.', 'Sim', 'Sim', NULL, NULL, 3, NULL, 7, 1, 'MPA-41B68C8B619A', '6086903983', 'Ssp', '0000-00-00', 'Paes', '668a569159344727bc6c64e64bbd7a0c_v2'),
(243, 'Adelito', 'adelito@gmail.com', 'no_password', '79263143587', '71992739507', '71992739507', 0, '1980-10-05', '40390000', 'Lafayete Coutinho', 18, NULL, 'São Caetano', 'Salvador', 'BA', 1, '2018-07-27 00:10:12', NULL, NULL, NULL, NULL, NULL, 3, NULL, 7, 0, 'MPA-14AAC77EC4FD', '0547720289', 'SAC', '0000-00-00', 'Silva', 'c5f9027d7d8e40638417b59453124d46_v2'),
(244, 'Aline', 'aline.belezaemcasa@gmail.com', 'no_password', '12946724875', '11947279128', '11947279128', 1, '1981-12-27', '09415320', 'Thomaz Palau (Ch Engenho da Serra)', 138, NULL, 'Represa ', 'Ribeirão Pires', 'SP', 0, '2018-07-30 11:35:59', 'Rede Jacques Janine por 16 anos', 'Todas as minjas especializacoes foram realizadas na academia Jacques Janine', 'Sim', NULL, NULL, 3, NULL, 7, 0, 'MPA-D823D4259E39', '352059849', 'Ssp', '0000-00-00', 'Serrano', 'faec6a5e063e49528db244d3037233d9_v2'),
(245, 'Amanda', 'doceesmalte@gmail.com', 'no_password', '01251187595', '71993254277', '71993254277', 1, '1985-07-02', '40220890', 'Mário Piva', 104, NULL, 'Engenho Velho da Federação', 'Salvador', 'BA', 0, '2018-08-02 00:12:35', NULL, '', NULL, NULL, NULL, 3, NULL, 7, 0, 'MPA-2101F0F3C921', '0887482007', 'Sspba', '0000-00-00', 'Menezes', '29184c5c9782443aae3f4a8e4d5a01d7_v2');

-- --------------------------------------------------------

--
-- Estrutura da tabela `profissionais_servicos`
--

CREATE TABLE `profissionais_servicos` (
  `id_profissional_servico` int(10) UNSIGNED NOT NULL,
  `idServico` int(10) UNSIGNED NOT NULL,
  `idProfissional` int(10) UNSIGNED NOT NULL
) ENGINE=MyISAM DEFAULT CHARSET=latin1;

--
-- Extraindo dados da tabela `profissionais_servicos`
--

INSERT INTO `profissionais_servicos` (`id_profissional_servico`, `idServico`, `idProfissional`) VALUES
(1657, 49, 223),
(2, 24, 1),
(1265, 37, 69),
(347, 39, 2),
(346, 36, 2),
(1266, 43, 6),
(9, 9, 3),
(10, 1, 3),
(1269, 37, 4),
(1268, 39, 4),
(1267, 36, 4),
(160, 1, 46),
(1155, 42, 167),
(157, 14, 46),
(156, 6, 46),
(173, 1, 52),
(1598, 41, 166),
(1614, 37, 43),
(1337, 45, 179),
(1319, 40, 24),
(42, 9, 12),
(38, 23, 9),
(43, 1, 12),
(1172, 37, 158),
(1510, 43, 14),
(298, 37, 39),
(1567, 37, 139),
(127, 9, 34),
(126, 8, 34),
(1158, 43, 167),
(1157, 45, 167),
(1156, 47, 167),
(297, 39, 39),
(296, 36, 39),
(58, 9, 17),
(59, 1, 17),
(1348, 45, 181),
(61, 6, 18),
(1509, 40, 20),
(979, 40, 142),
(65, 14, 21),
(285, 50, 40),
(1595, 41, 22),
(981, 39, 142),
(69, 11, 23),
(70, 12, 23),
(980, 36, 142),
(1527, 34, 15),
(1613, 39, 43),
(110, 29, 25),
(159, 9, 46),
(76, 3, 26),
(77, 11, 26),
(78, 12, 26),
(79, 10, 26),
(80, 8, 26),
(81, 9, 26),
(82, 1, 26),
(1532, 40, 38),
(85, 29, 27),
(87, 9, 27),
(88, 1, 27),
(120, 9, 28),
(284, 49, 40),
(93, 9, 29),
(94, 1, 29),
(1329, 42, 177),
(283, 47, 40),
(1264, 39, 69),
(132, 1, 36),
(131, 9, 36),
(1533, 40, 32),
(1171, 39, 158),
(1637, 45, 220),
(119, 8, 28),
(118, 29, 28),
(112, 9, 25),
(113, 1, 25),
(1173, 40, 168),
(395, 35, 79),
(1658, 50, 223),
(1300, 37, 176),
(165, 6, 50),
(166, 14, 50),
(1263, 36, 69),
(207, 10, 51),
(206, 12, 51),
(205, 11, 51),
(204, 4, 51),
(203, 29, 51),
(1645, 47, 222),
(175, 3, 53),
(176, 11, 53),
(177, 12, 53),
(178, 10, 53),
(179, 8, 53),
(180, 9, 53),
(181, 1, 53),
(451, 36, 91),
(259, 39, 56),
(258, 36, 56),
(1612, 36, 43),
(375, 39, 70),
(512, 47, 120),
(372, 39, 59),
(371, 36, 59),
(307, 43, 60),
(1170, 36, 158),
(306, 42, 60),
(1663, 36, 224),
(1662, 50, 224),
(1661, 49, 224),
(1660, 47, 224),
(452, 39, 91),
(310, 43, 63),
(309, 40, 63),
(312, 39, 63),
(235, 31, 64),
(313, 37, 63),
(237, 3, 65),
(238, 11, 65),
(239, 12, 65),
(240, 10, 65),
(241, 30, 65),
(242, 35, 65),
(243, 34, 65),
(1666, 61, 225),
(1665, 37, 224),
(1664, 39, 224),
(1659, 40, 224),
(1642, 37, 221),
(315, 42, 66),
(316, 47, 66),
(317, 45, 66),
(318, 49, 66),
(319, 50, 66),
(320, 48, 66),
(321, 43, 66),
(322, 41, 66),
(323, 44, 66),
(324, 35, 66),
(325, 34, 66),
(326, 36, 66),
(327, 39, 66),
(328, 37, 66),
(1046, 39, 155),
(368, 39, 67),
(367, 36, 67),
(366, 34, 67),
(365, 35, 67),
(364, 44, 67),
(1615, 41, 78),
(336, 42, 68),
(337, 47, 68),
(338, 45, 68),
(339, 44, 68),
(340, 35, 68),
(341, 34, 68),
(342, 36, 68),
(343, 39, 68),
(344, 37, 68),
(376, 37, 70),
(1345, 42, 71),
(1344, 40, 71),
(1617, 43, 148),
(1594, 43, 22),
(386, 39, 72),
(387, 37, 72),
(1654, 42, 223),
(1611, 37, 101),
(1621, 37, 93),
(1652, 41, 222),
(1655, 59, 223),
(396, 34, 79),
(982, 37, 142),
(1620, 39, 93),
(399, 36, 82),
(400, 39, 82),
(401, 37, 82),
(402, 43, 83),
(414, 37, 90),
(404, 39, 84),
(405, 37, 84),
(406, 43, 85),
(407, 43, 86),
(408, 43, 87),
(409, 47, 88),
(410, 54, 88),
(411, 49, 88),
(412, 50, 88),
(413, 48, 88),
(1593, 42, 22),
(418, 39, 89),
(419, 37, 89),
(422, 39, 92),
(423, 37, 92),
(1619, 36, 93),
(1146, 43, 94),
(426, 47, 95),
(427, 45, 95),
(428, 43, 95),
(429, 37, 96),
(430, 40, 97),
(431, 47, 97),
(432, 49, 97),
(433, 44, 98),
(434, 35, 98),
(435, 34, 98),
(978, 45, 141),
(437, 35, 99),
(438, 34, 99),
(440, 36, 100),
(441, 39, 100),
(442, 37, 100),
(1610, 39, 101),
(1609, 36, 101),
(457, 43, 103),
(458, 37, 104),
(459, 36, 105),
(460, 39, 105),
(461, 37, 105),
(1656, 45, 223),
(463, 35, 106),
(464, 34, 106),
(465, 34, 107),
(1127, 40, 165),
(467, 43, 109),
(468, 47, 110),
(469, 54, 110),
(470, 45, 110),
(471, 49, 110),
(472, 50, 110),
(473, 48, 110),
(932, 44, 134),
(475, 35, 111),
(476, 34, 111),
(931, 43, 133),
(478, 54, 112),
(479, 45, 112),
(480, 49, 112),
(481, 50, 112),
(482, 48, 112),
(483, 44, 112),
(484, 35, 112),
(485, 34, 112),
(1636, 43, 219),
(487, 34, 115),
(488, 40, 116),
(489, 42, 116),
(490, 47, 116),
(491, 54, 116),
(492, 45, 116),
(493, 49, 116),
(494, 50, 116),
(495, 48, 116),
(496, 43, 116),
(497, 41, 116),
(498, 44, 116),
(499, 35, 116),
(500, 34, 116),
(501, 44, 117),
(502, 35, 117),
(503, 34, 117),
(504, 35, 118),
(505, 34, 118),
(506, 47, 119),
(507, 54, 119),
(508, 45, 119),
(509, 49, 119),
(510, 50, 119),
(511, 48, 119),
(513, 54, 120),
(514, 45, 120),
(515, 49, 120),
(516, 50, 120),
(1635, 48, 219),
(1563, 34, 122),
(1562, 35, 122),
(1561, 44, 122),
(522, 41, 80),
(1009, 36, 147),
(1008, 40, 147),
(1576, 34, 124),
(1575, 35, 124),
(1574, 44, 124),
(529, 37, 125),
(967, 41, 126),
(966, 43, 126),
(965, 42, 126),
(1126, 41, 127),
(1125, 43, 127),
(1124, 42, 127),
(1123, 40, 127),
(537, 43, 128),
(1566, 39, 139),
(1565, 36, 139),
(1633, 35, 170),
(925, 39, 130),
(924, 36, 130),
(923, 48, 130),
(1336, 42, 179),
(922, 54, 130),
(1573, 34, 132),
(933, 34, 134),
(1335, 40, 179),
(1334, 43, 178),
(937, 40, 135),
(1641, 40, 221),
(974, 36, 140),
(1564, 40, 139),
(1369, 40, 136),
(1011, 37, 147),
(1632, 44, 170),
(1631, 41, 170),
(1191, 41, 169),
(1094, 37, 145),
(1056, 43, 144),
(1243, 43, 7),
(1572, 62, 132),
(1237, 40, 174),
(1616, 42, 148),
(1093, 39, 145),
(1092, 36, 145),
(1222, 41, 171),
(976, 37, 140),
(1014, 40, 149),
(1015, 47, 149),
(1016, 54, 149),
(1017, 45, 149),
(1018, 49, 149),
(1019, 50, 149),
(1020, 48, 149),
(1021, 37, 149),
(1618, 41, 148),
(1630, 43, 170),
(1629, 48, 170),
(1628, 50, 170),
(1627, 49, 170),
(1626, 45, 170),
(1625, 54, 170),
(1084, 37, 161),
(1031, 39, 152),
(1032, 37, 152),
(1333, 42, 178),
(1037, 39, 153),
(1036, 36, 153),
(1039, 54, 154),
(1045, 36, 155),
(1041, 40, 156),
(1042, 42, 156),
(1043, 43, 156),
(1044, 41, 156),
(1047, 37, 155),
(1048, 36, 157),
(1049, 39, 157),
(1050, 37, 157),
(1083, 39, 161),
(1082, 36, 161),
(1526, 35, 15),
(1347, 54, 181),
(1346, 47, 181),
(1332, 40, 178),
(1551, 37, 162),
(1550, 39, 162),
(1549, 36, 162),
(1331, 41, 177),
(1159, 41, 167),
(1597, 43, 166),
(1596, 42, 166),
(1066, 43, 160),
(1113, 37, 163),
(1112, 39, 163),
(1111, 36, 163),
(1571, 40, 164),
(1330, 43, 177),
(1514, 37, 131),
(1513, 39, 131),
(1512, 59, 131),
(1511, 61, 131),
(1525, 44, 15),
(1351, 48, 181),
(1350, 50, 181),
(1349, 49, 181),
(1624, 47, 170),
(1623, 42, 170),
(1622, 40, 170),
(1223, 41, 172),
(1524, 37, 13),
(1523, 39, 13),
(1522, 36, 13),
(1227, 40, 173),
(1242, 37, 146),
(1241, 39, 146),
(1240, 36, 146),
(1521, 48, 151),
(1520, 50, 151),
(1519, 49, 151),
(1518, 45, 151),
(1517, 54, 151),
(1516, 47, 151),
(1328, 40, 177),
(1515, 43, 129),
(1556, 37, 137),
(1555, 39, 137),
(1554, 36, 137),
(1646, 54, 222),
(1273, 44, 175),
(1274, 62, 175),
(1275, 35, 175),
(1276, 34, 175),
(1338, 43, 179),
(1339, 41, 179),
(1340, 44, 179),
(1341, 47, 180),
(1342, 45, 180),
(1343, 37, 180),
(1352, 43, 181),
(1353, 34, 181),
(1354, 43, 182),
(1429, 34, 192),
(1428, 37, 191),
(1427, 39, 191),
(1426, 36, 191),
(1431, 42, 193),
(1430, 40, 193),
(1536, 34, 123),
(1535, 35, 123),
(1534, 44, 123),
(1380, 41, 76),
(1379, 43, 76),
(1378, 42, 76),
(1560, 37, 159),
(1559, 39, 159),
(1558, 36, 159),
(1557, 40, 159),
(1387, 54, 185),
(1388, 45, 185),
(1389, 49, 185),
(1390, 50, 185),
(1391, 48, 185),
(1392, 41, 185),
(1393, 34, 185),
(1403, 45, 186),
(1404, 41, 186),
(1405, 40, 187),
(1406, 47, 187),
(1407, 54, 187),
(1408, 45, 187),
(1409, 49, 187),
(1410, 50, 187),
(1411, 48, 187),
(1412, 40, 188),
(1413, 42, 188),
(1414, 36, 189),
(1415, 39, 189),
(1416, 37, 189),
(1653, 40, 223),
(1418, 59, 190),
(1443, 45, 194),
(1444, 36, 194),
(1445, 39, 194),
(1446, 37, 194),
(1447, 40, 195),
(1448, 36, 195),
(1449, 39, 195),
(1450, 37, 195),
(1651, 43, 222),
(1452, 59, 196),
(1453, 40, 197),
(1454, 43, 197),
(1647, 45, 222),
(1456, 43, 198),
(1457, 40, 199),
(1458, 42, 199),
(1459, 43, 199),
(1460, 41, 199),
(1461, 40, 200),
(1462, 42, 200),
(1463, 47, 200),
(1464, 54, 200),
(1465, 45, 200),
(1466, 49, 200),
(1467, 50, 200),
(1468, 48, 200),
(1469, 41, 200),
(1470, 43, 201),
(1471, 40, 202),
(1472, 43, 202),
(1473, 44, 203),
(1474, 62, 203),
(1475, 35, 203),
(1476, 34, 203),
(1650, 48, 222),
(1478, 59, 204),
(1479, 40, 205),
(1480, 61, 206),
(1481, 59, 206),
(1482, 61, 207),
(1483, 59, 207),
(1484, 45, 207),
(1485, 49, 207),
(1486, 43, 207),
(1487, 47, 208),
(1488, 54, 208),
(1489, 45, 208),
(1490, 49, 208),
(1491, 50, 208),
(1492, 48, 208),
(1644, 42, 222),
(1643, 40, 222),
(1495, 61, 210),
(1496, 59, 210),
(1497, 45, 210),
(1648, 49, 222),
(1499, 59, 211),
(1500, 45, 211),
(1501, 45, 212),
(1502, 43, 212),
(1503, 36, 213),
(1504, 39, 213),
(1505, 37, 213),
(1506, 36, 214),
(1507, 39, 214),
(1508, 37, 214),
(1649, 50, 222),
(1578, 47, 215),
(1579, 54, 215),
(1580, 49, 215),
(1581, 50, 215),
(1582, 48, 215),
(1583, 44, 215),
(1584, 62, 215),
(1585, 35, 215),
(1586, 34, 215),
(1599, 36, 216),
(1600, 39, 216),
(1601, 37, 216),
(1602, 61, 217),
(1603, 44, 217),
(1604, 62, 217),
(1605, 34, 217),
(1606, 40, 218),
(1607, 42, 218),
(1608, 45, 218),
(1667, 59, 225),
(1668, 45, 225),
(1669, 44, 226),
(1670, 35, 226),
(1671, 40, 227),
(1672, 43, 227),
(1673, 40, 228),
(1674, 59, 229),
(1675, 42, 230),
(1676, 47, 230),
(1677, 54, 230),
(1678, 45, 230),
(1679, 49, 230),
(1680, 50, 230),
(1681, 48, 230),
(1682, 43, 230),
(1683, 41, 230),
(1684, 35, 230),
(1685, 34, 230),
(1686, 36, 230),
(1687, 39, 230),
(1688, 37, 230),
(1689, 40, 231),
(1690, 61, 209),
(1691, 59, 209),
(1692, 40, 232),
(1693, 42, 232),
(1694, 43, 232),
(1695, 41, 232),
(1696, 40, 233),
(1697, 47, 233),
(1698, 54, 233),
(1699, 45, 233),
(1700, 49, 233),
(1701, 50, 233),
(1702, 48, 233),
(1703, 36, 233),
(1704, 39, 233),
(1705, 37, 233),
(1706, 40, 234),
(1707, 43, 234),
(1708, 61, 235),
(1709, 59, 235),
(1710, 44, 236),
(1711, 35, 236),
(1712, 34, 236),
(1713, 36, 237),
(1714, 39, 237),
(1715, 37, 237),
(1716, 36, 238),
(1717, 39, 238),
(1718, 37, 238),
(1719, 47, 239),
(1720, 50, 239),
(1721, 44, 239),
(1722, 35, 239),
(1723, 47, 240),
(1724, 54, 240),
(1725, 45, 240),
(1726, 49, 240),
(1727, 50, 240),
(1728, 48, 240),
(1729, 35, 240),
(1730, 61, 241),
(1731, 59, 241),
(1732, 40, 242),
(1733, 42, 242),
(1734, 47, 242),
(1735, 45, 242),
(1736, 41, 242),
(1737, 36, 242),
(1738, 40, 243),
(1739, 42, 243),
(1740, 61, 243),
(1741, 59, 243),
(1742, 47, 243),
(1743, 54, 243),
(1744, 45, 243),
(1745, 49, 243),
(1746, 50, 243),
(1747, 48, 243),
(1748, 43, 243),
(1749, 41, 243),
(1750, 44, 243),
(1751, 62, 243),
(1752, 35, 243),
(1753, 34, 243),
(1754, 36, 243),
(1755, 39, 243),
(1756, 37, 243),
(1757, 40, 244),
(1758, 42, 244),
(1759, 45, 245),
(1760, 36, 245),
(1761, 39, 245),
(1762, 37, 245);

-- --------------------------------------------------------

--
-- Estrutura da tabela `profissional_device`
--

CREATE TABLE `profissional_device` (
  `idprofissionalDevice` int(10) UNSIGNED NOT NULL,
  `idProfissional` int(11) NOT NULL,
  `deviceUserId` varchar(255) DEFAULT NULL,
  `devicePushToken` varchar(255) DEFAULT NULL
) ENGINE=MyISAM DEFAULT CHARSET=latin1;

--
-- Extraindo dados da tabela `profissional_device`
--

INSERT INTO `profissional_device` (`idprofissionalDevice`, `idProfissional`, `deviceUserId`, `devicePushToken`) VALUES
(185, 40, '477205af-43ba-49fa-b70c-2ddfa0cc1ea4', 'cbc5e28a9d2b04f0a30aab50adbe82c7a42f9741e7502d44e9ead0ba22a6c72e'),
(186, 7, 'b279cace-c26d-44ae-96ad-e48011a246e7', 'APA91bGvFfUY6qWxy1eEel5JRLNZLd8F4q9BGw2dgK-K3PmHcjPIyuQNDYSg5d_TEsTPDOC4WpLCdNVtYuVTqmhrhC7lb2y5X03kj4BWMerqqVHPAF2OqEa9O2LgSZEp3XHFXO-xGLQg'),
(262, 6, 'e68ea422-c3ed-47dc-a2dc-073f41e53096', 'APA91bEycgHHoqGVgD5iPZH5n-tbnSXpbGhebztQmcl6goCfvgbgaF2znurwsThV4OvI0YkWmSN_ZDhEF1X4MqB_zwHHcpN7u9Ws89Qj4wCM10O0-oVCxSQRi1yQx5npB2aSGD5hvz2v'),
(188, 93, '8ba88f43-ea78-44da-87f5-8495f6268622', 'APA91bGlRONq2_fz2E-ZAXhojwyS3vvM3GNqavNcIn9PW3hrjzzbefmYkFyM5YUiKkZKEHMVuEN4ShDoOdLfhVbTPHkX5LAiHzu8RxMs-B0FZVB-5fGyQHPPtUO2y_ZqvGqW226-XbnM'),
(263, 24, '2c806d5a-f808-4307-8c7b-4248001dd973', 'APA91bEkXDtTxZqsLFYnLHgYRTz4w7oVK-DKszylPIjeCMu26YxSvc_Ei6vBjpVPcjlV1wz-7XQBk-zN6HboVYG5J-FzjquqbROqur4JpNeAgUZv4IPgA8FZOQbDhWVDsWRhGmui7d8u'),
(190, 94, '1f84d0cc-cb46-46cd-8d41-931030729b8c', 'APA91bEEKz6ESXkkejLL9AFqpKrA7EXXRqPzhPLSKr1IyOBsUhQRlCTpayK_0dPqcDA1zjc88jSk3YsEUJukgw4WJoHLzHPkI3lAszlLpuOHKailbIWmrYPdGuEEb0z-uEzv2aW6YyGK'),
(268, 62, '8912ec75-8cb4-4a62-b183-b1d4531fb758', 'APA91bGKDlmp31HhlmgPMD4e9DBdaQ-Nhk18eW1WHXLOdYr6s4M-cWWdi796zhCF8ZjiK7Pjufl5j-1ZThSBh8uKqOsEmPKCtD_kow5Ed18X0zR66Z3L1JY_Qv1B5gni7PmDx8r_EU2f'),
(257, 69, '5a4d916a-495b-4e33-b9ff-d2e9ea0adac6', 'APA91bF_C7UdAur9U2c5Ob0HGV0yJrXFNTRQkjEfYen6b-BNw2AJl5LaSu3zE7Z5uDyAhgdjpeSUF7NNM0DYU4CGkDyTXeLFFAsq2Yok7UJ6z0A-zwSQfyIXcG60LAH1QJ4-08U6DZrE'),
(193, 131, '477205af-43ba-49fa-b70c-2ddfa0cc1ea4', '8bd534db0cb4e9c9be19eb5b14d38d8c1a8c63599a81ac40592c6f53440a3052'),
(194, 130, '918ce05f-e33a-4a3a-8878-fad7abeb2df2', 'bb7467cd35c459c678a68292e09cd525f09a6a9f04d8514ef2b122b09d244ece'),
(195, 130, '918ce05f-e33a-4a3a-8878-fad7abeb2df2', '6e593bf5e8d40fe4c99f33e3a3f2fc126a4f0020334ce3dd6fd6fd670ea89275'),
(196, 131, '61d2bc94-1463-4379-ae04-b103b1f87d9f', ''),
(197, 130, '918ce05f-e33a-4a3a-8878-fad7abeb2df2', '0d9b7f7cd4884632679c51f01264ab63693831143ed3372ef95d4ba63a22141b'),
(198, 130, '918ce05f-e33a-4a3a-8878-fad7abeb2df2', '589ef355bd15d2cf40d8f895a00cc06057e2a0eeb4dc9cccd616d3b8f030154e'),
(199, 130, '918ce05f-e33a-4a3a-8878-fad7abeb2df2', '1c7ceedd00021e23b9a52818a845036d12dfe20cd7b55ddf33749995bdffc4ab'),
(200, 130, '918ce05f-e33a-4a3a-8878-fad7abeb2df2', '6ef47a3d58e937bf804078993a63f946470a4a215acc64f6103a46ad62b98316'),
(201, 130, '918ce05f-e33a-4a3a-8878-fad7abeb2df2', '9d823b51af2862d60ee94e48deb3ed8e68de2be145b6cd3811afce899db8e831'),
(202, 131, '477205af-43ba-49fa-b70c-2ddfa0cc1ea4', 'c95d306df3c58f7de8fc60a08574ed7c070e489c0e2f5f0af51df0e073781d8b'),
(203, 130, '918ce05f-e33a-4a3a-8878-fad7abeb2df2', '92b742a8701239f499013cf001dfe5160fec67a62711879088a79c883b2ea433'),
(306, 24, '2c806d5a-f808-4307-8c7b-4248001dd973', 'APA91bGO1D5BiR9KGqEnR2hn4Pk_w_R-6gOu2UbbJIhdyJUZheW1Wkju-trCI9k9T2Je7Uu9CC1bYuiB8y37GxS9L5vPIwJ1isdHv1UvJPEUH2TsxyAdbR7Bq_J_MzYdvAuCPdCjpSA3'),
(205, 131, '918ce05f-e33a-4a3a-8878-fad7abeb2df2', '0182d201c0250856eb7bd3b3dce5ab7ce9df2ec1d83d4046c49a8576326ee738'),
(206, 130, '918ce05f-e33a-4a3a-8878-fad7abeb2df2', 'f4d9968c77eb172e242c43ad5362970c0c79d3e2680e006120c46803552237c3'),
(207, 130, '918ce05f-e33a-4a3a-8878-fad7abeb2df2', '51b37c9bfd4e862083290bc66ad9fce9d4aed182827cd1008501093c0d6264fc'),
(208, 131, '918ce05f-e33a-4a3a-8878-fad7abeb2df2', 'f049517a1679ab3dc261b430ff98903fc2fe0562ee2164e35c8f79f56f72a8df'),
(209, 131, '918ce05f-e33a-4a3a-8878-fad7abeb2df2', '2235dc56680156b9c2415c51dde691d45ea709b5f2afc7267987ab0b475accf5'),
(210, 131, 'e8ef5234-7ac6-468d-9281-9b5442a205d8', ''),
(211, 131, '5cbf5f64-93b3-45b4-8816-3a64eee11e36', ''),
(212, 131, '918ce05f-e33a-4a3a-8878-fad7abeb2df2', 'fcac954bfce685b5aca10cafacc89e316cea86ccf2b0a78068f50d0cde812baf'),
(213, 131, '0f446b22-506b-4ee2-920e-0803e4b07e81', ''),
(214, 131, '918ce05f-e33a-4a3a-8878-fad7abeb2df2', '7336c014f17191387cf57253258a5d998d63ade2b90b3b69d89f535c093a790a'),
(215, 138, '4f8e1212-da4c-41f8-bbed-16f6b30f4093', 'APA91bEdCmzA7rwfVoFscxMMwEHw778cZIXKAaQ7RxbH6P2EsrBkMJfJ_tDKDGhoyIrqtVjo39oqJkHhQm4496U0sDD1qwn4RUY3DSTesjLmvtiTjY5ZKQun1giNuK-tKee9AxuzqEQi'),
(216, 131, '918ce05f-e33a-4a3a-8878-fad7abeb2df2', '911e020cacdc83cfefe2ea43451a7670174a5ffc46c1ea87ded15950ad414a28'),
(243, 136, 'd6a10053-2b7a-43c1-905e-520627f74ec2', 'APA91bGRwj9yiOg-9T8MWV8VoQxDpjSZWDusvVhO6XfiT6RdXlC8vamY228RXxX3VvRdYzot5XA6PKn2C8XYezb5j3vj2KPmXVQMIWH8_pFmqjiMMGdeNNkjSOQUNUf4rT0H4JuG2vuK'),
(218, 129, '4a52a324-3842-4da0-9456-afff7d6cbd80', 'APA91bEzzdE6V5i3sOd2EUWKXB8RbvSkBJFJJu0fvgBgSprneRDPh2YzngjOHWAzyayFtc_f6kkZYmbMHrG5y7PyebQciJaRhvVKZrygGj4tnUmlGztl_NOFm4cBXXj76PqWgyJ8cJ88'),
(246, 139, '4c939949-7a8b-4f44-91dc-b4126e799a41', 'APA91bEH6mgpkfloQTkrmtP0OigSTg8eJUZukW7S-FmjyGFBMF-eKxyQRo3CGhVQXemWDwHCUZr3fhWw07zMp2I_AP-87zeSvazr87tN3wmrkJcnV2-JixlaJzSgJo6DHXF4CV8rrJlf'),
(249, 151, 'acb4e0c3-5e9b-4848-9a1f-3a7ce09b90aa', 'APA91bEWjdg1ZCLq5rsNfsqVB_uzm7gUER03vMzDB6VRiLoP1rInxfQiYQ-sHtFD2tTotiqiBGuJ-kg5WD2JJj93hNMtZpL56PJvyugwBr7YGvUUQCsdlF9ZYBImSUeg_esrCtHZUF81'),
(237, 162, '11db0f8e-0709-4d1e-9851-12c8a2a7d822', 'APA91bHz8JbKAD29RTjLJF_prGiaNHk54QzIWSWNjseZNOv90xEoOXIy--dcprFtOrFJDv4fC1zc_-prv1-dusxr_BdR7PPZad31PsmpMPWaQb4o9qxD2ucZ1exlQSnq34v7JT50A-us'),
(240, 159, '12ce9da7-30c3-41ac-83a0-34f86bc1d5e7', 'APA91bFoVohAL6MkMByQ0P7btNmrzZKWM999dkuSA3bJRXjSoRanMgY6kSs35POg92qFiokBOH5NEUF-8IgSkUi1fNKtBq5B7Yn19ZQxSGrBeeQYK1jDnYMEUgAKyur6tqsl0_xK4WfZ'),
(228, 127, '4b86ad6d-e4b4-434b-9ab4-4e82829a049f', 'APA91bFmg-C_bHMOiIoMdt5ZchBcXLtoiG3kLjYp6xodKrN7tag661BRZX-iB0fqb2KTq3tZG3px_3Ay1LPjcgozG4mQfW7HuWox42jc1Ef56SZULdNxGDSOAe92zI6cyntIIpRMzjK6'),
(239, 146, 'ea1aa8f1-3932-41ec-9a60-4724cf0fa303', 'APA91bEPpx33EcWqhxF6JpCIol1s5UjMlftDhiZgmu_iQH7o-kg9zKkvNBBcOJI1yzQFAr5s8i7ox-egKv7Oho43Fb3js-vSt0AiBLgxhY5D2_AMNXUkEOHjfrXvc0j68ACXgQppebo2'),
(230, 130, '918ce05f-e33a-4a3a-8878-fad7abeb2df2', '24a01bb43ad4a3171778c84c815423654322bd40c6414d1850ca8859c2d01bfd'),
(335, 209, '541106ac-9ee6-4ca3-acfb-1655d00168d7', 'APA91bHlyrm7KAiiC6WKVfVdNRvUqmEfhSjoBwWQBTPszEbzYZ3p37nNYwXzFb3_YadMAIhLAn281gX2JwglhC4t6PQQCNNgHKoL4a4BHn8fdfylbkr6ltQBbhDbiKQSJQHR-uV0-X-e'),
(233, 132, '980b5346-3f11-4ece-abea-ab3fc748a8b4', 'APA91bEbiA6TI3AbD4_5BzrL7BjTX4WAqxrwLqirEVAERvRA03W5YdYfJR320we0Jelm8PNoqEjglcrxabOsbZcMMM-1eBNopQI_mqD9HcCO3UDT2qH-FuZFakDj-z9F-Dz6EongX-nz'),
(241, 166, '4cc34eb7-2ac6-416e-821f-81e4b62bbbd1', 'APA91bG9j8TUIwSt-ZMuaG-HnL8LczeIRZmeDYv64kmDtEetOGLHOauqqnU-fZdvcBiBqhkggxN0--Ysxiy3yaXRVGM83S8egGjEH3yHuXj8FNPGjSxqXdisuG5su515WhUjcOfvddri'),
(310, 124, '40a311a0-f42c-42d0-a8d3-4a50f81ac4cf', 'APA91bGEI78hQu3IhQXCuIlYfSwXEqetZUOKNY0ODGguGsX_f-VlYTmoHdrZv0kldEDj5UAKtyLAwbA1XmsOxLSBAmFcqF_UGoXcQtlOuQIrD37HkdgHToV74Nik3v-ByHF8dBeSqAch'),
(244, 6, 'e68ea422-c3ed-47dc-a2dc-073f41e53096', 'APA91bGMfzZey9C9vbI8reORpGtSAMzJjcgbRlkIGf9XB5AoQ7VJfJ8rlNtIwoOHK6cqU52R6nnXRZstsGmmeiv-0HrcQlHMUewDE1G3yYifcpHwM5tYJbPIWlf_pfI1U4TEGmA5qnNU'),
(247, 144, 'b7b2f1e7-d642-4770-ae9b-c574cdc6320e', 'APA91bGKp249JBMPoj5lNIfrK51KQ2WRCTE3EpuQ9-5YgDDPPR4lzcsQIrc7OSePdPY-265vnYXXbxLUWOT4ldEhOG4OIewFPUe9fwNcBzBSxIQJSdEfwESB9NE08DuedZjFtjg7FlHT'),
(307, 143, '265b5fc4-507d-42d5-8e13-0f8d9e476653', 'APA91bHNGkNDJTvZZO6Qsl0fBX7EwEn0pb8bHBcA49ax5Y1JzDHdJD-hI2Up9AdsiCDxRD24Ex1Q6NrbSMfyKdKEZSIKzWZL_BNBzlyZoStA2rTjQaejtPn_RlyA01tLuZbs3XeWFIP8'),
(251, 131, '8368d740-6d51-454b-a1d9-a653f8021ac9', 'c9890540746d05fd6b00be843a90035e657ee99b003a73e102f5b1e3be8f201a'),
(253, 122, 'c7ff5a2b-f0a6-4a02-b07d-3740ee636d65', 'a3699f549f1752edb9ac144495bfc3463789011f324f42bd16552e9c3760512d'),
(254, 126, '178a6c2e-c40b-41ca-a7d6-b4b33418b256', 'c514bdd3cb36838449f98391e587e24252cde476afdef4680cd7bb762bbb0abe'),
(255, 156, 'f9f0e6fc-8f62-4b89-8c56-a070efc2a470', '21eaee34afb268df5585ee79c5ad4cd125376134d1df2f4c5e6d4cc02b9b0589'),
(258, 131, '918ce05f-e33a-4a3a-8878-fad7abeb2df2', '1f7b673fb907291e6ff4db3ff2fdccaee50f0fac59758d023765ca6a0092df72'),
(259, 159, '7e13a3e3-211a-43fe-8601-cb3fa3685212', 'APA91bHEI2SCHohmMEPJL5toS6SRvzwBqWfpR9liqMklY94Wut2_GFapZHGsy84AZZl0vukl8FvPU2JC7wiS4q_NFSulP3JYOKzKaEFLCLUPCd0DgVAJ1IUvfcLnTAKT_QJyrKg-JLqv'),
(264, 159, '7e13a3e3-211a-43fe-8601-cb3fa3685212', 'APA91bGewtXBQ3MtWKlTzpDai7tUF3jWqGopwZtbeRl8gg-8G6qUNVbzcpSCuryoj8c_TlSppBeApSgFWNzwb7goic1L5bcO8ehVTc84qPgIJI_IeDLvwq_SZYAHnDQLu6_bV0a1IyGw'),
(265, 166, 'dced85c1-4d1f-4e76-8f06-2599bb86dcbe', '8806694c8b5c0411a0aa2e47dafc5623167797a5fcc0526fb51d1be36faf586f'),
(266, 144, 'b7b2f1e7-d642-4770-ae9b-c574cdc6320e', 'APA91bHIdl9Oh0TcqX-5SKMcBaMUGGcjbQTH2ktE3iQaLggCBW-fhvu2SekTecTmOMvSlOt1o_fjpr6PXFbMqfcS9q-UTVcnyGIDG8hX4EVDOl6P3-ez9AFtMHuq2Re_Pw7qrcB1Rlp7'),
(267, 159, '7e13a3e3-211a-43fe-8601-cb3fa3685212', 'APA91bFvjCCcvp6Z0gNmd2a_WOEcWM_Urlxd5SEt45VdCrTmSX8GsVKVpLT6iUJsa89dMiOcUEPeFI314TDbLjBxgdyfI28qaIenRy-V__L8tqtdyhmL7L2IAXj2gH3Aaz1ryam3AuXW'),
(272, 146, 'ea1aa8f1-3932-41ec-9a60-4724cf0fa303', 'APA91bEUrnwfPzHovXIVR4u-cl8MuJSHW29-qzGiwOJmCDr_ErWqH3gIJerzjAlPsPTAstU93mRhlibiafpPFxImFAMalrsRFdLwLlIQ8HRovBsvoygkJ_0efAePlYHCu7RSXdmKkX27'),
(273, 13, '96ec2453-2a62-4cba-bfcd-f749042815bd', 'APA91bEtBbjNFQhBvYr5HEIkQe5i2bqdkjTgX0MyPXJ04MeY-msKrp1l0qeZMU3cuTG_Mvn086DUctc5XsQlXVUg1ZXtEF1V4EnaGY47OmBkvxcrW5auoQOsJM06zEPGv3ptkM3io0jf'),
(274, 69, '5a4d916a-495b-4e33-b9ff-d2e9ea0adac6', 'APA91bEz8Kc1gxx-5AFqZD8RrJCkNYkMvojIDNYN5f7T2a0_KGFZKs1veGLu-cHOWVQrnjQmrRf0TNCYm6PYle9EcBkkeNI6DtDnSpeLE0qgE782-FJJmFJ5l3U-7rrPAegvAanh6mfA'),
(275, 6, 'e68ea422-c3ed-47dc-a2dc-073f41e53096', 'APA91bHV8bAd0ctiSgaF6dvk10ypWNTGfY8Kbl6mG1WSLoPNYk3JTWLPR2TQzFrMj_P7c-6-1TR1BMylaQL4oFXYJCgN6C-PnwKrBTuXfTRnGDED-TMaI4YkSC6KAixxo73VzIrD5KGo'),
(280, 71, '6a906ddf-d654-469a-9a46-a9131b968eff', 'APA91bG21YcqloCgPcdtpl-Pe56jJKKdzeONxO7UYvvurGzeiweInpHAtIoQepP9bme_Q98qIFqC1NguUQwm4PFe_m_QJxwF7z0vCBAmQGGHRlnfYd6D4ZQW6Nf234FMXreZcbgyuWZg'),
(278, 39, 'a6498bf9-446d-4aa9-ae35-4df5537720c2', 'APA91bGgoWairW6H-H5lAjoWpOA99zYk0f2-6HHc_nuLvYrquULT2KAOFCgSqtyv2Z-pnfrPYefZx_MyEXxwO-0_mPvNWOdJOQRgAuBQNNHGOizIh786CHdalhIdzA5K0UUIIsCWOiQr'),
(279, 24, '2c806d5a-f808-4307-8c7b-4248001dd973', 'APA91bE18RUKi0LLzznqERnNOCkWQz0Xw_mBkkjQ6Eoei5S7cuK9D85MwLb1tOTxEANFtiJWq5YuzHiJdeQxp_nA80irZjhCZGZMkr6Kj04EtRTAx6qJ10NmfrmnBtURMYvC2_4Tt8G0'),
(281, 71, '6a906ddf-d654-469a-9a46-a9131b968eff', 'APA91bE41MochX1Z0SzGgHZiXYfzaEBNcDbO0c_mKP6hLd9SJXJEsK3w1aEjb8gTgAlzOhf7aflbfKKpZz_zlZGePp5JoH7iT0crx7b_cxd0kIe7eHq4UOlks8if--WD40015dsV--qe'),
(282, 127, '1ded239a-3f44-4875-bef2-69e9d0032685', 'APA91bFVB5mhGKyJuwYAYmqqZHeRFh9og4hs-X5nbxqWLENODMGrRZtnQp1EBAuOYNYJcigNC3BPuhTQf1-EtezGkNslFMAOgAUgn0oocPUWJi2wgJQNNPXxPtO124dQYneyX-fZHgx9'),
(283, 123, 'fe44c3df-1dd3-4ce5-bc2b-0ab2022c4478', 'APA91bGe6v-RUhe_hKIk12CsKDNhlTQ5LCs68aWJ8rH50kDOak5p0srnzKX9u6F2OCqWU3zNgeeT7JovPi9QR5nwAJ3mSboqJQBk4Fc8YztgGDU4s9wdpEh4nQDGn9p06aaSZgdMWIel'),
(284, 127, 'b1d6d2a2-2493-471f-acfb-b99df69803e1', 'APA91bFCHmGrfK_JQYHjeyAWeper6Tsol1jJ7vldGnncXpl-AP5ZdXJ4usyICbh7bJy-GjCpb5yPnJ6xieeXqSouNSealUJyR_6KtwNe0hkjlhVJTgLWBWDG9jISuTp2ntnzLkdwVh2r'),
(285, 183, '401df655-dbd3-46ab-a71d-58396a28f630', 'APA91bHozlhlH4bp2mDenyjPk06TXjfj2s04kr-JRCDxfVfL4GpnjFSxjjITw52VKlfqJCbW5tU5D81WOaKskqGS3Kq3hfQdeRiitrMZb3jQTlJwQTuA05dYsW3XYA72J_tVRg9Oj23c'),
(287, 76, 'ff1b8ffa-96a3-4bdf-9645-95d806f7c7ab', 'APA91bGVu3NxAcwDadZ-xeUOAYxja-vD_4-MlNq-iiQ6iXIGnqiBBSbxF8wGeqmS2s6qAB4I8X6QRxNR5F04UNhoKxDSzTyz8QWa6ITd47-fmxkXCIBXEaTJrIDWQNvXUJIt-TaoOWy4'),
(288, 76, 'ff1b8ffa-96a3-4bdf-9645-95d806f7c7ab', 'APA91bGNRD2n4uMOf6hRXA4f3sxbboPCdLeCy3W9WCB63_MYxzM6GHBYYrVWAfqpKUmvpV3pzBxA3BspPgM2YW2eYN3k5wXQEBfeFYFZOO7m8_UlkVBH33wDggomixo8w7fhawXn4p-p'),
(289, 138, 'f15d1b7a-3a79-4a5a-b8ae-9525bf582a74', 'APA91bHo_nptrBcfgTpXfuCW44YuIOZB4GGojwb-z1NOHdi2ZBU9zTN_VLjLpht2_45a0zIadB47uMMo79Cp24HYXg79MFhuth1MtA5tcv5jhdIQfWdNZsfFID8qSVo_q1dS6CTuTFYw'),
(290, 159, '7e13a3e3-211a-43fe-8601-cb3fa3685212', 'APA91bFKVowsSTViAdXjSTsxzqporfUzPd085jH9_qjBZvgL2fZMQ2FTJd0eNzE0MZRzCVwTHA_FQpitFnw8-TLUdJ87HtADsvhBuQSgMAmBstkVHwNdHVefbGCNJlEjz4UNntdGCH00'),
(291, 4, '40e11c85-876f-4112-b9c4-4d6e421e000c', 'APA91bGG1mASmQXzZWekEXIvvyp1KqKdW30ZNLE1AXPZHZjQePxrvbRr--6ito_A1RjtPdQuG1W2oHLq60e3-8wOUd_TA355JbQc8pz-P9j830vVqZ9sY1cWP4P1vK3OaIVjS6F72lDA'),
(292, 131, '8368d740-6d51-454b-a1d9-a653f8021ac9', '5e7cd80fbacb38ee86599fca4d828c50fee2d1ab5bada75c52895d6d028025c0'),
(293, 159, '7e13a3e3-211a-43fe-8601-cb3fa3685212', 'APA91bGgk7KcQFnPa38ArUXtt7wCN4iKLzOXDyg-KG8ZY4Aub1A5SpgmZRKyjjJxSRrNkpXPCwpROu5yrJMx72YZbLnl9dMvIwDyVp9SDwwcxy0ZkkOBuqWFkZL5qWmczjdcaDtm2bKx'),
(296, 15, '82ebe39a-66eb-4164-9095-4c541e373e6f', 'APA91bEXnAS4qWkRG2C56KBFilUdrYiKyDVxJ7Tq8O8btGMqko8uWdCmm9PqtwDAdcGoE_Ls7udHzDbDJSlKuzPrMPRBZ_6lYPNIzxFmGqWt0i7tJDRathE_8JM-R1V0ZNn6BbLhzdcS'),
(297, 159, '7e13a3e3-211a-43fe-8601-cb3fa3685212', 'APA91bFLtuj_ZwxpBXcbl3yB4imdlWEsVkaVYbuAjND8_BctgmMrX381jmp0DkjcOy4HmqIfrRaYk_2qwuX9gMwdYV3x98sWZeuithZ_uXMdTSs4ci4Uc6ImCnl3HYN2rnN2o0d0aAv1'),
(298, 129, '4a52a324-3842-4da0-9456-afff7d6cbd80', 'APA91bGKbZPjWo4hz7DH0M0u4gXQ10VD5_KOAUSkJkdavJhDUT2taUexgWhhRL8EDfp3jcYEM8HeBhXMbMdKiuebAyGFR5s6Ghp5BI3DFe6zvTMqWhJMSHXiWJEAZ7mpNUGTFf-R-98b'),
(308, 76, 'e5937fb4-1500-48c3-9fda-f40f3c1f5d3e', 'APA91bFdRfJqBAk6AcFGU3w_IQP4YSuNauaPH3V4jM7IWZZgG4uEjFT5rjXCeAVwBgugq78sD0AH7xW6HPzn_QecpfJZ10WpdeCFcFVvl84hlqjPtyWNE9TMzn6Wgcy80wW6g4abyuNS'),
(300, 159, '09bebb22-5e54-4b06-9bbf-04b2335d0e4a', 'APA91bGCBtA_0BlFKkEv6Fj9wq5U54YaIpFMaKNm-Gu4NTdslDYyWE7c08phJy34U0xX_FDHD3iDVEiB09jmjxt0Vs1IT3ylZWqiLkZNEcjMzplzBTOY_KHj1QAuDeiZrZA706-EDX0v'),
(301, 132, '71274377-ed62-4416-8065-dd03d938baff', 'APA91bFfJ6xbb0Ik-U6SYrWVmydDHPPhf14YfPp8nBSmjGQnk3lwZRFLOO-X_bW0iptmAkql1l3iAXixfep3KEi9qBlTb9BTrhlbrVA9S9zWDDfdt59RQxKNgfb_AKkmiMS3Ttp_erqr'),
(302, 159, '09bebb22-5e54-4b06-9bbf-04b2335d0e4a', 'APA91bFJ_7YAJ8QXv8MvzI5yMq8DX1r27U91_MKtkkkg5_Qv8Xg7hMRuju6_dS5aJNnBGFbzGLq7QyoEu-u_bScYKwCaIRj0jz-f_PEitjfZlwWEKXbFI-sqdUwq0_pF_iknzIvudYNA'),
(303, 159, '09bebb22-5e54-4b06-9bbf-04b2335d0e4a', 'APA91bFxDNekJBr5VibR-o3cvMNxXvaCG1o1APSbX9x-0zBgAtmwi7QUzX2T03c8fKH-uC5whEvH65DK2YwEJqRC3V-VSDM66bCZOxf_ITFw_RilqDv0u2wPWtX_xRmSCgFEH6HQWEwk'),
(304, 71, '6a906ddf-d654-469a-9a46-a9131b968eff', 'APA91bGu_6_tHilidfW3gx_68EHFc1mN6_d5t6Wq-tDWho_Ned5x0_tzI4Y135dntLDhkWE8LMfTSg35KNMlc_2yzLjFDGl1jwjcaAWT8BbpmcpIn1gcqfiZSlUinSiforxkrBDumS61'),
(305, 159, '09bebb22-5e54-4b06-9bbf-04b2335d0e4a', 'APA91bHSx6AwitkLJxf-gCSaGa2yJgMdmBiADnAbOL5wj12qVF8wQHXs1rAJ9uoqwwCuLM3Et_E0qKdU7mETX5WIN6F_RpiC2D1EFsXmOmjxq8uRXWSvKa298JqRS6eXu9vd-SD7-svD'),
(311, 124, '40a311a0-f42c-42d0-a8d3-4a50f81ac4cf', 'APA91bGEI78hQu3IhQXCuIlYfSwXEqetZUOKNY0ODGguGsX_f-VlYTmoHdrZv0kldEDj5UAKtyLAwbA1XmsOxLSBAmFcqF_UGoXcQtlOuQIrD37HkdgHToV74Nik3v-ByHF8dBeSqAch'),
(312, 39, 'dc7e4a57-1935-4405-9dec-ef6d727b3267', 'APA91bGASppebxZ1Gb-SULOmiU08sgpnYr8akVCinB2vj3-1lCDf3m8morGNuUIZa9c04PJCgYoeH_Q5kvpLTD8kSBJGRcpCpgBuNzaBW2ZJS6SNKD_NHefzuQb3rlvhbww5S1jsoZcb'),
(313, 62, 'c1be0328-e05f-4ecd-bdba-5d1f51fe18d9', 'APA91bHGxS8YH6lYY-0O67VfGG5h4gB9uGF1dAQh6omzRqQBJqD4XVUPk6iYQo74P_Isp3aXPZNnDna5zWXFtNDq_8v84Asi_2ELzooEGqTvCyRS3Tc4W3rgEK9pPf-jtSs-cxxv9S6A'),
(314, 39, 'dc7e4a57-1935-4405-9dec-ef6d727b3267', 'APA91bGASppebxZ1Gb-SULOmiU08sgpnYr8akVCinB2vj3-1lCDf3m8morGNuUIZa9c04PJCgYoeH_Q5kvpLTD8kSBJGRcpCpgBuNzaBW2ZJS6SNKD_NHefzuQb3rlvhbww5S1jsoZcb'),
(316, 124, '40a311a0-f42c-42d0-a8d3-4a50f81ac4cf', 'APA91bGEI78hQu3IhQXCuIlYfSwXEqetZUOKNY0ODGguGsX_f-VlYTmoHdrZv0kldEDj5UAKtyLAwbA1XmsOxLSBAmFcqF_UGoXcQtlOuQIrD37HkdgHToV74Nik3v-ByHF8dBeSqAch'),
(318, 139, '97915728-7da1-44d9-a84b-c9fb424299ab', 'APA91bH37LmkdvQnEJsQ5zBcG1reRHRCsJ5t4BDSo4jlvhAfhIWScNRCuhg3ov0-5RI7aDed8C9w4R-vCceR1FsYXwaBR1fo8ubUyDZ6Z9WmJvRcCf8hMIJfN32z9iGW3vVQOa5vtPy7'),
(319, 124, '40a311a0-f42c-42d0-a8d3-4a50f81ac4cf', 'APA91bGEI78hQu3IhQXCuIlYfSwXEqetZUOKNY0ODGguGsX_f-VlYTmoHdrZv0kldEDj5UAKtyLAwbA1XmsOxLSBAmFcqF_UGoXcQtlOuQIrD37HkdgHToV74Nik3v-ByHF8dBeSqAch'),
(320, 139, '4c939949-7a8b-4f44-91dc-b4126e799a41', 'APA91bH4MRtW1JlqFgpb6RlZYMWp9cMiMdnEOX__kiBZjyhi4aZr7PTRgHBYcswlgvfD0innvKS_jbAdozmp7SXz2y8_nczyLNZ8ld-2D4yYosur2LuBFd2bzFc6y4AGhdafa-IcQKtF'),
(321, 131, 'cba7ff98-e27c-4428-99d7-727bbf29b858', 'APA91bEsbXcYaN0IcB6kxgbfcyhvI0hjXLlkUeUzdaprdWeHmRHKJ7ty6He5GRLPTv4DVCJhBhC8HnYvClezLyAU5eRucBz5ZqufShkQ8WnqQd0y9no-3JlAEHAVGhKP7xSBP-Bb9Qgf'),
(324, 209, '0b25904a-f4f5-419b-86d6-c6f0bf368a8c', 'APA91bGEsWKVVAnlNyZOrNfhG1BrcYNYBXORLeZrAiz5lakISdkM291rUOVJMIwtiATVCMFt5qzfwofuGztaJp0xKiP8Tq9HIBnB3FIrR10hnndw4FfRhAzza_N_0bXtMHzp9ACN2Xam'),
(327, 131, 'cba7ff98-e27c-4428-99d7-727bbf29b858', 'APA91bEn6GAH6H2d1N23kOZBQ-_g0hrPqGakwWiOagdKvbczFTnP2Kwbxkxcf-9enZ1NjWgJ6zddSjRbucaUq8pLygBoFpXeZbNlV0GH8boKOyg5pqEo8Rk9rJIbSkP7KGFwY_xzCOgV'),
(332, 7, 'b279cace-c26d-44ae-96ad-e48011a246e7', 'APA91bHDYbBuwNYKXkyWeGWxwnyue4gfUIzU85xGD3wam4fNoY1-75ihR_h3zu0O9Ss4ghLnRijDPbE3gc2AOKWkw7i57pw72Zp9GA8pgnFXN-YE8dIg38WALLmXPOzjlp-aApDsDRs0'),
(329, 228, '918ce05f-e33a-4a3a-8878-fad7abeb2df2', 'bb43b97d817ef49a2e66d2119fd8407db82c98fd83e9762268aa79d9f788fa88'),
(330, 228, '4e45001c-cee5-4861-8c75-0d7b102410a2', 'APA91bEnpFrysrTMVwRT-1gsTgypIJiT6Jsq1rOpCCVNYlxh4lD_uaApyM124RPIaVsBIf8IsyVI6SgGJQ8hZyUlKvDhS--LtZKKOgf1g1ffRSNf-RtVbKYwbLWlymt1ah9o4nchRTEx'),
(333, 127, 'cf1f3771-a662-4a40-a97d-d754b2b0dbe2', 'APA91bG5mehY-hGtiJjQue60hoBDno2mjUIWjgSpmTlRNEGc0Z2HybwIU3VS8ZQO6b8NzvZhlq6MOgDI_p9abXs9p7QOI8wxRyU_1TqVkba5zly14lsrny5pfgLr_pj1ARhBleo2dfS3'),
(336, 209, '4ae0dab9-9c05-4b42-bb6e-aa68bf3981e0', 'APA91bGl5suOspc7iuaK-AUSlT8nM18dbo-2nCHjvk8o-qCl7oO2rI-6Isd6pilDZp9nMXfcK98yoyXOknyy5WhMVPeVYuCMKzo1xhbMhoLDDqQ_IuBS5Pdu1Ur6k6PoSfAsS2tExjMa'),
(337, 8, '92d215a4-cf0f-43b7-b137-6912f942384a', 'APA91bHbBRs4wtgz0JM7Ifno8YkpCqn-3VPm6QEPhlITq1Kx3-ab7uIbMefymGhhUpmGmp1epOkoncDAWDHZ3aNKeAVWKrHGmv62vqycDXF8iL0NkBwfih7S-tr5dx4jj5gvWy7W1uFC'),
(339, 62, '3e5186b0-dcfa-43a2-93a2-3728231e13f4', 'APA91bHwxDrgI9uoAgxOGuYzxIRT3Pj24GKaGEZnoh7Is2lFuICBGPsix85wRbmPEmg2xZwyaa4_QrajziAqwWcnZL0-O_DXFECkIM_1BjGRm1U2T8SOCi9FX1nPfziz0tdVusws7Nzj'),
(340, 6, '93c05ef0-f35a-4488-81a5-c6a7237eee80', 'APA91bFOnRUPC2Vta2uhDErnlrWKH0aQwfzXqENdlnVk3p8QUJu-ssL79z0l3cNekpnqSgm0xeUHW_1WadDprmiONpZz0DBeCIuLq2BUZEz_M_3v75yeUTMb6deH3on4kJv9DXnjGzwJ'),
(341, 228, 'cc4ffc72-fab5-45b2-8bec-534b4667216a', 'c9c4ed2dbbd35d8fa5a8eff7a4dd2071b7a97d2f1de58bebab1cc70e4033fda0');

-- --------------------------------------------------------

--
-- Estrutura da tabela `servicos`
--

CREATE TABLE `servicos` (
  `idServico` int(10) UNSIGNED NOT NULL,
  `idCategoria` int(10) UNSIGNED NOT NULL,
  `servico` varchar(50) DEFAULT NULL,
  `ativo` tinyint(1) DEFAULT '1',
  `valor` decimal(10,2) DEFAULT NULL,
  `tempo` int(5) DEFAULT '60',
  `descricao` text,
  `capa` varchar(250) CHARACTER SET utf8 COLLATE utf8_unicode_ci DEFAULT NULL
) ENGINE=MyISAM DEFAULT CHARSET=latin1;

--
-- Extraindo dados da tabela `servicos`
--

INSERT INTO `servicos` (`idServico`, `idCategoria`, `servico`, `ativo`, `valor`, `tempo`, `descricao`, `capa`) VALUES
(54, 2, 'Completo', 1, '160.00', 60, 'Inclui a depilação com cera quente das axilas, buço, virilha, pernas e limpeza de sobrancelhas com pinça. Duração: 1 á 2 horas.', 'http://fastsalon.com.br/storage/20180130/30012018_DepilacaoCompleta.jpg'),
(48, 2, 'Virilha', 1, '59.90', 50, 'Remoção com cera quente dos pelos da virilha e região do ânus. \nDuração: 40 minutos a 1 hora.', 'http://fastsalon.com.br/storage/20180130/30012018_DepilacaoVirilha.jpg'),
(44, 16, 'Drenagem Linfática', 1, '149.90', 60, 'A Drenagem Linfática é manual e leve, que auxilia no processo de eliminação de liquidos, diminuição de inchaços, melhora do aspecto de celulite e do sistema imunológico. Duração 1hora.', 'http://fastsalon.com.br/storage/20180225/25022018_massagemlinftica.jpg'),
(36, 1, 'Mãos', 1, '34.90', 30, 'O serviço inclui remoção do esmalte, corte, cutilagem e esmaltação das mãos. Nossos profissionais utilizam materiais descartáveis e esterilizados em autoclave. Duração do serviço: 30min á 1h.', 'http://fastsalon.com.br/storage/20180129/29012018_28112017Maos.jpg'),
(45, 2, 'Limpeza de sobrancelha', 1, '34.90', 30, 'Remoção do excesso de pelos das sobrancelhas, com pinça, sem modificar o desenho natural. Duração do serviço: 30 minutos', 'http://fastsalon.com.br/storage/20180130/30012018_DepilacaoSobrancelha.jpg'),
(42, 8, 'Penteado', 1, '149.90', 50, 'O serviço inclui secagem, escova, chapinha, baby lis e penteado escolhido pelo cliente. Para facilitar o atendimento, por favor aguarde nossos artistas com o cabelo levemente seco. Duração: 45 minutos á 1 hora.', 'http://fastsalon.com.br/storage/20180211/11022018_CabelosPenteado.jpg'),
(41, 4, 'Maquiagem & Penteado', 1, '299.90', 120, 'Pacote com serviço de maquiagem (inclui aplicação de cílios), e penteado ou escova, chapinha, baby liss. Duração de 1 á 2horas.', 'http://fastsalon.com.br/storage/20180211/11022018_MaquiagemMaquiagemPenteado.jpg'),
(40, 8, 'Escovação & Prancha', 1, '49.90', 60, 'O serviço inclui secagem, escova e chapinha. Para facilitar o atendimento, por favor aguarde nossos artistas com o cabelo levemente seco. Duração: 45 minutos á 1 hora.', 'http://fastsalon.com.br/storage/20180211/11022018_CabelosEscova.jpg'),
(37, 1, 'Pés e Mãos', 1, '44.90', 60, 'O serviço inclui remoção do esmalte, corte, cutilagem e esmaltação dos pés e das mãos. Nossos profissionais utilizam materiais descartáveis e esterilizados em autoclave.  Duração de serviço: 1 a 2 horas.', 'http://fastsalon.com.br/storage/20180127/27012018_28112017PesMaos.jpg'),
(39, 1, 'Pés', 1, '34.90', 30, 'O serviço inclui remoção do esmalte, corte, cutilagem e esmaltação dos pés. Nossos profissionais utilizam materiais descartáveis e esterilizados em autoclave. Duração de serviço: 30min á 1h.', 'http://fastsalon.com.br/storage/20180127/27012018_28112017Pes.jpg'),
(49, 2, 'Meia Perna', 1, '38.90', 30, 'Remoção com cera quente dos pelos da coxa ou da canela com cera quente. Duração do serviço: 30 minutos .', 'http://fastsalon.com.br/storage/20180130/30012018_DepilacaoMeiaPerna.jpg'),
(50, 2, 'Perna Inteira', 1, '49.90', 60, 'Remoção com cera quente dos pelos de toda a perna com a cera quente.  \nDuração do serviço: 45 minutos a 1 hora.', 'http://fastsalon.com.br/storage/20180130/30012018_DepilacaoPernaInteira.jpg'),
(47, 2, 'Axilas e Buço', 1, '38.90', 40, 'Remoção de pelos das axilas e buço com cera quente. \nDuração do serviço: 30 a 45 minutos.', 'http://fastsalon.com.br/storage/20180130/30012018_DepilacaoAxilaBuo.jpg'),
(43, 4, 'Maquiagem', 1, '159.90', 60, 'Inclui desde a preparação da sua pele até a aplicação de cílios. Pedimos que lave bem o rosto antes da nossa artista chegar. Duração: 45 minutos á 1 hora.', 'http://fastsalon.com.br/storage/20180211/11022018_MaquiagemMaquiagem.jpg'),
(34, 16, 'Massagem Relaxante', 1, '110.00', 60, 'A massagem relaxante conta com movimentos suaves e rítmicos, proporcionando relaxamento de toda a musculatura, diminuição da dor e tensões. Duração: 1 hora.', 'http://fastsalon.com.br/storage/20180201/01022018_massagemrelaxante1.jpg'),
(35, 16, 'Massagem Redutora', 1, '149.90', 60, 'A massagem modeladora conta com movimentos mais fortes e profundos, proporcionando melhora na oxigenação dos tecidos, tonificação e redução de medidas. Duração: 1hora.', 'http://fastsalon.com.br/storage/20180201/01022018_drenagemredutora.jpeg'),
(59, 6, 'Corte Masculino & Barba', 1, '49.00', 60, 'O serviço inclui o corte do cabelo e barba (utilizando a maquina ou a tesoura, conforme a preferência do cliente) e a realização do pé do cabelo com a navalha. Todos os nossos artistas utilizam lâminas novas e são descartadas após o uso.', 'http://fastsalon.com.br/storage/20180227/27022018_CORTEBARBA.jpg'),
(61, 6, 'CORTE MASCULINO', 1, '45.00', 60, 'O serviço inclui o corte do cabelo  (utilizando a maquina ou a tesoura, conforme a preferência do cliente) e a realização do pé do cabelo com a navalha. Todos os nossos artistas utilizam lâminas novas e são descartadas após o uso.', 'http://fastsalon.com.br/storage/20180227/27022018_cortemasculino2.jpg'),
(62, 16, 'Massagem Desportiva', 1, '115.00', 60, 'Massagem que prepara e recupera a musculatura para quem pratica exercícios físicos, perfeita para prevenir lesões e aliviar dores pós treino.', 'http://fastsalon.com.br/storage/20180227/27022018_tiposdemassagem.jpg');

-- --------------------------------------------------------

--
-- Estrutura da tabela `verifica_disponibilidade`
--

CREATE TABLE `verifica_disponibilidade` (
  `idDisponibilidade` int(11) NOT NULL,
  `logradouro` varchar(45) DEFAULT NULL,
  `bairro` varchar(45) DEFAULT NULL,
  `cidade` varchar(45) DEFAULT NULL,
  `uf` varchar(45) DEFAULT NULL,
  `dia` varchar(45) DEFAULT NULL,
  `hora` varchar(45) DEFAULT NULL,
  `idServico` int(11) DEFAULT NULL,
  `lat` decimal(10,6) DEFAULT NULL,
  `lng` decimal(10,6) DEFAULT NULL,
  `data_solicitacao` datetime DEFAULT NULL
) ENGINE=InnoDB DEFAULT CHARSET=latin1;

--
-- Extraindo dados da tabela `verifica_disponibilidade`
--

INSERT INTO `verifica_disponibilidade` (`idDisponibilidade`, `logradouro`, `bairro`, `cidade`, `uf`, `dia`, `hora`, `idServico`, `lat`, `lng`, `data_solicitacao`) VALUES
(2, 'São Salvador', 'Liberdade', 'Salvador', 'BA', '12/01/2018', '14:00', 36, '-12.950963', '-38.492734', NULL),
(3, 'São Salvador', 'Liberdade', 'Salvador', 'BA', '12/01/2018', '14:00', 36, '-12.950963', '-38.492734', NULL),
(4, 'São Salvador', 'Liberdade', 'Salvador', 'BA', '30/01/2018', '7:00', 48, '-12.950963', '-38.492734', NULL),
(5, 'São Salvador', 'Liberdade', 'Salvador', 'BA', '30/01/2018', '8:30', 48, '-12.950963', '-38.492734', NULL),
(6, 'São Salvador', 'Liberdade', 'Salvador', 'BA', '30/01/2018', '10:00', 48, '-12.950963', '-38.492734', NULL),
(7, 'São Salvador', 'Liberdade', 'Salvador', 'BA', '30/01/2018', '10:00', 48, '-12.950963', '-38.492734', NULL),
(8, 'São Salvador', 'Liberdade', 'Salvador', 'BA', '30/01/2018', '10:00', 48, '-12.950963', '-38.492734', NULL),
(9, 'São Salvador', 'Liberdade', 'Salvador', 'BA', '30/01/2018', '10:00', 48, '-12.950963', '-38.492734', NULL),
(10, 'São Salvador', 'Liberdade', 'Salvador', 'BA', '30/01/2018', '7:00', 48, '-12.950963', '-38.492734', NULL),
(11, 'São Salvador', 'Liberdade', 'Salvador', 'BA', '30/01/2018', '7:00', 48, '-12.950963', '-38.492734', NULL),
(12, 'São Salvador', 'Liberdade', 'Salvador', 'BA', '30/01/2018', '8:00', 48, '-12.950963', '-38.492734', NULL),
(13, 'São Salvador', 'Liberdade', 'Salvador', 'BA', '30/01/2018', '7:00', 54, '-12.950963', '-38.492734', NULL),
(14, 'São Salvador', 'Liberdade', 'Salvador', 'BA', '30/01/2018', '7:00', 54, '-12.950963', '-38.492734', NULL),
(15, 'São Salvador', 'Liberdade', 'Salvador', 'BA', '30/01/2018', '7:00', 54, '-12.950963', '-38.492734', NULL),
(16, 'São Salvador', 'Liberdade', 'Salvador', 'BA', '30/01/2018', '7:00', 54, '-12.950963', '-38.492734', NULL),
(17, 'São Salvador', 'Liberdade', 'Salvador', 'BA', '30/01/2018', '7:00', 54, '-12.950963', '-38.492734', NULL),
(18, 'São Salvador', 'Liberdade', 'Salvador', 'BA', '30/01/2018', '9:00', 54, '-12.950963', '-38.492734', NULL),
(19, 'São Salvador', 'Liberdade', 'Salvador', 'BA', '30/01/2018', '9:00', 54, '-12.950963', '-38.492734', NULL),
(20, 'São Salvador', 'Liberdade', 'Salvador', 'BA', '01/02/2018', '7:00', 54, '-12.950963', '-38.492734', NULL),
(21, 'São Salvador', 'Liberdade', 'Salvador', 'BA', '02/02/2018', '7:00', 54, '-12.950963', '-38.492734', NULL),
(22, 'São Salvador', 'Liberdade', 'Salvador', 'BA', '03/02/2018', '7:00', 54, '-12.950963', '-38.492734', NULL),
(23, 'São Salvador', 'Liberdade', 'Salvador', 'BA', '30/01/2018', '7:00', 54, '-12.950963', '-38.492734', NULL),
(24, 'São Salvador', 'Liberdade', 'Salvador', 'BA', '31/01/2018', '7:00', 54, '-12.950963', '-38.492734', NULL),
(25, 'São Salvador', 'Liberdade', 'Salvador', 'BA', '02/02/2018', '7:00', 54, '-12.950963', '-38.492734', NULL),
(26, 'São Salvador', 'Liberdade', 'Salvador', 'BA', '03/02/2018', '7:00', 54, '-12.950963', '-38.492734', NULL),
(27, 'São Salvador', 'Liberdade', 'Salvador', 'BA', '03/02/2018', '7:00', 54, '-12.950963', '-38.492734', NULL),
(28, 'São Salvador', 'Liberdade', 'Salvador', 'BA', '31/01/2018', '7:00', 54, '-12.950963', '-38.492734', NULL),
(29, 'São Salvador', 'Liberdade', 'Salvador', 'BA', '31/01/2018', '7:00', 48, '-12.950963', '-38.492734', NULL),
(30, 'São Salvador', 'Liberdade', 'Salvador', 'BA', '01/02/2018', '7:00', 48, '-12.950963', '-38.492734', NULL),
(31, 'São Salvador', 'Liberdade', 'Salvador', 'BA', '31/01/2018', '7:00', 48, '-12.950963', '-38.492734', NULL),
(32, 'São Salvador', 'Liberdade', 'Salvador', 'BA', '02/02/2018', '7:00', 48, '-12.950963', '-38.492734', NULL),
(33, 'São Salvador', 'Liberdade', 'Salvador', 'BA', '03/02/2018', '7:00', 48, '-12.950963', '-38.492734', NULL),
(34, 'São Salvador', 'Liberdade', 'Salvador', 'BA', '31/01/2018', '7:00', 48, '-12.950963', '-38.492734', NULL),
(35, 'São Salvador', 'Liberdade', 'Salvador', 'BA', '01/02/2018', '7:00', 48, '-12.950963', '-38.492734', NULL),
(36, 'São Salvador', 'Liberdade', 'Salvador', 'BA', '01/02/2018', '8:00', 48, '-12.950963', '-38.492734', NULL),
(37, 'São Salvador', 'Liberdade', 'Salvador', 'BA', '01/02/2018', '7:00', 36, '-12.950963', '-38.492734', NULL),
(38, 'São Salvador', 'Liberdade', 'Salvador', 'BA', '02/02/2018', '7:00', 36, '-12.950963', '-38.492734', NULL),
(39, 'São Salvador', 'Liberdade', 'Salvador', 'BA', '03/02/2018', '7:00', 36, '-12.950963', '-38.492734', NULL),
(40, 'São Salvador', 'Liberdade', 'Salvador', 'BA', '31/01/2018', '7:00', 36, '-12.950963', '-38.492734', NULL),
(41, 'São Salvador', 'Liberdade', 'Salvador', 'BA', '30/01/2018', '7:00', 36, '-12.950963', '-38.492734', NULL),
(42, 'São Salvador', 'Liberdade', 'Salvador', 'BA', '02/02/2018', '8:30', 36, '-12.950963', '-38.492734', NULL),
(43, 'São Salvador', 'Liberdade', 'Salvador', 'BA', '31/01/2018', '7:00', 54, '-12.950963', '-38.492734', NULL),
(44, 'São Salvador', 'Liberdade', 'Salvador', 'BA', '31/01/2018', '7:00', 54, '-12.950963', '-38.492734', NULL),
(45, 'São Salvador', 'Liberdade', 'Salvador', 'BA', '03/02/2018', '7:00', 54, '-12.950963', '-38.492734', NULL),
(46, 'São Salvador', 'Liberdade', 'Salvador', 'BA', '01/02/2018', '7:00', 50, '-12.950963', '-38.492734', NULL),
(47, 'São Salvador', 'Liberdade', 'Salvador', 'BA', '01/02/2018', '8:00', 50, '-12.950963', '-38.492734', NULL),
(48, 'São Salvador', 'Liberdade', 'Salvador', 'BA', '31/01/2018', '9:00', 50, '-12.950963', '-38.492734', NULL),
(49, 'São Salvador', 'Liberdade', 'Salvador', 'BA', '03/02/2018', '9:00', 50, '-12.950963', '-38.492734', NULL),
(50, 'São Salvador', 'Liberdade', 'Salvador', 'BA', '03/02/2018', '7:30', 50, '-12.950963', '-38.492734', NULL),
(51, 'São Salvador', 'Liberdade', 'Salvador', 'BA', '02/02/2018', '7:00', 34, '-12.950963', '-38.492734', NULL),
(52, 'São Salvador', 'Liberdade', 'Salvador', 'BA', '03/02/2018', '7:00', 34, '-12.950963', '-38.492734', NULL),
(53, 'São Salvador', 'Liberdade', 'Salvador', 'BA', '05/02/2018', '7:00', 61, '-12.950963', '-38.492734', NULL),
(54, 'São Salvador', 'Liberdade', 'Salvador', 'BA', '06/02/2018', '21:00', 40, '-12.950963', '-38.492734', NULL),
(55, 'São Salvador', 'Liberdade', 'Salvador', 'BA', '09/02/2018', '7:00', 40, '-12.950963', '-38.492734', NULL),
(56, 'Celika Nogueira', 'Águas Claras', 'Salvador', 'BA', '10/02/2018', '7:00', 37, '-12.898050', '-38.438347', NULL),
(57, 'Celika Nogueira', 'Águas Claras', 'Salvador', 'BA', '11/02/2018', '7:00', 37, '-12.898050', '-38.438347', NULL),
(58, 'Celika Nogueira', 'Águas Claras', 'Salvador', 'BA', '11/02/2018', '11:00', 37, '-12.898050', '-38.438347', NULL),
(59, 'Cardeal da Silva', 'Paripe', 'Salvador', 'BA', '10/02/2018', '7:00', 37, '-12.837647', '-38.461689', NULL),
(60, 'São Salvador', 'Liberdade', 'Salvador', 'BA', '15/02/2018', '7:00', 40, '-12.950963', '-38.492734', NULL),
(61, 'Primeiro de Março', 'Centro', 'Rio de Janeiro', 'RJ', '16/02/2018', '7:00', 40, '-22.901308', '-43.176470', NULL),
(62, 'Doutor Hosannah de Oliveira', 'Itaigara', 'Salvador', 'BA', '25/02/2018', '14:30', 37, '-12.994001', '-38.473865', NULL),
(63, 'Doutor Hosannah de Oliveira', 'Itaigara', 'Salvador', 'BA', '26/02/2018', '7:00', 43, '-12.994001', '-38.473865', NULL),
(64, 'Doutor Hosannah de Oliveira', 'Itaigara', 'Salvador', 'BA', '26/02/2018', '8:30', 43, '-12.994001', '-38.473865', NULL),
(65, 'I', 'Stella Maris', 'Salvador', 'BA', '28/02/2018', '7:00', 37, '-12.939594', '-38.341599', NULL),
(66, 'I', 'Stella Maris', 'Salvador', 'BA', '01/03/2018', '9:00', 37, '-12.939594', '-38.341599', NULL),
(67, 'I', 'Stella Maris', 'Salvador', 'BA', '02/03/2018', '7:00', 37, '-12.939594', '-38.341599', NULL),
(68, 'I', 'Stella Maris', 'Salvador', 'BA', '03/03/2018', '7:00', 37, '-12.939594', '-38.341599', NULL),
(69, 'I', 'Stella Maris', 'Salvador', 'BA', '03/03/2018', '11:30', 37, '-12.939594', '-38.341599', NULL),
(70, 'I', 'Stella Maris', 'Salvador', 'BA', '04/03/2018', '12:00', 37, '-12.939594', '-38.341599', NULL),
(71, 'I', 'Stella Maris', 'Salvador', 'BA', '28/02/2018', '10:30', 37, '-12.939594', '-38.341599', NULL),
(72, 'I', 'Stella Maris', 'Salvador', 'BA', '01/03/2018', '7:00', 37, '-12.939594', '-38.341599', NULL),
(73, 'I', 'Stella Maris', 'Salvador', 'BA', '01/03/2018', '7:00', 37, '-12.939594', '-38.341599', NULL),
(74, 'I', 'Stella Maris', 'Salvador', 'BA', '28/02/2018', '7:00', 37, '-12.939594', '-38.341599', NULL),
(75, 'I', 'Stella Maris', 'Salvador', 'BA', '01/03/2018', '7:00', 37, '-12.939594', '-38.341599', NULL),
(76, 'I', 'Stella Maris', 'Salvador', 'BA', '02/03/2018', '7:00', 37, '-12.939594', '-38.341599', NULL),
(77, 'I', 'Stella Maris', 'Salvador', 'BA', '02/03/2018', '8:30', 37, '-12.939594', '-38.341599', NULL),
(78, 'São Salvador', 'Liberdade', 'Salvador', 'BA', '28/02/2018', '7:00', 37, '-12.950963', '-38.492734', NULL),
(79, 'São Salvador', 'Liberdade', 'Salvador', 'BA', '01/03/2018', '7:00', 37, '-12.950963', '-38.492734', NULL),
(80, 'São Salvador', 'Liberdade', 'Salvador', 'BA', '01/03/2018', '7:30', 37, '-12.950963', '-38.492734', NULL),
(81, 'da Alfazema', 'Caminho das Árvores', 'Salvador', 'BA', '03/03/2018', '10:00', 59, '-12.985732', '-38.463820', NULL),
(82, 'da Alfazema', 'Caminho das Árvores', 'Salvador', 'BA', '04/03/2018', '11:00', 59, '-12.985732', '-38.463820', NULL),
(83, 'da Alfazema', 'Caminho das Árvores', 'Salvador', 'BA', '02/03/2018', '7:00', 59, '-12.985732', '-38.463820', NULL),
(84, 'da Alfazema', 'Caminho das Árvores', 'Salvador', 'BA', '02/03/2018', '12:30', 59, '-12.985732', '-38.463820', NULL),
(85, 'Bombeiro Eliezer Alexandrino', 'Boca do Rio', 'Salvador', 'BA', '03/03/2018', '17:00', 61, '-12.970678', '-38.424737', NULL),
(86, 'Bombeiro Eliezer Alexandrino', 'Boca do Rio', 'Salvador', 'BA', '03/03/2018', '17:00', 61, '-12.970678', '-38.424737', NULL),
(87, 'Aluísio Azevedo', 'Santana', 'São Paulo', 'SP', '04/03/2018', '8:30', 37, '-23.498392', '-46.636392', NULL),
(88, 'Aluísio Azevedo', 'Santana', 'São Paulo', 'SP', '04/03/2018', '9:00', 37, '-23.498392', '-46.636392', NULL),
(89, 'Aluísio Azevedo', 'Santana', 'São Paulo', 'SP', '04/03/2018', '12:30', 37, '-23.498392', '-46.636392', NULL),
(90, 'Aluísio Azevedo', 'Santana', 'São Paulo', 'SP', '04/03/2018', '16:00', 37, '-23.498392', '-46.636392', NULL),
(91, 'Aluísio Azevedo', 'Santana', 'São Paulo', 'SP', '04/03/2018', '18:30', 37, '-23.498392', '-46.636392', NULL),
(92, 'Bombeiro Eliezer Alexandrino', 'Boca do Rio', 'Salvador', 'BA', '04/03/2018', '16:00', 61, '-12.970678', '-38.424737', NULL),
(93, 'Bombeiro Eliezer Alexandrino', 'Boca do Rio', 'Salvador', 'BA', '05/03/2018', '7:00', 61, '-12.970678', '-38.424737', NULL),
(94, 'Bombeiro Eliezer Alexandrino', 'Boca do Rio', 'Salvador', 'BA', '06/03/2018', '7:00', 61, '-12.970678', '-38.424737', NULL),
(95, 'Bombeiro Eliezer Alexandrino', 'Boca do Rio', 'Salvador', 'BA', '07/03/2018', '7:00', 61, '-12.970678', '-38.424737', NULL),
(96, 'Bombeiro Eliezer Alexandrino', 'Boca do Rio', 'Salvador', 'BA', '08/03/2018', '7:00', 61, '-12.970678', '-38.424737', NULL),
(97, 'Ana Ariane', 'Pirajá ', 'Salvador', 'BA', '07/03/2018', '20:00', 36, '-12.891500', '-38.448841', NULL),
(98, 'Bombeiro Eliezer Alexandrino', 'Boca do Rio', 'Salvador', 'BA', '05/03/2018', '15:00', 36, '-12.970678', '-38.424737', NULL),
(99, 'Bombeiro Eliezer Alexandrino', 'Boca do Rio', 'Salvador', 'BA', '05/03/2018', '15:00', 36, '-12.970678', '-38.424737', NULL),
(100, 'Bombeiro Eliezer Alexandrino', 'Boca do Rio', 'Salvador', 'BA', '05/03/2018', '15:00', 36, '-12.970678', '-38.424737', NULL),
(101, 'Bombeiro Eliezer Alexandrino', 'Boca do Rio', 'Salvador', 'BA', '05/03/2018', '15:00', 36, '-12.970678', '-38.424737', NULL),
(102, 'Bombeiro Eliezer Alexandrino', 'Boca do Rio', 'Salvador', 'BA', '05/03/2018', '15:30', 36, '-12.970678', '-38.424737', NULL),
(103, 'Bombeiro Eliezer Alexandrino', 'Boca do Rio', 'Salvador', 'BA', '05/03/2018', '15:30', 36, '-12.970678', '-38.424737', NULL),
(104, 'Professor Basil Sefton', 'Sarandi', 'Porto Alegre', 'RS', '11/03/2018', '13:30', 59, '-29.979697', '-51.131936', '2018-03-09 01:11:52'),
(105, 'Professor Basil Sefton', 'Sarandi', 'Porto Alegre', 'RS', '11/03/2018', '13:30', 59, '-29.979697', '-51.131936', '2018-03-09 01:11:56'),
(106, 'Professor Basil Sefton', 'Sarandi', 'Porto Alegre', 'RS', '12/03/2018', '7:00', 37, '-29.979697', '-51.131936', '2018-03-09 02:59:19'),
(107, 'Professor Basil Sefton', 'Sarandi', 'Porto Alegre', 'RS', '13/03/2018', '8:00', 37, '-29.979697', '-51.131936', '2018-03-09 02:59:25'),
(108, 'Professor Basil Sefton', 'Sarandi', 'Porto Alegre', 'RS', '09/03/2018', '7:00', 37, '-29.979697', '-51.131936', '2018-03-09 02:59:28'),
(109, 'Professor Basil Sefton', 'Sarandi', 'Porto Alegre', 'RS', '10/03/2018', '7:00', 37, '-29.979697', '-51.131936', '2018-03-09 02:59:31'),
(110, 'Professor Basil Sefton', 'Sarandi', 'Porto Alegre', 'RS', '11/03/2018', '7:00', 37, '-29.979697', '-51.131936', '2018-03-09 02:59:34'),
(111, 'Professor Basil Sefton', 'Sarandi', 'Porto Alegre', 'RS', '12/03/2018', '7:00', 37, '-29.979697', '-51.131936', '2018-03-09 02:59:37'),
(112, 'São Salvador', 'Liberdade', 'Salvador', 'BA', '12/03/2018', '7:00', 37, '-12.950963', '-38.492734', '2018-03-11 18:06:59'),
(113, 'São Salvador', 'Liberdade', 'Salvador', 'BA', '13/03/2018', '7:00', 37, '-12.950963', '-38.492734', '2018-03-11 18:07:02'),
(114, 'São Salvador', 'Liberdade', 'Salvador', 'BA', '12/03/2018', '8:00', 37, '-12.950963', '-38.492734', '2018-03-11 18:07:12'),
(115, 'Domingos Menezes', 'Vila Libanesa', 'São Paulo', 'SP', '12/03/2018', '14:00', 39, '-23.506670', '-46.506480', '2018-03-11 22:11:40'),
(116, 'Domingos Menezes', 'Vila Libanesa', 'São Paulo', 'SP', '14/03/2018', '21:30', 48, '-23.506670', '-46.506480', '2018-03-11 23:09:50'),
(117, 'Rua Uberaba', 'São Paulo', 'Barreiras', 'BA', '14/03/2018', '11:30', 34, '-12.160030', '-45.001669', '2018-03-11 23:10:49'),
(118, 'Isa Lostraco', 'Jardim Planalto', 'Goiânia', 'GO', '16/03/2018', '15:30', 37, '-16.717105', '-49.301436', '2018-03-12 14:24:37'),
(119, 'Jânio Quadros', 'Amaralina', 'Salvador', 'BA', '17/03/2018', '12:00', 50, '-13.011097', '-38.470637', '2018-03-13 16:12:44'),
(120, 'Jânio Quadros', 'Amaralina', 'Salvador', 'BA', '17/03/2018', '9:00', 50, '-13.011097', '-38.470637', '2018-03-13 16:12:52'),
(121, 'Jânio Quadros', 'Amaralina', 'Salvador', 'BA', '17/03/2018', '19:00', 50, '-13.011097', '-38.470637', '2018-03-13 16:12:58'),
(122, 'Jânio Quadros', 'Amaralina', 'Salvador', 'BA', '17/03/2018', '9:00', 50, '-13.011097', '-38.470637', '2018-03-13 16:13:02'),
(123, 'Jânio Quadros', 'Amaralina', 'Salvador', 'BA', '16/03/2018', '10:00', 50, '-13.011097', '-38.470637', '2018-03-13 16:13:08'),
(124, 'Jânio Quadros', 'Amaralina', 'Salvador', 'BA', '16/03/2018', '8:30', 50, '-13.011097', '-38.470637', '2018-03-13 16:13:11'),
(125, 'do Saboo', 'Jardim Barbosa', 'Guarulhos', 'SP', '16/03/2018', '12:00', 37, '-23.466122', '-46.522405', '2018-03-15 12:21:48'),
(126, 'Setúbal', 'Coutos', 'Salvador', 'BA', '30/03/2018', '11:00', 39, '-12.852956', '-38.474538', '2018-03-26 12:43:02'),
(127, 'Setúbal', 'Coutos', 'Salvador', 'BA', '26/03/2018', '16:00', 39, '-12.852956', '-38.474538', '2018-03-26 12:43:18'),
(128, 'Prediliano Pitta', 'Garcia', 'Salvador', 'BA', '01/04/2018', '15:00', 40, '-12.992881', '-38.511111', '2018-03-28 12:53:39'),
(129, 'Setúbal', 'Coutos', 'Salvador', 'BA', '31/03/2018', '7:00', 36, '-12.852956', '-38.474538', '2018-03-29 11:19:42'),
(130, 'Alto da Bela Vista', 'Vila Rui Barbosa', 'Salvador', 'BA', '31/03/2018', '7:00', 48, '-12.931090', '-38.498171', '2018-03-29 13:19:55'),
(131, 'Marechal Floriano', 'Canela', 'Salvador', 'BA', '02/04/2018', '15:00', 61, '-12.993096', '-38.523364', '2018-03-30 22:49:40'),
(132, 'Marechal Floriano', 'Canela', 'Salvador', 'BA', '02/04/2018', '15:00', 61, '-12.993096', '-38.523364', '2018-03-30 22:49:49'),
(133, 'Marechal Floriano', 'Canela', 'Salvador', 'BA', '02/04/2018', '17:30', 61, '-12.993096', '-38.523364', '2018-03-30 22:49:58'),
(134, 'Marechal Floriano', 'Canela', 'Salvador', 'BA', '03/04/2018', '15:00', 61, '-12.993096', '-38.523364', '2018-03-30 22:50:01'),
(135, 'Marquês de Itu', 'Vila Buarque', 'São Paulo', 'SP', '02/04/2018', '7:00', 40, '-23.543763', '-46.649729', '2018-04-01 21:54:55'),
(136, 'São Salvador', 'Liberdade', 'Salvador', 'BA', '10/04/2018', '13:30', 37, '-12.950963', '-38.492734', '2018-04-10 11:42:58'),
(137, 'Guaipá', 'Vila Leopoldina', 'São Paulo', 'SP', '19/04/2018', '18:30', 48, '-23.521233', '-46.730122', '2018-04-16 17:35:18'),
(138, 'Guaipá', 'Vila Leopoldina', 'São Paulo', 'SP', '19/04/2018', '18:00', 48, '-23.521233', '-46.730122', '2018-04-16 18:35:05'),
(139, 'Anita Ferraz', 'Sé', 'São Paulo', 'SP', '18/04/2018', '19:00', 36, '-23.554642', '-46.631092', '2018-04-18 16:52:04'),
(140, 'Bombeiro Eliezer Alexandrino', 'Boca do Rio', 'Salvador', 'BA', '03/05/2018', '20:30', 37, '-12.970678', '-38.424737', '2018-05-03 17:01:02'),
(141, 'Bombeiro Eliezer Alexandrino', 'Boca do Rio', 'Salvador', 'BA', '03/05/2018', '21:00', 37, '-12.970678', '-38.424737', '2018-05-03 17:01:13'),
(142, 'Bombeiro Eliezer Alexandrino', 'Boca do Rio', 'Salvador', 'BA', '03/05/2018', '21:30', 37, '-12.970678', '-38.424737', '2018-05-03 17:01:17'),
(143, 'Bombeiro Eliezer Alexandrino', 'Boca do Rio', 'Salvador', 'BA', '03/05/2018', '20:30', 37, '-12.970678', '-38.424737', '2018-05-03 17:01:28'),
(144, 'Alphaville ', 'Alphaville I ', 'Salvador', 'BA', '05/05/2018', '9:30', 37, '-12.940527', '-38.402469', '2018-05-05 01:08:06'),
(145, 'Alphaville ', 'Alphaville I ', 'Salvador', 'BA', '05/05/2018', '10:00', 37, '-12.940527', '-38.402469', '2018-05-05 01:08:18'),
(146, 'Alphaville ', 'Alphaville I ', 'Salvador', 'BA', '05/05/2018', '10:30', 37, '-12.940527', '-38.402469', '2018-05-05 01:08:23'),
(147, 'Alphaville ', 'Alphaville I ', 'Salvador', 'BA', '05/05/2018', '11:00', 37, '-12.940527', '-38.402469', '2018-05-05 01:08:27'),
(148, 'Alphaville ', 'Alphaville I ', 'Salvador', 'BA', '05/05/2018', '15:30', 37, '-12.940527', '-38.402469', '2018-05-05 12:13:10'),
(149, 'Alphaville ', 'Alphaville I ', 'Salvador', 'BA', '05/05/2018', '13:00', 37, '-12.940527', '-38.402469', '2018-05-05 12:13:15'),
(150, 'Alphaville ', 'Alphaville I ', 'Salvador', 'BA', '06/05/2018', '9:30', 37, '-12.940527', '-38.402469', '2018-05-05 12:13:23'),
(151, 'Alphaville ', 'Alphaville I ', 'Salvador', 'BA', '05/05/2018', '17:30', 39, '-12.940527', '-38.402469', '2018-05-05 12:14:20'),
(152, 'Santa Maria Goretti', 'Vila Laura', 'Salvador', 'BA', '06/05/2018', '9:00', 37, '-12.971045', '-38.487171', '2018-05-05 22:44:55'),
(153, 'Santa Maria Goretti', 'Vila Laura', 'Salvador', 'BA', '06/05/2018', '10:30', 37, '-12.971045', '-38.487171', '2018-05-05 22:45:10'),
(154, 'Santa Maria Goretti', 'Vila Laura', 'Salvador', 'BA', '06/05/2018', '15:00', 37, '-12.971045', '-38.487171', '2018-05-05 22:45:17'),
(155, 'Santa Maria Goretti', 'Vila Laura', 'Salvador', 'BA', '07/05/2018', '19:30', 37, '-12.971045', '-38.487171', '2018-05-05 22:45:27'),
(156, 'Santa Maria Goretti', 'Vila Laura', 'Salvador', 'BA', '07/05/2018', '20:00', 37, '-12.971045', '-38.487171', '2018-05-05 22:45:41'),
(157, 'Waldemar Falcão', 'Horto Florestal ', 'Salvador', 'BA', '19/05/2018', '12:00', 59, '-13.001436', '-38.489412', '2018-05-17 14:49:43'),
(158, 'Gorgônio José de Araújo, 23 ', 'Centro ', 'Santo Antônio de Jesus', 'BA', '30/05/2018', '16:00', 36, '-12.967008', '-39.264351', '2018-05-26 16:40:40'),
(159, 'Gorgônio José de Araújo, 23 ', 'Centro ', 'Santo Antônio de Jesus', 'BA', '29/05/2018', '11:00', 36, '-12.967008', '-39.264351', '2018-05-26 16:40:45'),
(160, 'Gorgônio José de Araújo, 23 ', 'Centro ', 'Santo Antônio de Jesus', 'BA', '28/05/2018', '7:00', 36, '-12.967008', '-39.264351', '2018-05-26 16:40:52'),
(161, 'Gorgônio José de Araújo, 23 ', 'Centro ', 'Santo Antônio de Jesus', 'BA', '30/05/2018', '19:00', 36, '-12.967008', '-39.264351', '2018-05-26 16:41:43'),
(162, 'Gorgônio José de Araújo, 23 ', 'Centro ', 'Santo Antônio de Jesus', 'BA', '30/05/2018', '19:00', 36, '-12.967008', '-39.264351', '2018-05-26 16:41:58'),
(163, 'Gorgônio José de Araújo, 23 ', 'Centro ', 'Santo Antônio de Jesus', 'BA', '30/05/2018', '15:30', 36, '-12.967008', '-39.264351', '2018-05-26 16:42:07'),
(164, 'Gorgônio José de Araújo', 'Centro', 'Santo Antônio de Jesus', 'BA', '30/05/2018', '17:00', 36, '-12.967008', '-39.264351', '2018-05-26 16:42:45'),
(165, 'Presidente Vargas', 'Centro', 'Rio de Janeiro', 'RJ', '27/05/2018', '12:00', 40, '-22.904008', '-43.187380', '2018-05-26 17:46:04'),
(166, 'GO-070 ', 'Fazenda São Domingos ', 'Goiânia', 'GO', '30/05/2018', '17:30', 37, '-16.597128', '-49.371538', '2018-05-29 20:58:41'),
(167, 'GO-070 ', 'Fazenda São Domingos ', 'Goiânia', 'GO', '30/05/2018', '13:30', 37, '-16.597128', '-49.371538', '2018-05-29 20:58:46'),
(168, 'GO-070 ', 'Fazenda São Domingos ', 'Goiânia', 'GO', '30/05/2018', '10:00', 37, '-16.597128', '-49.371538', '2018-05-29 20:58:52'),
(169, 'Paradiso', 'Pituba', 'Salvador', 'BA', '07/06/2018', '19:30', 39, '-13.001963', '-38.460952', '2018-06-07 16:07:42'),
(170, 'Luís Viana - lado par', 'Alphaville I ', 'Salvador', 'BA', '14/06/2018', '21:30', 37, '-12.937825', '-38.402348', '2018-06-10 15:31:39'),
(171, 'Luís Viana - lado par', 'Alphaville I ', 'Salvador', 'BA', '10/06/2018', '20:00', 37, '-12.937825', '-38.402348', '2018-06-10 15:31:46'),
(172, 'Luís Viana - lado par', 'Alphaville I ', 'Salvador', 'BA', '11/06/2018', '7:00', 37, '-12.937825', '-38.402348', '2018-06-10 15:31:48'),
(173, 'Luís Viana - lado par', 'Alphaville I ', 'Salvador', 'BA', '10/06/2018', '19:00', 37, '-12.937825', '-38.402348', '2018-06-10 15:31:51'),
(174, 'Luís Viana - lado par', 'Alphaville I ', 'Salvador', 'BA', '12/06/2018', '7:00', 37, '-12.937825', '-38.402348', '2018-06-10 15:31:54'),
(175, 'Luís Viana - lado par', 'Alphaville I ', 'Salvador', 'BA', '13/06/2018', '7:00', 37, '-12.937825', '-38.402348', '2018-06-10 15:31:57'),
(176, 'Luís Viana - lado par', 'Alphaville I ', 'Salvador', 'BA', '14/06/2018', '7:00', 37, '-12.937825', '-38.402348', '2018-06-10 15:32:00'),
(177, 'Luís Viana - lado par', 'Alphaville I ', 'Salvador', 'BA', '14/06/2018', '7:00', 37, '-12.937825', '-38.402348', '2018-06-10 15:32:01'),
(178, 'Greenfeld', 'Barra', 'Salvador', 'BA', '22/06/2018', '10:00', 61, '-13.007042', '-38.527482', '2018-06-21 12:09:47'),
(179, 'Doutora Aparecida Fernandes de Jesus Domingue', 'Jardim Petrópolis ', 'Cotia', 'SP', '25/06/2018', '16:00', 37, '-23.615868', '-46.926704', '2018-06-24 23:37:06'),
(180, 'Doutora Aparecida Fernandes de Jesus Domingue', 'Jardim Petrópolis ', 'Cotia', 'SP', '25/06/2018', '13:30', 37, '-23.615868', '-46.926704', '2018-06-24 23:37:14'),
(181, 'Doutora Aparecida Fernandes de Jesus Domingue', 'Jardim Petrópolis ', 'Cotia', 'SP', '27/06/2018', '13:00', 37, '-23.615868', '-46.926704', '2018-06-24 23:37:20'),
(182, 'Antônio Cardoso Pereira', 'Jardim Monte Alegre', 'São Paulo', 'SP', '25/06/2018', '15:00', 37, '-23.586149', '-46.772072', '2018-06-24 23:37:52'),
(183, 'Antônio Cardoso Pereira', 'Jardim Monte Alegre', 'São Paulo', 'SP', '25/06/2018', '18:00', 37, '-23.586149', '-46.772072', '2018-06-24 23:37:56'),
(184, 'Laguna', NULL, 'Laguna', 'SC', '27/06/2018', '9:30', 36, '-28.474835', '-48.783754', '2018-06-25 22:18:03'),
(185, 'Laguna', NULL, 'Laguna', 'SC', '27/06/2018', '13:30', 36, '-28.474835', '-48.783754', '2018-06-25 22:18:08'),
(186, 'Laguna', NULL, 'Laguna', 'SC', '28/06/2018', '9:30', 36, '-28.474835', '-48.783754', '2018-06-25 22:18:38'),
(187, 'Coronel Cabral', 'Centro', 'Tubarão', 'SC', '27/06/2018', '9:30', 36, '-28.474293', '-49.013311', '2018-06-25 22:20:25'),
(188, 'Coronel Cabral', 'Centro', 'Tubarão', 'SC', '29/06/2018', '7:00', 36, '-28.474293', '-49.013311', '2018-06-25 22:20:31'),
(189, 'Coronel Cabral', 'Centro', 'Tubarão', 'SC', '29/06/2018', '9:30', 36, '-28.474293', '-49.013311', '2018-06-25 22:20:33'),
(190, '19 de Agosto', 'Jardim Maria Estela', 'São Paulo', 'SP', '27/06/2018', '9:00', 36, '-23.629831', '-46.618297', '2018-06-25 22:21:27'),
(191, 'da Graviola', 'Novo Horizonte ', 'Salvador', 'BA', '28/06/2018', '8:30', 36, '-12.938174', '-38.438007', '2018-06-25 22:22:59'),
(192, 'da Graviola', 'Novo Horizonte ', 'Salvador', 'BA', '27/06/2018', '10:00', 36, '-12.938174', '-38.438007', '2018-06-25 22:23:14'),
(193, 'Graúna', 'Brás de Pina', 'Rio de Janeiro', 'RJ', '29/06/2018', '7:00', 45, '-22.826152', '-43.283898', '2018-06-28 21:58:04'),
(194, 'Graúna', 'Brás de Pina', 'Rio de Janeiro', 'RJ', '03/07/2018', '7:00', 45, '-22.826152', '-43.283898', '2018-06-28 21:58:11'),
(195, 'Graúna', 'Brás de Pina', 'Rio de Janeiro', 'RJ', '03/07/2018', '10:30', 40, '-22.826152', '-43.283898', '2018-06-28 21:59:01'),
(196, 'Barão do Amazonas', 'Petrópolis', 'Porto Alegre', 'RS', '30/06/2018', '11:00', 59, '-30.047761', '-51.185959', '2018-06-29 01:29:56'),
(197, 'Barão do Amazonas', 'Petrópolis', 'Porto Alegre', 'RS', '30/06/2018', '15:00', 59, '-30.047761', '-51.185959', '2018-06-29 01:30:02'),
(198, 'Caiovaá', 'Sumaré', 'São Paulo', 'SP', '02/07/2018', '20:00', 37, '-23.542341', '-46.686399', '2018-07-01 17:11:11'),
(199, 'Caiovaá', 'Sumaré', 'São Paulo', 'SP', '02/07/2018', '19:30', 37, '-23.542341', '-46.686399', '2018-07-01 17:11:20'),
(200, 'Caiovaá', 'Sumaré', 'São Paulo', 'SP', '02/07/2018', '20:30', 37, '-23.542341', '-46.686399', '2018-07-01 17:11:27'),
(201, 'Caiovaá', 'Sumaré', 'São Paulo', 'SP', '03/07/2018', '20:00', 37, '-23.542341', '-46.686399', '2018-07-01 17:11:34'),
(202, 'Caiovaá', 'Sumaré', 'São Paulo', 'SP', '03/07/2018', '20:30', 37, '-23.542341', '-46.686399', '2018-07-01 17:11:42'),
(203, 'Caiovaá', 'Sumaré', 'São Paulo', 'SP', '03/07/2018', '13:30', 37, '-23.542341', '-46.686399', '2018-07-01 17:11:45'),
(204, 'Afonso Celso', 'Vila Mariana', 'São Paulo', 'SP', '03/07/2018', '9:30', 36, '-23.599060', '-46.634862', '2018-07-02 00:01:27'),
(205, 'Afonso Celso', 'Vila Mariana', 'São Paulo', 'SP', '03/07/2018', '10:00', 36, '-23.599060', '-46.634862', '2018-07-02 00:01:36'),
(206, 'Afonso Celso', 'Vila Mariana', 'São Paulo', 'SP', '03/07/2018', '12:30', 36, '-23.599060', '-46.634862', '2018-07-02 00:01:40'),
(207, 'Afonso Celso', 'Vila Mariana', 'São Paulo', 'SP', '03/07/2018', '16:00', 36, '-23.599060', '-46.634862', '2018-07-02 00:01:44'),
(208, 'AC Vila Formosa, Rua Ouricuri, 447', 'Vila Formosa', 'São Paulo', 'SP', '03/07/2018', '7:00', 42, '-23.569261', '-46.539047', '2018-07-02 13:16:03'),
(209, 'AC Vila Formosa, Rua Ouricuri, 447', 'Vila Formosa', 'São Paulo', 'SP', '03/07/2018', '10:00', 42, '-23.569261', '-46.539047', '2018-07-02 13:16:10'),
(210, 'Caiovaá', 'Sumaré', 'São Paulo', 'SP', '04/07/2018', '19:00', 37, '-23.542341', '-46.686399', '2018-07-02 21:54:28'),
(211, 'Caiovaá', 'Sumaré', 'São Paulo', 'SP', '04/07/2018', '10:00', 37, '-23.542341', '-46.686399', '2018-07-02 21:54:33'),
(212, 'Dezessete', 'Jardim Califórnia', 'Sorocaba', 'SP', '06/07/2018', '17:00', 37, '-23.487098', '-47.511604', '2018-07-03 23:13:16'),
(213, 'Dezessete', 'Jardim Califórnia', 'Sorocaba', 'SP', '06/07/2018', '12:00', 37, '-23.487098', '-47.511604', '2018-07-03 23:13:23'),
(214, 'Dezessete', 'Jardim Califórnia', 'Sorocaba', 'SP', '06/07/2018', '9:00', 37, '-23.487098', '-47.511604', '2018-07-03 23:13:28'),
(215, 'Cardeal da Silva', 'Federação', 'Salvador', 'BA', '05/07/2018', '18:30', 61, '-12.999312', '-38.503729', '2018-07-05 12:10:10'),
(216, 'Cardeal da Silva', 'Federação', 'Salvador', 'BA', '05/07/2018', '18:00', 61, '-12.999312', '-38.503729', '2018-07-05 12:10:24'),
(217, 'Cardeal da Silva', 'Federação', 'Salvador', 'BA', '06/07/2018', '9:30', 61, '-12.999312', '-38.503729', '2018-07-05 12:10:43'),
(218, 'Cardeal da Silva', 'Federação', 'Salvador', 'BA', '06/07/2018', '9:00', 61, '-12.999312', '-38.503729', '2018-07-05 12:10:48'),
(219, 'Dois ', 'Parque Nações Unidas ', 'São Paulo', 'SP', '09/07/2018', '16:00', 37, '-23.445334', '-46.734190', '2018-07-08 15:22:50'),
(220, 'Cardeal da Silva', 'Federação', 'Salvador', 'BA', '10/07/2018', '10:00', 61, '-12.999312', '-38.503729', '2018-07-09 17:31:11'),
(221, 'Cardeal da Silva', 'Federação', 'Salvador', 'BA', '10/07/2018', '10:00', 61, '-12.999312', '-38.503729', '2018-07-09 17:31:26'),
(222, 'Cardeal da Silva', 'Federação', 'Salvador', 'BA', '10/07/2018', '15:00', 61, '-12.999312', '-38.503729', '2018-07-10 11:40:53'),
(223, 'Cardeal da Silva', 'Federação', 'Salvador', 'BA', '10/07/2018', '15:30', 61, '-12.999312', '-38.503729', '2018-07-10 11:41:05'),
(224, 'São Salvador', 'Liberdade', 'Salvador', 'BA', '25/07/2018', '17:30', 61, '-12.950963', '-38.492734', '2018-07-25 11:36:15'),
(225, 'Sete de Setembro', 'Centro', 'Porto Alegre', 'RS', '31/07/2018', '7:00', 42, '-30.030267', '-51.233306', '2018-07-30 00:04:12'),
(226, 'Sete de Setembro', 'Centro', 'Porto Alegre', 'RS', '01/08/2018', '7:00', 42, '-30.030267', '-51.233306', '2018-07-30 00:04:18'),
(227, 'Sete de Setembro', 'Centro', 'Porto Alegre', 'RS', '02/08/2018', '7:00', 42, '-30.030267', '-51.233306', '2018-07-30 00:04:20'),
(228, 'Sete de Setembro', 'Centro', 'Porto Alegre', 'RS', '01/08/2018', '7:00', 61, '-30.030267', '-51.233306', '2018-07-30 00:05:16');

--
-- Indexes for dumped tables
--

--
-- Indexes for table `admins`
--
ALTER TABLE `admins`
  ADD PRIMARY KEY (`idAdmin`);

--
-- Indexes for table `agendamento`
--
ALTER TABLE `agendamento`
  ADD PRIMARY KEY (`idAgendamento`),
  ADD KEY `agendamento_FKIndex1` (`idCliente`),
  ADD KEY `agendamento_FKIndex2` (`idProfissional`),
  ADD KEY `agendamento_FKIndex3` (`idServico`);

--
-- Indexes for table `auth_token`
--
ALTER TABLE `auth_token`
  ADD PRIMARY KEY (`idauth_token`);

--
-- Indexes for table `bairros`
--
ALTER TABLE `bairros`
  ADD PRIMARY KEY (`idBairro`),
  ADD KEY `bairros_FKIndex1` (`idProfissional`);

--
-- Indexes for table `bank`
--
ALTER TABLE `bank`
  ADD PRIMARY KEY (`idBank`);

--
-- Indexes for table `banners`
--
ALTER TABLE `banners`
  ADD PRIMARY KEY (`idBanner`);

--
-- Indexes for table `categorias`
--
ALTER TABLE `categorias`
  ADD PRIMARY KEY (`idCategoria`);

--
-- Indexes for table `clientes`
--
ALTER TABLE `clientes`
  ADD PRIMARY KEY (`idCliente`);

--
-- Indexes for table `clientescartoes`
--
ALTER TABLE `clientescartoes`
  ADD PRIMARY KEY (`idCartoes`),
  ADD KEY `clientesCarts_FKInde2` (`idCliente`);

--
-- Indexes for table `cliente_device`
--
ALTER TABLE `cliente_device`
  ADD PRIMARY KEY (`idcliente_device`);

--
-- Indexes for table `conteudos`
--
ALTER TABLE `conteudos`
  ADD PRIMARY KEY (`idConteudo`);

--
-- Indexes for table `coordenadas`
--
ALTER TABLE `coordenadas`
  ADD PRIMARY KEY (`idCoordenada`),
  ADD KEY `coordenadas_FKIndex1` (`idProfissional`);

--
-- Indexes for table `cupons`
--
ALTER TABLE `cupons`
  ADD PRIMARY KEY (`idCupom`);

--
-- Indexes for table `dias`
--
ALTER TABLE `dias`
  ADD PRIMARY KEY (`idDia`),
  ADD KEY `dias_FKIndex1` (`idProfissional`);

--
-- Indexes for table `faixaexperiencia`
--
ALTER TABLE `faixaexperiencia`
  ADD PRIMARY KEY (`idFaixaExperiencia`),
  ADD KEY `faixaExperiencia_FKIndex1` (`idProfissional`);

--
-- Indexes for table `observacoes`
--
ALTER TABLE `observacoes`
  ADD PRIMARY KEY (`idObservacao`),
  ADD KEY `observacoes_FKIndex1` (`idAgendamento`);

--
-- Indexes for table `profissionais`
--
ALTER TABLE `profissionais`
  ADD PRIMARY KEY (`idProfissional`);

--
-- Indexes for table `profissionais_servicos`
--
ALTER TABLE `profissionais_servicos`
  ADD PRIMARY KEY (`id_profissional_servico`),
  ADD KEY `profissionais_servicos_FKIndex1` (`idProfissional`),
  ADD KEY `profissionais_servicos_FKIndex2` (`idServico`);

--
-- Indexes for table `profissional_device`
--
ALTER TABLE `profissional_device`
  ADD PRIMARY KEY (`idprofissionalDevice`);

--
-- Indexes for table `servicos`
--
ALTER TABLE `servicos`
  ADD PRIMARY KEY (`idServico`),
  ADD KEY `servicos_FKIndex1` (`idCategoria`);

--
-- Indexes for table `verifica_disponibilidade`
--
ALTER TABLE `verifica_disponibilidade`
  ADD PRIMARY KEY (`idDisponibilidade`);

--
-- AUTO_INCREMENT for dumped tables
--

--
-- AUTO_INCREMENT for table `admins`
--
ALTER TABLE `admins`
  MODIFY `idAdmin` int(11) NOT NULL AUTO_INCREMENT, AUTO_INCREMENT=12;

--
-- AUTO_INCREMENT for table `agendamento`
--
ALTER TABLE `agendamento`
  MODIFY `idAgendamento` int(10) UNSIGNED NOT NULL AUTO_INCREMENT, AUTO_INCREMENT=407;

--
-- AUTO_INCREMENT for table `auth_token`
--
ALTER TABLE `auth_token`
  MODIFY `idauth_token` int(11) NOT NULL AUTO_INCREMENT, AUTO_INCREMENT=779;

--
-- AUTO_INCREMENT for table `bairros`
--
ALTER TABLE `bairros`
  MODIFY `idBairro` int(10) UNSIGNED NOT NULL AUTO_INCREMENT;

--
-- AUTO_INCREMENT for table `bank`
--
ALTER TABLE `bank`
  MODIFY `idBank` int(11) NOT NULL AUTO_INCREMENT, AUTO_INCREMENT=195;

--
-- AUTO_INCREMENT for table `banners`
--
ALTER TABLE `banners`
  MODIFY `idBanner` int(10) UNSIGNED NOT NULL AUTO_INCREMENT;

--
-- AUTO_INCREMENT for table `categorias`
--
ALTER TABLE `categorias`
  MODIFY `idCategoria` int(10) UNSIGNED NOT NULL AUTO_INCREMENT, AUTO_INCREMENT=17;

--
-- AUTO_INCREMENT for table `clientes`
--
ALTER TABLE `clientes`
  MODIFY `idCliente` int(10) UNSIGNED NOT NULL AUTO_INCREMENT, AUTO_INCREMENT=201;

--
-- AUTO_INCREMENT for table `clientescartoes`
--
ALTER TABLE `clientescartoes`
  MODIFY `idCartoes` int(10) UNSIGNED NOT NULL AUTO_INCREMENT;

--
-- AUTO_INCREMENT for table `cliente_device`
--
ALTER TABLE `cliente_device`
  MODIFY `idcliente_device` int(11) NOT NULL AUTO_INCREMENT, AUTO_INCREMENT=275;

--
-- AUTO_INCREMENT for table `conteudos`
--
ALTER TABLE `conteudos`
  MODIFY `idConteudo` int(10) UNSIGNED NOT NULL AUTO_INCREMENT, AUTO_INCREMENT=84;

--
-- AUTO_INCREMENT for table `coordenadas`
--
ALTER TABLE `coordenadas`
  MODIFY `idCoordenada` int(10) UNSIGNED NOT NULL AUTO_INCREMENT, AUTO_INCREMENT=1981;

--
-- AUTO_INCREMENT for table `cupons`
--
ALTER TABLE `cupons`
  MODIFY `idCupom` int(10) UNSIGNED NOT NULL AUTO_INCREMENT, AUTO_INCREMENT=76;

--
-- AUTO_INCREMENT for table `dias`
--
ALTER TABLE `dias`
  MODIFY `idDia` int(10) UNSIGNED NOT NULL AUTO_INCREMENT, AUTO_INCREMENT=1509;

--
-- AUTO_INCREMENT for table `faixaexperiencia`
--
ALTER TABLE `faixaexperiencia`
  MODIFY `idFaixaExperiencia` int(10) UNSIGNED NOT NULL AUTO_INCREMENT;

--
-- AUTO_INCREMENT for table `observacoes`
--
ALTER TABLE `observacoes`
  MODIFY `idObservacao` int(10) UNSIGNED NOT NULL AUTO_INCREMENT, AUTO_INCREMENT=75;

--
-- AUTO_INCREMENT for table `profissionais`
--
ALTER TABLE `profissionais`
  MODIFY `idProfissional` int(10) UNSIGNED NOT NULL AUTO_INCREMENT, AUTO_INCREMENT=246;

--
-- AUTO_INCREMENT for table `profissionais_servicos`
--
ALTER TABLE `profissionais_servicos`
  MODIFY `id_profissional_servico` int(10) UNSIGNED NOT NULL AUTO_INCREMENT, AUTO_INCREMENT=1763;

--
-- AUTO_INCREMENT for table `profissional_device`
--
ALTER TABLE `profissional_device`
  MODIFY `idprofissionalDevice` int(10) UNSIGNED NOT NULL AUTO_INCREMENT, AUTO_INCREMENT=342;

--
-- AUTO_INCREMENT for table `servicos`
--
ALTER TABLE `servicos`
  MODIFY `idServico` int(10) UNSIGNED NOT NULL AUTO_INCREMENT, AUTO_INCREMENT=63;

--
-- AUTO_INCREMENT for table `verifica_disponibilidade`
--
ALTER TABLE `verifica_disponibilidade`
  MODIFY `idDisponibilidade` int(11) NOT NULL AUTO_INCREMENT, AUTO_INCREMENT=229;
COMMIT;

/*!40101 SET CHARACTER_SET_CLIENT=@OLD_CHARACTER_SET_CLIENT */;
/*!40101 SET CHARACTER_SET_RESULTS=@OLD_CHARACTER_SET_RESULTS */;
/*!40101 SET COLLATION_CONNECTION=@OLD_COLLATION_CONNECTION */;
